customer_id,feedback,source,timestamp,category
A Google user,Seamless.,5.113.1,2020-09-12T03:32:35Z,5
A Google user,Apps easy to use...,5.97.0,2020-05-21T18:18:08Z,5
A Google user,Order grab taxi tau2 driver minta cancel. ditanya knp harus cancel tp alasannya ga jelas. ga profesional bgt sih !!,v4.0.4,2016-04-15T12:51:27Z,1
A Google user,i cant create the account to use this app..please fix it!!!,4.32.1,2018-08-30T00:58:15Z,1
A Google user,"ga tau salah apa ga bisa login dan suruh hubungin pusat,makin hari mqkin jelek grab ini. lebih baik gojek banyak promo juga,batal dikit ga kena suspen custnya.",,2019-05-31T23:48:20Z,1
A Google user,Need improvement,,2019-07-17T17:59:40Z,5
A Google user,Fast Delivery and Food are packed properly.. Food taste good,5.258.0,2023-06-30T04:53:00Z,5
A Google user,very convinient,5.49.0,2019-06-19T02:37:38Z,5
A Google user,Good,5.103.0,2020-10-19T10:57:27Z,5
A Google user,It's good so far. Hoping pwd services such as ordering food too can be experienced here.,5.211.0,2022-07-28T08:40:31Z,4
A Google user,PERFECT,4.23.0,2017-04-02T16:28:23Z,5
A Google user,OK,5.43.0,2019-07-31T03:30:45Z,1
A Google user,Ang bagal po nang service.ninyo... abot na mahigit 30 minuts kaka book..walang mg aacept nanng booking ang aarte nang driver.,5.199.0,2022-05-05T04:23:37Z,2
A Google user,App ngu. Otp nhập đúng rồi cứ báo sai. Đợi gần hết 30s mới nhận đc sms otp. Ko thể đăng ký hay đăng nhập đc.,5.20.0,2018-11-24T07:45:05Z,1
A Google user,Good job,,2019-06-09T02:18:22Z,5
A Google user,Why grab mostly need update ?,5.121.0,2021-03-25T03:41:31Z,2
A Google user,Nice app,5.107.0,2020-08-03T02:14:54Z,5
A Google user,Very responsible and friendly drive who have given us clear briefing on Grab's service.,5.209.0,2022-07-15T02:34:53Z,5
A Google user,hm lately its so expensive...,5.79.0,2020-01-22T23:48:30Z,2
A Google user,"Hr ini bawa barang Agak banyak, and driver no complain,,,nice work guys",4.2.1,2016-05-02T13:47:00Z,5
A Google user,definitely helpful,5.43.0,2019-05-20T06:00:45Z,5
A Google user,such a nice nd friendly person,5.211.0,2022-08-11T13:14:30Z,5
A Google user,B R I L L I A N T.....thats all i can say.,v2.5.5,2014-06-27T15:04:37Z,5
A Google user,ok,5.36.3,2019-03-23T14:01:33Z,5
A Google user,Excellent,5.55.1,2019-09-15T00:16:17Z,5
A Google user,I like app. grab is really great so very helpful app,5.52.1,2019-07-10T12:54:20Z,5
A Google user,nice service..,5.55.1,2019-07-29T15:47:14Z,5
A Google user,Bad application!!!! Lots of errors,4.29.1,2017-08-16T10:35:45Z,2
A Google user,Nice,,2018-07-18T03:22:13Z,4
A Google user,Nice Apps,5.44.0,2019-05-31T11:29:12Z,5
A Google user,Helpfull & easy to chat with driver,,2018-02-27T11:41:09Z,5
A Google user,"This app will try to find drivers and then when they cant find them,it will just leave us with 'there are no available drivers at the moment'.. Its really frustrating when you are rushing to find a grab car and then have to wait more than an hour trying to book and still cant get any grabcars.",4.42.1,2018-01-16T13:02:28Z,1
A Google user,Love this app. Drivers are courteous and on time,v4.0.4,2016-05-22T06:38:13Z,4
A Google user,Perlu bgt dan membantu,5.142.0,2021-04-16T09:38:44Z,5
A Google user,good,5.147.0,2021-05-20T02:33:21Z,5
A Google user,"Love this App, thanks Grab",5.64.0,2019-10-13T09:10:44Z,5
A Google user,is a good n better service..,5.176.0,2021-11-25T05:02:10Z,5
A Google user,Good service,5.133.0,2021-02-01T01:44:10Z,5
A Google user,Very Accurate and Fast.,,2019-07-01T09:43:26Z,5
A Google user,very good service,5.212.0,2022-08-11T02:30:19Z,5
A Google user,Its a cutting edge app with a great interface UI UX. my primary app for transport and payments backed by a stellar rewards program. It could be a little more customer friendly in policies as well as have better app launch timea,5.52.1,2019-07-14T17:11:47Z,5
A Google user,nice spps,5.210.0,2022-07-24T09:17:16Z,5
A Google user,My stored credit card information are all gone for no reason,4.43.1,2018-07-10T05:14:44Z,2
A Google user,"Dear grab, Why I cant use it ? Everytime I want to start use it. It always error",,2018-10-22T01:02:37Z,1
A Google user,"napakabilis Ng mga rider and mababait pahh, 🤗🤗🤗🤗",5.184.0,2022-01-16T05:14:18Z,5
A Google user,"you missed the opportunity to name it ""grab supperapp"" lmao",5.194.0,2022-03-30T05:46:28Z,5
A Google user,nice promos,5.24.1,2019-02-22T05:07:04Z,5
A Google user,I am feel safe& comfort,5.79.0,2020-01-25T08:53:25Z,5
A Google user,.bettry good. grap,4.49.1,2018-04-22T10:37:04Z,5
A Google user,When requesting a code it takes 1 hour to recieve the code. What the!,5.214.0,2022-08-19T10:22:15Z,1
A Google user,What the hell... The worst app and service... There were so many drivers near and around my place... Nobody accept my booking... Im have been waited so long...,5.64.0,2019-10-29T13:33:36Z,1
A Google user,I really happy with grab car service,4.12.0,2016-10-31T09:59:18Z,5
A Google user,"Driver behavior, using rules to mark no show traveler and charge traveler account",5.255.0,2023-06-17T12:41:47Z,1
A Google user,This app so okey to me,,2019-10-18T09:53:21Z,5
A Google user,Very helpfull apps.,4.37.0,2017-10-12T02:25:18Z,5
A Google user,it looks like indriver take over...maybe driver feels like benefit on the new app..hope grab can make a comeback .. whenever I take a grab...my driver will lost to my destination..it's make me frustrated... open indriver..my driver arrive at the time..,5.227.0,2022-11-22T00:39:58Z,3
A Google user,Driver nya cancel mlulu.. pas akhirnya dapet.. mau ke daerah ganjil genap plat nya salah.. pake ovo ktnya harga promo di charge harga original tanpa promo.. bikin stress,5.03.2,2018-08-01T05:21:38Z,1
A Google user,Splendid!,5.155.1,2021-09-29T13:33:11Z,5
A Google user,Not everyone has a good amount of memory on their phone. You can't force people to update your app because it use up space too,,2020-08-12T02:52:39Z,3
A Google user,"In description ""update 34 mb"" but actually ""gosh, 130 mb dude.."" More space, but less of quality..",5.92.0,2020-04-20T19:11:38Z,1
A Google user,good apps,5.45.0,2019-05-22T07:53:56Z,4
A Google user,Simple to use,4.17.0,2017-01-17T14:52:44Z,5
A Google user,Người ta hủy chuyến chưa đầy 2 giây sau khi đăng ký mà tăng giá mấy chục ngàn.,5.116.0,2020-10-05T05:38:23Z,1
A Google user,"not worth driver time for these low fares ,all drivers mantainnance going up the roof and getting 4.50 jobs ...better look for another job",,2023-08-24T14:36:45Z,1
A Google user,Mohon utk grab bikenya ditambah lagi yaaa,v2.7.3,2015-06-09T16:22:22Z,5
A Google user,nice,5.45.1,2019-05-17T04:55:26Z,5
A Google user,Useful,5.69.1,2019-11-06T02:37:25Z,5
A Google user,baagus,5.247.0,2023-04-20T12:51:29Z,5
A Google user,ok laa,,2020-05-29T23:13:33Z,5
A Google user,very poor reception,5.50.0,2019-07-31T02:24:45Z,1
A Google user,Ms,4.14.1,2017-01-05T21:13:56Z,5
A Google user,Great,,2021-06-30T06:59:23Z,5
A Google user,Horrendous customer service. If something goes wrong don't expect any answers.,5.112.0,2020-09-04T11:22:18Z,1
A Google user,Luv it.,4.23.1,2017-03-20T20:57:21Z,5
A Google user,The excellent app. Hope it can be added up some other services to help users more.,5.71.0,2019-11-17T09:55:30Z,5
A Google user,Overall good,5.272.0,2023-09-26T10:34:35Z,5
A Google user,"aku lebih pilih gojek drpd grab, soalnya grab aplikasinya keluar mulu.. mau order ini app nya tibatiba keluar sendiri dan itu berulanh kali sampe ga bisa ngorder",5.217.0,2022-09-06T15:43:07Z,1
A Google user,"Iklan nyodok trus d tiap game, sue ni iklan",,2017-08-13T14:36:54Z,1
A Google user,Very poor,,2018-12-10T22:37:31Z,1
A Google user,not good!!! why do you need to charge RM26 or punish the dirver for turing back the house??? if the passenger forgot to take something that is very important and the grab cant turn back ???,,2019-03-29T07:34:39Z,1
A Google user,Awesome. Thank you grab,4.33.2,2017-08-21T06:14:32Z,5
A Google user,"Yesterday I've just update it but when I opened this app, it won't open. Unfortunetly grab has stopped. Please fix it asap.",,2017-08-22T03:27:30Z,3
A Google user,Good and fast,5.101.0,2020-08-01T12:08:51Z,5
A Google user,Helpful and easy to use,,2020-01-03T21:39:00Z,5
A Google user,Offline navivation can be improved,4.26.0,2017-04-24T08:20:04Z,5
A Google user,assalamualikum encik hp dalm kerta da tngal,5.227.0,2022-11-19T16:49:31Z,1
A Google user,Why my apps suddenly can't use?,5.82.0,2020-02-02T16:30:08Z,1
A Google user,"The app itself is okay. It's simple. Just a suggestion,maybe you can add a feature like ""Favorite Driver"" or Favorite GrabCar, for example if you really like the service of that driver, you can just book him instead of a random booking.",v3.7.3,2016-03-01T02:14:50Z,3
A Google user,Excelent,5.72.0,2019-11-28T02:42:51Z,5
A Google user,'Google play services are still updating' has been showing up on my app since last Wednesday and despite my attempts to reinstall the app and reset my google map settings nothing works. Disappointed. Have to keep asking strangers to help me book rides as I am currently situated overseas.,4.50.1,2018-05-14T02:19:43Z,1
A Google user,can't verify using selfie and debit card got rejected.,5.37.1,2019-04-03T05:01:16Z,1
A Google user,Professional and helpful,5.49.0,2019-06-18T10:12:00Z,5
A Google user,"App yg sangat membantu, promo2 ditambah lagi min ☺",5.99.0,2020-06-02T01:52:18Z,5
A Google user,good!,,2019-04-16T10:56:12Z,5
A Google user,I like this,5.39.1,2019-06-12T19:22:36Z,5
A Google user,Mau ngisi pulsa loading ga kelar2,5.244.0,2023-03-14T04:32:23Z,1
A Google user,asal nk scan2 muka bagai .. dh laa susah ... aku berejam nk tnggu muka kena scan ..,5.65.0,2019-10-12T12:05:28Z,1
A Google user,Awesome,,2021-10-20T21:42:58Z,5
A Google user,Hanya minta wang dikembalikan sebab duit terlebih masuk je kena suspend permanent..,5.203.0,2022-06-02T09:57:50Z,1
A Google user,great service.,5.261.0,2023-07-09T14:57:28Z,5
A Google user,"better apps than other,never encountered any problem with grab.",5.239.0,2023-02-06T07:49:15Z,5
A Google user,Made my crazy life a lil more convenient.,5.52.1,2019-07-06T04:58:28Z,5
A Google user,Mantabbb,4.37.0,2017-10-19T02:19:53Z,5
A Google user,dumb malaysia,,2021-04-30T09:23:12Z,1
A Google user,Grab food payment method is empty cnt resolve,5.40.1,2020-04-02T02:34:43Z,1
A Google user,"super cheap, and just necessary in Vietnam getting around",5.49.0,2019-06-12T06:56:10Z,5
A Google user,Grab is safely,4.47.1,2018-03-28T06:17:04Z,5
A Google user,supperb,4.48.1,2018-04-09T21:44:29Z,5
A Google user,"Why I can't use my promo code? Every time i try to use it, it always said that the promo has been expired but actually its not expired yet. Thats really disappointing",,2018-11-06T08:42:53Z,4
A Google user,Klo mau buka notifikasi kenapa suka susah ya? Padahal sinyal kenceng,4.45.0,2019-06-23T11:49:47Z,5
A Google user,good...,5.35.0,2019-05-15T14:27:43Z,5
A Google user,Mapsnya terkadang sering keliru,5.11.0,2018-09-22T11:51:19Z,4
A Google user,nice app well done,5.57.0,2019-08-18T08:20:53Z,5
A Google user,Rdds,5.57.0,2020-02-01T05:38:18Z,5
A Google user,very good apps,5.50.0,2019-06-28T11:16:37Z,5
A Google user,Makanan kt sni smua sdp,5.214.0,2023-09-01T07:58:35Z,5
A Google user,"Setiap saya mengorder taxi grab, driversnya selalu sibuk. Pantas bintang 1 untuk aplikasi ini.",5.172.0,2021-10-29T02:55:43Z,1
A Google user,Lifesaver!!,5.131.0,2021-01-15T08:05:06Z,5
A Google user,Great App . Intuitive,5.117.0,2020-10-08T11:10:37Z,5
A Google user,Very good,5.82.0,2020-03-01T12:02:40Z,5
A Google user,"hey , With a Indian mobile number , i am not able to register for the app to use in Singapore. Kindly let me know the way to do so.",5.30.1,2019-02-09T14:04:58Z,1
A Google user,"I was under the impression that this app was created for the benefit of the riding public. It is the exact opposite; it even has affected the taxi population of my city. They are no longer lining up in queues at malls, instead they hide on alleys so they can choose passengers. As a result, there are numerous stranded commuters. Also, if you happen to use this app and your destination is undesirable, then no driver will take you. I do hope our franchise board bans this app. It's doing more harm than benefit.",v2.7.3,2015-06-27T13:46:57Z,2
A Google user,I use it a lot for my work and it's so convenient.,4.9.0,2016-09-15T07:38:56Z,5
A Google user,very good!!!,5.65.0,2020-02-28T09:22:58Z,4
A Google user,Realy help,5.59.0,2019-09-05T09:30:08Z,5
A Google user,Inaccurate positioning of pick up location. Facing it just now.,5.60.0,2019-09-16T21:38:20Z,3
A Google user,Cannot add credit card. Keep crashing.,,2017-11-12T11:14:13Z,1
A Google user,"Saya harap app Grab bisa ada masukin pasword sebelum membuka, atau sebelum membyr seperti Shopee. Beberapa kali kepencet, tiba2 makanan datang tanpa saya pesan. Emang bukan error di appsnya, tp alangkah bgs jika app ini dilengkapi pasword.",5.183.0,2022-02-04T17:07:01Z,3
A Google user,"Untuk tampilan barunya, lag di sana sini. Barusan pesan grab food history nya malah tidak bisa terbuka, padahal harus chat dgn driver untuk patokan ketemu. Sinyal jg tadi baik2 aja. Jadi menyusahkan utk saya dan driver.",5.00.1,2018-07-09T14:13:16Z,3
A Google user,The location function needs improvement. I can't put the pin at my exact location. It always jumps to the nearest restaurant which caused the Grab driver to arrive at the wrong place.,5.91.2,2020-04-13T11:04:27Z,2
A Google user,"Lots of bad driver, with bad politeness. Most of the times, the driver asked me to wait so i waited for 5-10 minutes, just to get the driver's message to cancel the order. And their resaons are very similar which is very suspicious (out of gas, tires leaking). One time, a driver called me angryly and asked me to cancel because the destination are too far away, also saying that he is too busy to go there. Atleast the grab rewards system take cash for the point system",4.11.0,2017-10-06T10:25:04Z,2
A Google user,"Very unreliable for one main reason: it allows drivers to accept from absurdly far away, and while they're still dropping off passengers. Half of my rides see me waiting 15-20mins for the driver to reach me, at which point I might as well have taken public transportation for the same travel time without the costs. Don't bother using it if you're late for an appointment.",4.53.1,2018-06-19T00:13:32Z,1
A Google user,Convenient,5.54.2,2019-07-24T05:42:22Z,5
A Google user,So far my Grab experience have been smooth and swift.,5.159.0,2021-07-25T02:11:52Z,5
A Google user,"I can't open this application..... ""grabtaxi has stopped""",,2015-12-20T00:16:34Z,2
A Google user,"Tried for 45 minutes at LRT glenmarie, in the end my wife has to pick me up. I missed the time when Taxi used to wait at LRT station, I don't mind paying double because I'm in a hurry. Next time I'll just used my bike, cheaper.",4.53.1,2018-06-12T10:21:21Z,2
A Google user,I cant use grabfood promo after upragding the app. I can't even report the error to the help center.,5.01.0,2018-07-18T10:32:15Z,2
A Google user,Best service,5.52.1,2019-07-26T09:08:02Z,5
A Google user,"I'm the regular grab user and i must say the latest update is horrible, i can't even book my ride bc the apps keep restarting and forced close. Pls fix asap.",5.126.0,2021-02-18T03:49:41Z,5
A Google user,best taxi apps,5.44.0,2019-05-23T05:54:41Z,5
A Google user,No commment,4.49.1,2018-04-27T02:14:23Z,1
A Google user,"The only thing that always stress me out is its complain features. It always took me more than 10mins to only find the right category (which most cases, never find the right one). So many categories and sub-categories with long sentences. While we cannot simply email their CS and explain our situation. That's why I use Gojek and Uber (at that time) more often due to I can reach out their CS and solve my problem with far lesser effort.",5.41.0,2019-06-15T12:40:33Z,3
A Google user,"The best and basic apps we must have in this, today 's world standard",5.35.0,2019-03-09T05:49:24Z,5
A Google user,pelayanan nya baik sekali driver ini.. mantap,5.253.0,2023-07-06T14:32:33Z,5
A Google user,Infinitely better than the classic Taxi!,5.68.0,2019-10-29T08:09:12Z,5
A Google user,Used the app and paid by credit card for a taxi ride. Grab double charged by charging both fare and toll charges (same as actual fare amount). Emailed on 18th Dec 2016 and called on 19th Dec 2016. There is 0 response from Grab regarding this double charging incident until today (30th Dec 2016). Do becareful if you are paying by credit card for convenience. Be wary of Grab platform for credit card payments.,4.17.0,2016-12-30T09:41:39Z,1
A Google user,I rather used last app. Newest update is confusing,5.06.0,2018-08-21T15:53:49Z,2
A Google user,Hirap mag cash in through gcash. Hindi pa ma associate BPi account ko. bwisit,5.232.0,2022-12-22T16:30:39Z,2
A Google user,Grabpay for Grabfood please.,5.153.0,2021-06-17T10:33:21Z,5
A Google user,Fantastic,5.261.0,2023-08-03T03:30:03Z,5
A Google user,Terbaik,5.137.0,2021-03-08T19:57:04Z,5
A Google user,It's Very Not Yes apl,5.58.1,2019-08-28T20:24:36Z,2
A Google user,excellent service!,5.28.0,2019-04-09T12:18:08Z,5
A Google user,this app make my life so easy,4.19.1,2017-02-28T01:09:15Z,5
A Google user,Unable to chat rider at apps,5.190.0,2022-03-08T05:31:47Z,1
A Google user,"Please, fix the pin point of the address! They aren't accurate anymore.",5.201.0,2022-05-18T05:08:21Z,2
A Google user,Fast delivery and reliable. Riders are very polite and friendly. I'm glad that the delivery fee now is cheaper than before. Keep it up Grab Team .. More power,5.132.0,2021-03-26T05:44:43Z,5
A Google user,really satisfied,5.164.0,2021-08-31T04:05:16Z,5
A Google user,i dont understand ehy i can't transfer my balance to my ewallet ..,5.200.0,2022-05-14T17:40:17Z,5
A Google user,Farha suka farha suka!!!,4.27.2,2017-06-05T05:44:13Z,5
A Google user,king of transport,5.47.1,2019-06-07T00:08:00Z,5
A Google user,gimana ya udah saban kapan tahu map error mulu. terus mau laporin masalah kemana email support ga bisa. nb: email supportnya jangan ditampilkan lagi ya ga guna :),5.78.0,2020-01-17T11:17:43Z,4
A Google user,Keep it up!,4.11.0,2016-10-19T05:55:40Z,5
A Google user,good app,4.20.0,2017-04-27T11:53:24Z,5
A Google user,Why always with error..... I install and uninstalled. Bec there are always with error with google map. Pls fix,5.106.0,2020-12-26T05:06:21Z,1
A Google user,"ใช้งานยาก โดยเฉพาะเมนูจองรถล่วงหน้า หายากมาก Difficult to use, especially advance booking menu is very difficult to find and confusing.",5.57.0,2019-08-20T15:38:58Z,2
A Google user,"sebagai pengguna tetap, saya merasa kecewa karena belakangan ini kode promo yang saya dapatkan tidak bisa digunakan. tolong diperbaiki untuk ke depannya. terima kasih.",5.44.0,2019-05-27T09:49:06Z,4
A Google user,Stupid app did not end my last trip so now I cannot book my new trip. Please fix it!!!,4.33.2,2017-08-19T04:03:01Z,1
A Google user,the response is really fast,5.50.0,2019-06-27T05:41:58Z,5
A Google user,Cool,,2017-03-07T12:43:57Z,5
A Google user,Changed grab hitch system. Very difficult and inconvenient to use.,5.137.0,2021-08-11T00:41:20Z,3
A Google user,"After the update, the app forces out of Hitch Driver mode every time Grab app is closed. It should like the past, stuck in Hitch Driver mode unless manually toggled back to Passenger mode. Also, Grab app currently doesn't support sliding-in from the left screen. User must click the hamburger button to access the side options. It's unintuitive especially on curved phones like S8 and S9",4.51.1,2018-05-25T08:22:21Z,3
A Google user,Problem with transfer grabpay to grabpay,,2022-03-29T03:34:54Z,1
A Google user,Highly recommended.,5.188.1,2022-02-22T16:38:21Z,5
A Google user,Hebat and keren,5.106.0,2020-07-25T05:27:36Z,5
A Google user,not much cars nowadays. the wait.,5.198.0,2022-04-26T23:56:52Z,3
A Google user,give promo every week can ?,,2018-05-05T00:50:53Z,4
A Google user,"They collect your information and use it like hell. Now if you want a ride, you need to do a selfie. How ridiculous is this?",5.184.0,2022-01-27T02:56:43Z,2
A Google user,Superb,5.75.0,2019-12-28T08:26:20Z,5
A Google user,good service,,2019-05-25T23:55:38Z,5
A Google user,Bad attitude rude drivers.,5.05.1,2018-08-20T05:24:03Z,1
A Google user,Kindly update all the filipino users to submit there id and gov. Identification number. Call them via videocall to verify. If they could not comply please denied them. Madami na pong scammer.,,2021-04-04T16:43:26Z,1
A Google user,Once open the apps.. It shows nothing.. Reinstall the apps.. Still not working.. Love the old ones.,5.24.1,2019-01-12T06:06:50Z,1
A Google user,"Hi Grab! The UI of this current application is good and its nice that you added some good feature too! Tapi tidak perlu blocking aplikasi yg belum di update yaa. Tadi saya lagi pesan dan udh dapat jadi tidak bisa digerakan dan ada pop up message minta saya update. Driver jd gabisa contact dan sy juga gabisa cancel. Its so troublesome for some part. Kalau memang HARUS update, bisa diberikan pop up message sebelum sy pesan ya. Thank you!",5.38.1,2019-03-30T07:17:13Z,4
A Google user,Drivers will accept the booking then all of a sudden will send a chat message asking us to cancel the booking for them. Happened today consecutively. Drivers have been doing this and still keep 5 stars rating on their profile!! And then drivers will fault us customers being difficult or cancelling on them. Unfair and waste of customer's time.,5.64.0,2020-06-12T09:23:15Z,1
A Google user,Bad,5.256.0,2023-06-27T04:58:20Z,1
A Google user,Awesome Grab Taxi,4.35.1,2017-09-09T15:34:33Z,5
A Google user,Why I have rejected payment ? Useless app . Fix it as soon as possible .,5.39.1,2019-04-06T17:51:39Z,1
A Google user,Gud,5.78.0,2020-01-15T02:14:33Z,5
A Google user,Very nice,5.51.0,2019-07-04T09:29:38Z,5
A Google user,Easy to use,5.59.0,2019-09-09T05:47:16Z,5
A Google user,Good apps,v3.4.1,2015-11-19T10:04:24Z,5
A Google user,It's always on NOW so I can't schedule a booking for my travel. Also please fix the payments for debit cards.,,2016-08-04T18:17:15Z,4
A Google user,Good very good wonderful,5.203.0,2022-06-23T16:25:53Z,5
A Google user,grade,,2019-07-01T06:59:20Z,5
A Google user,sangat membantu bangeeeet...,5.55.1,2019-07-31T05:39:47Z,5
A Google user,"Bad service,help center can't solve simple matter, make it worst",,2022-08-12T00:26:11Z,1
A Google user,Very convenient..two thumps,v3.2.0,2016-03-18T17:52:31Z,5
A Google user,"Best app, with chat app with driver",4.32.1,2017-08-08T21:23:22Z,5
A Google user,Trash,5.03.2,2018-07-29T07:46:09Z,1
A Google user,There is still room for improvement,5.75.0,2019-12-14T03:31:25Z,5
A Google user,"Good service system, life is much more easier.",5.63.0,2019-11-28T15:02:44Z,5
A Google user,Love,5.126.0,2020-12-13T13:42:46Z,5
A Google user,This is so helpful,4.17.0,2017-01-26T09:44:33Z,4
A Google user,Slow bugging app,5.48.1,2019-06-12T07:31:10Z,1
A Google user,"Nice, did the good job!",4.18.0,2017-01-30T11:58:34Z,5
A Google user,love grabgrabgrab,5.64.0,2019-09-30T12:50:58Z,5
A Google user,Best,4.14.1,2016-11-30T14:37:53Z,5
A Google user,awesome,,2019-06-19T11:29:35Z,5
A Google user,0the best,5.59.0,2019-09-04T09:52:21Z,5
A Google user,Service has been great and the fare reasonable.,5.89.0,2020-03-21T13:42:51Z,5
A Google user,I like Grab App,4.43.1,2018-02-06T11:52:22Z,5
A Google user,bagus,5.237.0,2023-01-26T02:37:49Z,5
A Google user,"You gave people rp.1 rupiah for subscription and most of them didn't realize it was a subscription and in the next month you charge em the real price of its subscription automatically, ripp off, it's not about value it's about why grab ripped people off no wonder grab stock plunges down.",5.190.0,2022-03-07T18:03:24Z,1
A Google user,So far it works with great real-life user experience.,5.47.1,2019-06-06T01:30:23Z,5
A Google user,Takes money and never returns if driver not found,5.231.0,2022-12-14T08:00:04Z,1
A Google user,Better.,5.202.0,2022-06-02T17:51:12Z,5
A Google user,Easy to use. Can pay by cash if you don't want to enter bank/card details.,5.72.0,2019-12-01T14:22:55Z,5
A Google user,"I've been trying few times to order grab food for myself( purposely top up for my grabpay) but end up ordered 3hrs for nth, and it's not like i can withdraw the money out also. r u serious GRAB? CAN'T EVEN PRESS CANCEL BUTTON ALSO! nw still waiting",5.107.0,2020-08-01T06:59:33Z,1
A Google user,No paypal support anymore.,,2018-06-13T12:03:00Z,1
A Google user,It easy for traveling with family,,2018-08-08T08:56:54Z,5
A Google user,I dont want take selfie.. Maybe its for safety.. But.. For me it is so inconvenient.. It give me a 2nd thought whether wanna use ur service or not.. Im a introvert.. Yea.. Sorry btw.. Just wanna tell u.. So far im good with grab but after the selfie in this new version.. I i.. I cannot,5.65.0,2019-10-12T14:06:22Z,3
A Google user,Hindi ko mareport sa Contact Grab ang experience na to. Yun pa ang minus points dito sa app na to. Ok naman grabfood service. GRABMART Booking ID A-2FB677HWWFL9 Naka scheduled delivery ako ng 17:35 na nabooo ko ng 15:30 Ang tagal kong hinintay tapos ICACANCEL LANG NG DRIVER tapos dahil don magrereorder ako. Nung magrereorder na ako ay for tomorrow morning na nakaschedule! Sana naman pag kinansel ng driver e no need na magreorder at irelay na lang sa ibang driver nakakainis eh!,5.159.0,2021-09-08T09:24:21Z,1
A Google user,The best,4.6.4,2016-07-10T06:33:53Z,5
A Google user,Some time no good,4.37.0,2017-10-19T04:10:35Z,3
A Google user,"service been improve alot, such as deliver time is better, apps inform the status of the food and delivery person come in between estimate time as well.",5.52.1,2019-07-11T11:45:51Z,5
A Google user,Mabilis at mabait po.,,2022-12-12T19:09:43Z,5
A Google user,FAK dis aplikasyen..i relogin n regist like 5 to 6 times and they sucked my text msg credit balanced and still cannot login.i prefer *GOJEK* instead.,4.21.1,2017-11-13T14:08:37Z,1
A Google user,"Mabait, magalang at malinis ang sasakyan. Kabisado ang pasikot sikot.",5.275.1,2023-10-19T00:55:29Z,5
A Google user,good service and helpful,5.39.1,2019-04-07T04:52:45Z,5
A Google user,Problem to download apps,5.110.0,2020-08-22T06:29:47Z,1
A Google user,"Saya platinum, tp tiap rame dan driver susah dicari malah lebih sulit dapet driver dibanding yg kelasnya di bawah platinum",,2020-02-03T11:44:11Z,1
A Google user,Great application..really make my life more easier,5.135.0,2021-02-11T02:10:39Z,5
A Google user,Grab,,2020-01-07T10:34:26Z,1
A Google user,Its a great app n great service from Grab n the drivers well mannered. Thank u,4.23.0,2017-03-23T15:12:27Z,5
A Google user,Great apps,4.40.1,2017-11-28T08:05:38Z,5
A Google user,So helpful,5.45.1,2019-06-05T16:16:22Z,5
A Google user,Easy to place order and arrive in time,5.64.0,2019-09-28T11:22:12Z,5
A Google user,Very hard to find a driver and always high fare due to demand what's your problem grab car? Can u fix this asap especially high fare thanks very much.,,2017-03-21T14:25:09Z,3
A Google user,Ok,5.176.0,2022-03-20T05:39:51Z,5
A Google user,"3 times redeem my reward with my point and all failed!!! i got notif that grab give me some voucher for food in ""my rewards"" but the voucher not appear",5.57.0,2019-08-15T12:58:31Z,1
A Google user,"Promo Code, Save us in Corona",5.110.0,2020-08-19T11:35:52Z,5
A Google user,I love it... Please give me more promo code...,4.46.2,2018-03-05T08:31:00Z,5
A Google user,Why my app doesn't have grab delivery anymore?,5.79.0,2020-01-13T12:31:56Z,3
A Google user,Dont gives ad i hate you,,2017-10-14T06:46:49Z,1
A Google user,"Been using this app almost everyday. Great GUI, easy to navigate as compared to other platforms, and grabpay point rewards are just great for me!",,2021-04-18T11:45:33Z,5
A Google user,Its ok.,5.54.2,2019-11-10T14:15:11Z,5
A Google user,Love grab,4.9.0,2017-03-17T14:11:19Z,5
A Google user,"I am unable to use the grabpay feature because I cannot confirm my identity. Grab has a limited list of ID's allowed to confirm my identity. I don't own any of the ID's in the list. I have a PRC ID, which is a very valid government ID, but wala naman sa listahan.",5.84.1,2020-03-31T08:23:10Z,3
A Google user,. yi,5.52.1,2019-09-25T02:11:16Z,5
A Google user,Unable to register. Will lag on register page,4.34.1,2017-08-27T06:46:38Z,2
A Google user,"once i give 1 star. but, 2 or 3 last update make me sure to give you 5 star.",5.36.3,2019-03-18T12:50:35Z,5
A Google user,Menyusahkan la app yg terbaru ni..myampah pulak nk guna... stress aq...iklan pun byk sgt..entah apa2 dah..,5.107.0,2020-07-29T10:10:44Z,1
A Google user,Helpful,4.44.1,2018-02-16T08:32:41Z,5
A Google user,Sudah mulai ada peningkatan dalam hal promo & discount. Pertahankan!!,5.59.0,2019-09-13T04:24:28Z,4
A Google user,Enak bgt pake grab,,2018-04-24T08:12:34Z,5
Gi****ma,You offered a great service and all but some people do fakebooking for fun and it's too unfair for ur employees. How about you put a feature that allows to take a actual selfie of the buyer before confirming the order so that if ever it gets fake booked you can still trace the one who ordered it and put a secondary confirmation to the buyer before taking the order so that they can't suddenly cancel it,,2020-05-12T15:07:03Z,5
A Google user,Just great app and services,,2016-11-23T06:31:46Z,5
A Google user,Its very nice app And it helps me a lot when i crave something,5.86.0,2020-03-02T06:29:06Z,5
A Google user,"exciting, enjoyable, feeling young and in trend",,2019-06-14T14:26:02Z,5
A Google user,"Horrible experience, whatever you do, make sure that the order you did is not cancelled or your money won't come back for 30 days... You'll be left hanging and you'll be left rectifying it yourself",5.243.0,2023-03-07T02:02:42Z,1
A Google user,Can't use cash during midnight then when I go and top up the grab wallet it say the payment method is unavailable also... so how do u guy from grab company expect people to go home and your customer service is also useless can't provide any support at all.,5.231.0,2022-12-12T18:53:10Z,1
A Google user,"This app becomes ridiculous every day, the price gets higher n higher, it keeps increase until God bless to get a chance to find driver and this driver cancel your ride",,2022-05-14T04:44:59Z,1
A Google user,Keep up the good work...!!!,5.142.0,2021-03-31T12:30:53Z,5
A Google user,Driver cancel order tanpa notif. Buat org menunggu saja,5.116.0,2020-09-27T07:07:07Z,1
A Google user,Nice app walapun routing nya kadang melenceh,5.65.0,2019-12-14T07:49:31Z,4
A Google user,Cukup bagus,,2019-10-09T00:24:40Z,4
A Google user,"Features are great but some are confusing especially the bad design of options such as self pick up which gets confusing when suggested along with the usual restaurant i order, update feature making the app unusable if not updated makes it inconvenient during emergencies like needing a lift during emergencies.",,2021-01-21T21:47:35Z,3
A Google user,clean and gooooooooooooooooooooooooooooooooooooooooooooooooooooooooooooooooooooooooooooooooooooooooooogooooooooooooooooooooooooooooooooooooooooooooooooooooooooooooooooooooooooooooooooooooooooooogooooooooooooooooooooooooooooooooooooooooooooooooooooooooooooooooooooooooooooooooooooooooooogooooooooooooooooooooooooooooooooooooooooooooooooooooooooooooooooooooooooooooooooooooooooooogooooooooooooooooooooooooooooooooooooooooooooooooooooooooooooooooooooooooooooooooooooooooooogoooooooooooooooooooooooooood,5.177.300,2021-12-16T08:43:34Z,5
A Google user,I hate my ride this night. Driver simply say I will pay RM 38 ..when I didnt saw anything in his meter rate. It olny takes 15 minutes ride but asked me more the amount I usually paying considering its not yet 12am... feeling disappointed !!,v2.7.3,2015-06-21T12:23:24Z,1
A Google user,easy to use,5.50.0,2019-06-23T03:25:31Z,4
A Google user,Bad app,5.03.2,2018-08-11T01:35:26Z,1
A Google user,Uninstalled. Affiliated to politic in Jakarta.,4.14.1,2016-11-17T07:15:44Z,1
A Google user,"Why don't you allow us to set up Grab (i.e., add credit card) before entering one of the countries where Grab operates? Going to the Philippines from Europe. Would be nice to be able to set it up completely in advance so that I can just grab a ride right away at the airport instead of waisting time setting it up.",5.205.0,2022-06-14T06:50:16Z,3
A Google user,"except grab food, everything is fine",5.21.0,2018-12-01T10:00:05Z,3
A Google user,it newly download but it keeps on pop-up the update reminder and when I click it theres no update!,5.36.3,2019-03-19T14:46:56Z,1
A Google user,i would give 5 star for the recent update but why take away the ability to send picture?would be a lot easier if that feautre kept,5.29.0,2019-02-02T06:22:27Z,3
A Google user,So far this app was really great but after i update it i cannot used it anymore.Please fix it!,4.45.1,2018-03-01T01:06:40Z,1
A Google user,"Grab should make the regular customer happy when they are using grab,.. The rate always become higher,.. From my 1st time i'm using grab the price is ok,.. After a month the price changed,.. I'm a grab regular customer,..",4.32.1,2017-08-02T10:17:33Z,5
A Google user,Nice apps,5.63.0,2019-11-25T13:05:48Z,5
A Google user,Satisfactory,,2020-06-01T00:26:37Z,4
A Google user,After Grab merged with Uber in Thailand all services are very bad and also stupid. I need Uber return to Thailand. Grab always kills any compettitor in the bad way. I sure that Thai people's gonna ignore Grab asap. Bye!,4.53.1,2018-06-14T17:58:14Z,1
A Google user,"Excellent Service, the best among the rest.",5.49.0,2019-07-03T05:20:53Z,5
A Google user,IT'S SO EXPENSIVE BRING UBER BACK,5.16.1,2018-10-31T08:36:01Z,1
A Google user,"as of now, best transport app.",5.50.0,2019-06-22T13:32:31Z,5
A Google user,love you,5.248.1,2023-04-11T08:34:41Z,5
A Google user,thank you grab stay safe and healthy god bless,5.104.0,2020-07-07T22:20:41Z,5
A Google user,Gps gak akurat,4.37.0,2017-10-23T05:09:13Z,5
A Google user,It's amazing,4.31.0,2017-07-27T02:28:15Z,5
A Google user,promooo terusss guyzzzz.. pokokny maknyus deh pake grab,5.48.1,2019-06-13T14:30:55Z,5
A Google user,Very good work,5.266.0,2023-08-21T07:57:40Z,5
A Google user,Why don't you state colour of car? My wife doesn't know a Saga from a Murcielago.,4.16.1,2016-12-22T17:06:35Z,4
A Google user,It is convenient and at the same time it is safe,5.79.0,2020-01-11T02:45:13Z,5
A Google user,pakibilis,,2021-11-19T06:29:32Z,5
A Google user,very nice,,2020-06-12T11:50:52Z,5
A Google user,Comfortable travel.,5.63.0,2019-09-26T09:59:19Z,5
A Google user,Wrong Location Pin,5.215.0,2022-08-25T12:59:02Z,1
A Google user,"great app, great service, great company!",,2022-05-12T12:18:44Z,5
A Google user,Is an app that helps a lot of people.,5.55.1,2019-08-08T13:43:49Z,5
A Google user,"Where is your standards now, Grab. Fares are the highest ever but so many of your rides are worse than taxi quality! Before, we could at least get a car which has a decent aircon and clean interior.",5.202.0,2022-05-30T04:03:07Z,2
A Google user,latest update could not find destinations in PH using all search engines.,v2.5.5,2014-06-06T10:01:10Z,1
A Google user,5 star,5.103.0,2020-07-11T11:44:30Z,5
A Google user,Bad experience currently grab pay keep rejecting payments even though top up already,5.99.0,2021-04-06T13:16:16Z,3
A Google user,"This motor driver with the name ""Mohammad miftahudi"" was trying to call my wife and disturb her, after we used grab. is grab safe in this way?",5.177.300,2021-12-05T17:07:38Z,1
A Google user,Lot's of interesting promo's. Keep these up. People need it.,5.44.0,2019-05-17T04:27:33Z,5
A Google user,good option transportation,5.47.1,2019-07-13T01:32:00Z,4
A Google user,"Your new map system sucks! Gak bisa detect alamat rumah, padahal di google maps aja ada. Udah capek2 nyeting dan ngesave pun, ujung2nya ilang lagi. Benerin woy, udah sekian lama gk ada perubahan",5.211.0,2022-07-28T02:40:01Z,1
A Google user,Good..,4.46.6,2019-02-04T06:49:30Z,5
A Google user,banyak promo,5.41.0,2019-05-18T10:34:45Z,5
A Google user,Grab inbest na mas Maaga mka uwe rider mo lalo mong binabawasan ung gems kada ride at pataas ng pataas pa ung gem para maka Kita,5.177.300,2021-12-29T13:26:39Z,1
A Google user,It was so absolutely cool. In just one click and the cab is on its way,4.43.1,2018-02-03T13:31:45Z,5
A Google user,Very usefull and helpfull,5.95.1,2020-07-21T05:10:19Z,5
A Google user,Your fare is getting higher and higher everyday,,2017-08-29T06:44:55Z,2
A Google user,Review your app!,,2018-10-02T22:20:01Z,1
A Google user,"Baru pukul 4pm dah takde driver untuk grabfood.Konon2 sebab ramadan.Ade ke orang buka pukul 4pm?Tak masuk akal.Sengaja nak charge lebih.Baik tutup je service food delivery korang ni.Dahlah mahal fees melampau,ade plak tax+small order fees.Kdg2 fees lagi mahal drpd food",5.145.0,2021-05-06T08:03:07Z,1
A Google user,the best apps..very helpful for my everyday living..thanks,4.38.3,2017-11-02T13:46:56Z,5
A Google user,complaint resolution should be closed whitin 24 hours,5.36.3,2019-03-24T08:42:09Z,5
A Google user,selalu sibuk drivernya gatau kenapa,4.41.0,2019-04-18T02:37:19Z,4
A Google user,Amazing,,2018-09-05T08:18:58Z,5
A Google user,"Terrible, price of the food on retail and grab has such a huge difference. Even with sst included its not the same. Vouchers are also a big rip off as to minimum required spending is so high. It should also benefit us customers rather than 1 sided to profit. I have been using since 2018 and its still terrible till now 2022.",5.190.0,2022-03-05T10:36:13Z,1
A Google user,Abutaleb,5.98.0,2020-06-07T07:55:57Z,5
A Google user,Not user friendly at all. Some obscure parts that cause confusion.,5.127.0,2021-01-20T12:34:48Z,1
A Google user,Bad experience,5.219.0,2022-09-24T10:50:33Z,1
A Google user,It doesn't work. Driver doesn't see my booking caused me to take more risk couldn't catch my filght.,5.33.0,2019-02-23T22:49:33Z,1
A Google user,Sip,4.14.1,2016-11-18T14:35:45Z,5
A Google user,Sangat membantu untuk saya yang tidak suka tawar menawar ongkos,4.9.0,2016-09-18T14:38:12Z,5
A Google user,Too expensive and sometimes being rude. Not a match with Uber and Go-Car.,5.110.0,2020-08-22T03:29:28Z,5
A Google user,This application very very helpull,5.76.0,2019-12-30T16:12:07Z,5
A Google user,very good condition,5.36.3,2019-03-29T14:55:55Z,5
A Google user,awesome service,,2019-08-30T15:27:43Z,5
A Google user,Good app,5.69.1,2019-11-13T05:17:53Z,5
A Google user,Sangat bagus dan banyak promo,4.14.1,2016-11-29T16:03:48Z,5
A Google user,"Akun disuspend tanpa alasan jelas, padahal tidak pernah melakukan hal-hal yang merugikan grab. Langsung uninstal. So bye...bye grab...balik gojek lagi dah.",5.261.0,2023-07-14T11:53:31Z,1
A Google user,o.k.,,2018-09-18T18:28:21Z,5
A Google user,Dengan grab sangat membantu pelayanan juga ramah,,2017-02-14T08:45:13Z,5
A Google user,pelayanannya jempolan,5.44.0,2019-05-17T11:37:52Z,5
A Google user,Excellent taxi service in Malaysia,5.59.0,2019-09-02T01:06:49Z,5
A Google user,Drivers can never find the address and do not really try. They just cancel,4.20.0,2017-03-04T00:11:04Z,1
A Google user,It's a great app but too pricey from before. I hope that the navigation system they used would allow customers to choose routes rather than automated.,5.59.0,2019-09-05T09:00:34Z,4
A Google user,Usefull,5.43.0,2019-06-12T05:03:02Z,5
A Google user,"The best talaga ang Grab, lalo na sa amin na mga seniors. Mababait ang mga drivers at magagalang. Thank you at sana dumami pa kayo! Grab clients since 2015.",4.29.1,2017-07-12T21:45:31Z,5
A Google user,Semoga kedepannya jadi lebih baik lagi.,5.59.0,2019-09-01T03:11:27Z,5
A Google user,good o.t,5.53.0,2019-07-20T05:14:17Z,5
A Google user,Okok,5.168.0,2022-01-14T04:44:33Z,5
A Google user,Really like it,4.3.0,2016-05-19T10:17:07Z,5
A Google user,WHY AM I GETTING A BLANK SCREEN WHEN I USE GRAB FINANCE!!!,5.250.1,2023-05-01T15:30:09Z,1
A Google user,kadang suka eror gpsnya...tidak pas dgn alamat yg dituju.,5.44.0,2019-05-20T03:56:33Z,4
A Google user,"WHY There's no option for cake deliveries in Muntinlupa area? .... I need to order cake,,,",5.99.0,2020-06-08T09:42:01Z,4
A Google user,Ayus,5.123.1,2020-11-21T12:05:59Z,5
A Google user,I like your system,5.72.0,2019-12-02T04:54:47Z,5
A Google user,App cant even book stuck on loading destination screen and point of origin. this is frustrating.,5.44.0,2019-05-15T06:58:11Z,1
A Google user,I am eager to be an Indonesia Grab Community,4.35.2,2017-09-23T03:10:12Z,5
A Google user,Bad experience during add on credit thru Online banking...,5.40.1,2019-05-30T23:21:11Z,4
A Google user,Fantastic app - must have in Ho Chi Minh.,4.53.1,2018-07-01T10:52:11Z,5
A Google user,Just improve,v4.0.4,2016-04-14T07:35:34Z,5
A Google user,#bubarkanpasukangrabfood,,2019-03-18T08:04:00Z,1
A Google user,Banyak fake driver,,2019-10-03T15:20:48Z,1
A Google user,Cannot open application on samsung s6,4.17.0,2017-01-05T03:28:52Z,1
A Google user,need more merchant in bandar saujana putra,5.50.0,2019-06-24T01:18:44Z,5
A Google user,great app!,,2022-04-11T19:58:52Z,5
A Google user,Grab food has lots of restos near my area and I get booked in seconds. I hope the minimum amount for platinum vouchers is lowered. The promos and % discounts are great motivator to order food.,5.117.0,2020-10-08T11:24:57Z,4
A Google user,I always like to travel on grab as it is safe and reliable when traveling on grab,,2022-04-02T06:37:41Z,5
A Google user,Long time of wait for booking. Some drivers cancel trips.,5.212.0,2022-08-05T12:34:19Z,1
A Google user,"I'm gold user, but i dont get enough promo code like what was said. everytime i fill the promo code, *the promo is full*. i hope grab, can fix it. because i always use this app's for get any rewards. thx.",5.66.1,2019-10-16T00:45:23Z,3
A Google user,helpful app. since we don't have uber in the PH anymore.,5.49.0,2019-06-17T20:55:28Z,5
A Google user,Good App,5.42.0,2019-05-20T06:05:07Z,5
A Google user,Love its...,4.16.1,2017-01-09T12:24:36Z,5
A Google user,I really love this Grab App very convenient to use & lots of freebies. Thank you Grab.,5.137.0,2021-03-01T10:37:44Z,5
A Google user,"Grab is really very good, no doubt about that. I appreciate that you keep bringing us updates giving more possibilities. But as a very important person and life expert, here are a few suggestions if you want to keep your audience : 1. lower your $ share of the fare, to make your prices more competitive (don't screw over drivers or they will leave you) 2. offer more interesting discounts especially with your reward system which's money-spent / rewarded-points ratio is completely ridiculous. Nobody can get excited about a 1$ discount after buying 20 rides... 3. rides with multiple destinations are much too expensive, sometimes one of the stops is right on the path to the next one, and yet the price is raised unproportionally higher. never do that. 4. if the passenger accepts to use GrabPay and give you his money to play with, you have to make it more advantageous for him : give him better price fares on rides for doing so (better than currently), advertise that clearly, specifying the %age or discount you will offer for loading up money to your app, AND very important : knock off your little scheme keeping a certain amount of money on the account for ""tolls or unpredictable situations"", as you do not allow to recover what we load, basically saying a part of what the passenger loads is lost forever and kept hostage by you, making you sound manipulative and untrustworthy. 5. when a passenger leaves a review for the driver, what happens to it ? there is no follow up, this doesn't encourage the passenger to do so. you don't have to make the reviews public, but you have to offer the passenger some kind of reward for taking the time to review; it could be points, badges, a chance for the driver to show appreciation... as of now nobody is taking the time to leave reviews unless the ride had a problem. you want to encourage positivity not just issues. Start working on that for the next update, I will keep you posted for more. Good luck to all of us.",5.16.1,2018-10-29T04:29:54Z,3
A Google user,Semakin lama harga semakin tidak masuk akal .. perlukah mengikut jam ada masa mahal melampau ada masa biasa saja .. ini seperti khianat pada penumpang,5.198.0,2022-04-27T08:59:29Z,1
A Google user,"suddenly my saved address is missing, idk why. I'm very upset about it. when I try to make the new location, it can't be specific location like I saved before.",5.143.0,2021-04-07T04:05:41Z,1
A Google user,I like it,,2020-07-31T05:31:55Z,5
A Google user,"maap ni ye dengan fitur baru grab ngapa ini harganya makin lama makin naik setiap kali saya make grab .contoh pertama hari saya mau mesen grab ke stasiun tebet harganya 12 ribu, hari ke dua naek lagi 16 ribu terus sekarang pemakaian hari ketiga jadi 21 ribu.kenapa ya?tolong dong itu kenapa?",5.07.1,2018-08-29T09:32:24Z,2
A Google user,Awesome! I love it! ❤️❤️❤️,,2022-10-11T12:15:04Z,5
A Google user,Expensive but fast,5.92.0,2020-04-18T07:18:24Z,5
A Google user,Great ride,5.121.0,2020-10-31T06:44:40Z,5
A Google user,this is good transportation and good innovation,5.34.0,2019-05-08T01:10:07Z,5
A Google user,good faster delivery,5.258.0,2023-06-30T17:48:13Z,5
A Google user,Travelling Super but cancel high demand,4.45.1,2018-02-28T11:33:48Z,5
A Google user,how to install,,2019-05-14T15:39:15Z,1
A Google user,great app for Malaysian easy to travel and much cheaper,5.36.3,2019-03-29T20:40:39Z,5
A Google user,Good app!,,2018-10-03T05:55:57Z,5
A Google user,Boring,5.47.1,2019-08-09T12:41:02Z,1
A Google user,cant set up grab pay wallet? tf..useless app,5.119.0,2020-10-22T06:08:33Z,1
A Google user,Polite and friendly,5.266.0,2023-08-24T11:44:53Z,5
A Google user,Very good apps for making orders for all,,2021-09-23T09:36:42Z,5
A Google user,Very Useful,5.44.0,2019-05-20T14:31:56Z,5
A Google user,Horrible. Getying from bad to worst!,,2021-12-23T04:18:45Z,1
A Google user,More promo codes please! :),v3.2.3,2015-09-12T11:20:54Z,5
A Google user,help centre didnt respond to my issue,5.112.0,2020-09-04T07:51:57Z,1
A Google user,"good price, great service!!",5.45.1,2019-06-05T06:19:58Z,5
A Google user,ใช้บ่อยมาก ยิ่งมีพื้นที่ให้บริการพัทยา ยิ่งสะดวก,5.66.1,2019-10-17T13:22:08Z,5
A Google user,Friendly interface,,2018-04-20T21:09:50Z,5
A Google user,"Cepat n simple, petanya juga up to date, lebih suka grab daripada app ojek lainnya..",4.8.0,2016-09-15T07:57:31Z,5
A Google user,Duit aku kau ambik pastu grab tak sampai bagus,5.245.0,2023-04-03T10:58:41Z,1
A Google user,Very easy to transport with Grab. Make benefit for others.,5.45.1,2019-05-22T06:01:18Z,5
A Google user,Best app for getting around if you're not great with winging it with local transport 10/10,5.79.0,2020-01-18T05:57:46Z,5
A Google user,Grab support on this app are not responsive even I emailed many times regarding my account suspension but no response at all. I have thousand cash in my account but now I cannot withdraw the money I deposited to Grabpay using this app. Its almost 3 months since my account suspended due to unknown reason but an error appeared and grab support will have no response anymore!,5.175.1,2021-11-17T05:26:09Z,1
A Google user,too many update,5.65.0,2020-02-01T05:58:15Z,2
A Google user,grab oke banget klo lagi ada promo diskon hahahaha,,2019-04-09T14:34:39Z,5
A Google user,Very quick to reach pickup,4.8.0,2016-08-22T08:54:28Z,5
A Google user,Give alot of promo,,2018-12-07T15:25:26Z,5
A Google user,"Location to pick up hardly accurate..driver cannot cancel trip because of their rate,customer cancel bcause of driver late,customer need to bear penalty",5.11.1,2018-11-24T16:36:30Z,1
A Google user,"When i really need driver, you keep gave me long ETA driver. Today, im late to workplace",4.42.1,2017-12-25T02:33:27Z,1
A Google user,very good. but sometimes the apps shutdown by itself and couldnt locate the driver's location.,5.35.0,2019-04-04T00:03:27Z,5
A Google user,Why i can not use any grab...can not sing in or sing up?wast my time and data:(,,2017-07-01T21:02:07Z,1
A Google user,Nice and very helpful,5.76.0,2019-12-27T05:17:29Z,5
A Google user,I always email in grab for my suspend account. Almost 1year i dont get any response.,,2022-06-13T15:37:09Z,1
A Google user,Knp bila nk buat pembyaran xleh connect trus FPX?,,2021-12-17T13:18:41Z,1
A Google user,awesome apps,5.170.0,2021-10-07T12:38:13Z,5
A Google user,Very useful app.,5.59.0,2019-09-11T13:34:53Z,5
A Google user,Scan for 30 mins still no standard taxi even tho nearby shows that they have cab,4.12.0,2016-12-23T17:33:24Z,5
A Google user,"great app for getting rides, i just wish the all the menus for food were in English as well as thai...",5.36.3,2019-03-22T06:33:01Z,4
A Google user,Friendly n polite drivers. Good service spcly with cheap promo code,v2.8.0,2015-07-08T05:29:41Z,4
A Google user,good service... good price...,5.53.0,2019-07-15T12:32:03Z,5
A Google user,best,5.44.0,2019-05-18T13:28:03Z,5
A Google user,"Totally Useless app. Cannot even register email as it cannot accept underscore or any other symbol. Even after registering another email without symbols, the app does not send 4digit code. Tried so may times. Tried reinstalling app. Tried everything i could think of. Useless. This is the perfect way to lose customers. Congratulations to grab. What is the use of walking me through. The 5 activation code finally came 6 hours later. Tried to use but none of them works and now i am barred. Your standard replies show a lack of desire to help customers. Looks like i will rely on taxi from now on.",,2018-06-14T09:52:46Z,1
A Google user,good help our life to be easier,5.42.0,2019-06-10T06:58:50Z,5
A Google user,Good service keep it up,5.49.0,2019-06-19T23:45:09Z,5
A Google user,Contact support (message) hang ketika dichat...,5.211.0,2022-07-31T08:37:27Z,2
A Google user,d best,5.137.0,2021-02-26T13:17:25Z,5
A Google user,gudd,5.38.1,2019-05-10T06:41:36Z,5
A Google user,"Di GrabFood terlalu banyak promo yang tidak bisa digunakan. Kenapa saya harus pilih promo nya dulu untuk tahu promo itu bisa digunakan atau tidak, proses pilih promo-use later terlalu banyak, tapi promo ditampilkan semua. Tolong customer journey nya dibenerin. Setelah harga ditampilkan, pastikan promo yg bisa digunakan saja yang ditampilkan.",5.122.1,2020-11-14T04:59:04Z,2
A Google user,Lack 1 star because many times Duitnow QR cannot be paid but Boost & Touch N Go can. Plus please cover the total amount in the account so other people cannot see,5.265.0,2023-08-12T09:45:56Z,4
A Google user,Yeay!! I've got a FREEdom from Grab!!,4.1.1,2016-04-27T14:17:52Z,5
A Google user,Please fix the issue on sending code. I couldn't get pass the login.,5.160.0,2021-07-31T08:30:48Z,3
A Google user,How are you?,5.152.0,2021-09-11T05:21:59Z,5
A Google user,Good n good hahahaha,4.31.0,2017-07-19T00:39:58Z,5
A Google user,thumbs up,5.49.0,2019-06-17T06:22:30Z,5
A Google user,Glitchy app. Fix your app,4.23.1,2017-03-26T11:41:39Z,1
A Google user,"Asks me for location in the beginning, I use my saved location but it just goes out and comes back to ask me for the location again. Can't even use the app.",5.169.0,2021-10-04T08:39:38Z,1
A Google user,"Have been their avid user and uses their app often for transport and delivery of food. However, I've received the worst service ever from their grab food driver. So apparently their driver will dispose the food after miss three calls but apparently I've only receive one miss call from him. I returned the call just a few minutes later and this was the answer i got. ""I dispose the food alresdy, why?"" ""I dont know, call grabfood."" driver proceeds to (ends the call). Dissapointed with the service.",5.44.0,2019-05-13T13:20:19Z,1
A Google user,Ts nice to have grab for a services,,2017-10-26T06:23:45Z,5
A Google user,I enjoyed this apps and the service that your provide to me.Thank You Grab..,5.71.0,2019-11-15T13:19:51Z,5
A Google user,gd,,2019-04-12T07:41:21Z,5
A Google user,Slightly more promotion given,4.50.1,2018-05-15T09:48:39Z,5
A Google user,Yongssss,4.24.1,2017-04-20T12:57:40Z,5
A Google user,Keren,v2.8.1,2015-08-08T13:10:00Z,5
A Google user,Good app. Keep improving,5.58.1,2019-08-28T23:36:56Z,4
A Google user,Great and nice,5.213.0,2022-08-09T04:31:33Z,5
A Google user,"I am new users and I can't operate this,I have given a email but no feedback at my email,so why this application is not working?",5.57.0,2019-08-14T16:36:43Z,5
A Google user,"Akun udah dua kali ke suspend, padahal nggak pernah aneh-aneh dan selalu ngasih bintang lima ke driver. Udah coba ganti akun google sampe nyoba pake akun Facebook dan nomor telp tetep aja ke suspend",,2022-05-23T02:28:03Z,1
A Google user,BRO LET ME CHANGE MY ADDRESS GRRR Yo... Let me talk to the merchant. I know damn well they aren't packing my order yet can't we like change our order within the first few minutes????,5.273.0,2023-10-05T06:02:12Z,3
A Google user,Grab is pretty good so far how ever since the app updated I'm not sure how to book scheduled bookings! Please fix.. thanks,5.12.1,2018-09-27T09:28:32Z,3
A Google user,Great app,5.67.0,2019-10-22T01:38:41Z,5
A Google user,haha... ta kasih bintang 5 cuma karena keterangan update terbarunya memparodikan soundtrack-nya Aladdin XD XD XD,5.46.1,2019-06-02T15:28:42Z,5
A Google user,Very helpful,5.59.0,2019-09-04T13:01:03Z,5
A Google user,"I'm yet to use the app, I give it 5 stars bcs I'm so annoyed with foodpanda app. Edit: I didn't receive my order. Even worse.",,2021-05-08T12:13:20Z,1
A Google user,Oke,5.73.1,2020-01-12T23:42:44Z,5
A Google user,"Kualitas grab masih jelek banget. Byk promo tapi palsu ga ada yg bisa di pakai/redeem. Bagusan gojek kemana""",5.03.2,2018-07-31T04:42:03Z,1
A Google user,baik,5.45.1,2019-08-16T05:39:02Z,5
A Google user,Not letting me create account,5.03.2,2018-08-09T10:16:11Z,1
A Google user,Sometimes drivers don't show up or cancel the trip but the money still gets deducted from my account.,,2023-03-19T14:47:56Z,3
A Google user,Aplikasi terburuk banyak kekurangan nya system nya gak normal,,2021-06-13T13:57:02Z,1
A Google user,mantap,5.55.1,2019-08-08T13:22:00Z,5
A Google user,excelent and cheaper,,2019-06-18T07:30:08Z,5
A Google user,Thanks ka grab☺️,,2020-10-03T14:09:11Z,5
A Google user,No promotion,5.07.1,2018-08-29T12:58:52Z,2
A Google user,"Been using grab for more than 5yrs. Not to brag but I've spent more than 50k in rides last year (2018) I am a platinum member. I've loaded my grabpay thru gcash not knowing it's for drivers use. I've called gcash, advised me to call you. I've sent you an email. A message thru fb. And lo and behold not resolved. And yeah how much are we talking about?? 500pesos! For 500 pesos you have compromised the xx number of years I have been with y'all and yep wont definitely recommend",5.64.0,2019-10-26T18:58:32Z,1
A Google user,i can't make a payment at all . when i go to choose payment it's nothing can't choose .. it's empty .,5.107.0,2020-08-03T03:34:01Z,2
A Google user,"Really bad for now,why I cannot use the apps...? There's something wrong with the photo taken.....the apps won't allows me to take a photo of me...",,2022-07-18T08:18:34Z,1
A Google user,Sangat bermanfaat dan bisa diandalkan.,5.44.0,2019-05-22T10:43:24Z,5
A Google user,shame on you,5.196.0,2022-04-27T10:21:03Z,1
A Google user,"i think i hive 2 star ,why last time to book in grab i very dissapointed because there cancel my book because i used my credit card i always book use my credit card ,pls make sure be responsible",,2019-06-05T12:15:37Z,2
A Google user,Thank you,,2021-04-13T04:51:11Z,5
A Google user,like it,5.48.1,2019-06-28T04:22:40Z,4
A Google user,very helpful,5.55.1,2019-08-03T03:06:41Z,5
A Google user,So far. I am satisfied,5.84.1,2020-07-20T08:27:28Z,5
A Google user,Overall cun,5.128.2,2021-01-02T13:17:30Z,5
A Google user,There is this problem where i can't rate the driver after i've been dropped off,4.43.1,2018-01-27T07:58:19Z,4
A Google user,Great time whenever I go anywhere,5.98.0,2020-08-11T17:50:48Z,5
A Google user,Awesome aqq,5.64.0,2019-10-14T06:31:52Z,5
A Google user,Complicated app and not friendly,5.229.0,2023-04-09T04:20:13Z,2
A Google user,great apps,5.35.0,2019-03-29T03:32:39Z,5
A Google user,"Default location does not correspond to current pin position. You have to correct it manually or preset a place in advance. If you forget to do this, riders will be off by almost 100 meters.",5.175.1,2021-11-16T11:20:08Z,2
A Google user,easy use,5.262.0,2023-07-22T07:17:39Z,5
A Google user,Why i cannit contact grab now,5.57.0,2019-12-18T15:37:32Z,1
A Google user,Friendly Use,5.49.0,2019-06-21T02:34:01Z,5
A Google user,useless cant even book,5.114.0,2020-09-27T01:56:29Z,1
A Google user,Its become an indispensible service to me for local travel and payments. I dont order food so may not use that service though,5.78.0,2020-01-10T02:56:32Z,5
A Google user,Good apps helpful ......,4.14.1,2016-11-22T02:14:33Z,5
A Google user,Wonderfull,5.55.1,2019-07-31T01:06:59Z,5
A Google user,convinience at i ts best,5.41.0,2019-06-27T06:27:50Z,5
A Google user,had a great ride,5.55.1,2019-07-30T06:55:28Z,5
A Google user,keselnya udah ngetik cape cape tetep aja driver sering bngt masih menanyakan lokasi penjemputan atau tujuannya kemana. ini pngalaman aku 1 bulan terakhir dimanapun aku mau order loh. emangnya driver ga pernah dikasih tujuan yg jls ya? tolong dibenahi lagi.,4.42.1,2018-01-10T05:07:34Z,5
A Google user,great ride.,5.194.0,2022-03-31T20:55:54Z,5
A Google user,Why all the time fare High demand,4.23.1,2017-03-26T03:07:02Z,3
A Google user,Fast n good,,2019-09-12T13:13:44Z,5
A Google user,"Ang hirap mag-book! 2022 na, ganito pa rin. Ang nakaka-disappoint we did our part in helping support your business during the pandemic, tapos ganito ang service na makukuha namin nitong nakakaluwag-luwag na. =(",5.202.0,2022-05-22T10:28:17Z,3
A Google user,Good for tuk tuk,5.272.0,2023-09-23T09:58:37Z,5
A Google user,"The app incorrectly deliver to another location. I have ordered food at where I stay. However, the location is so incorrect which points at a different location where I have never been to. The order cancellation is impossible so I told the driver of my correct location and pay for the hassle. One thing, I have my save location but the app chose different location. This sucks.",,2022-07-16T13:06:42Z,1
A Google user,Best and convenient,5.63.0,2019-12-13T09:48:13Z,5
A Google user,"Ongkos jalan2 jadi murah, untuk bepergian jarak dekat harganya juga masuk akal...",4.8.0,2016-08-18T08:22:20Z,5
A Google user,Very good service,4.20.0,2017-07-09T11:07:29Z,5
A Google user,"The price at the app and the true price often has a big gap, and that's really annoying. I'm sorry but Grab better fix these issues",,2018-11-03T03:57:12Z,1
A Google user,"Awesome, useful and worth it ❤️",5.74.1,2019-12-10T04:53:38Z,5
A Google user,Like dis app..,,2021-08-27T10:48:58Z,5
A Google user,love 3000,5.44.0,2019-05-21T10:41:59Z,5
A Google user,Helpul durin my stay in Kuala Lumpur,,2019-11-02T10:39:17Z,5
A Google user,magaling angbgrabb,,2019-07-17T06:00:11Z,5
A Google user,loved it.❤️,5.230.0,2023-01-17T02:46:19Z,5
A Google user,so easy to use and very fast pick-ups so far. splendid!,5.55.1,2019-08-07T09:29:13Z,5
A Google user,super ok,5.155.1,2021-07-02T04:12:29Z,5
A Google user,The best food delivery service by far! Their riders are so courteous and well-trained. No hassle!,5.93.0,2020-05-31T05:18:33Z,5
A Google user,Delivery murah dan byk pilihan.,5.180.0,2022-03-20T06:57:37Z,5
A Google user,Love this application so much,,2017-10-05T12:09:44Z,5
A Google user,Very fast delivery & yummy foods,5.159.0,2021-07-28T11:00:57Z,4
A Google user,If i can i wont give it a rate.. Cuz i just install it today.. But when i open it then it will close again.. I try uninstall and install it again.. But it still the same.. Fix it.. Then..when i use it..i will rate it better.. Please fix this..,,2020-01-28T15:48:17Z,1
A Google user,Sometimes it's hard to get drivers during peak hours. I just hope that there are more drivers so we don't have to wait too long for our rides.,5.76.1,2020-01-06T13:59:20Z,4
A Google user,Excelent rate and service .,5.239.0,2023-02-03T09:03:15Z,5
A Google user,"Last update today January 29, 2021 cannot open the app just loading and loading and loading until ????, I give 2 star because this problem, fix it and I will change to 5 star.",5.134.0,2021-01-29T05:31:48Z,2
A Google user,All of a sudden sedan fares increase... Tsk .,,2015-09-18T15:35:51Z,2
A Google user,great application,5.45.1,2019-05-18T10:03:40Z,5
A Google user,Drivers and Food Delivery Partners breaking traffic rules everywhere,5.177.300,2021-12-13T11:43:38Z,1
A Google user,Easy to use..,4.2.1,2016-05-09T01:37:15Z,5
A Google user,Crab... Want to book for emergency it keep asking me for selfie... What the hell.... Totally waste..,4.26.2,2020-01-11T09:32:46Z,1
A Google user,Selalu nyaman dengan semua kmudahannya. Saran mungkin utk grab lounge d bungurasih Sidoarjo bisa dibuatkan jembatan pnyevrangan orang utk customer karena jalannan bgitu padat nya di area tersebut kadan petugas tdk mau mnyebrangkan customer yg baru turun bis,,2019-11-21T00:27:43Z,5
A Google user,Why I can't book a ride today? It's suck,4.51.1,2018-05-18T10:37:20Z,5
A Google user,ฉันนั่งจากพระราม2 ซ.69 ถึง ซ.หลังสวน ชิดลม ขับรถนิ่มมาก ขอบคุณพี่คนขับที่ใจเย็นมากๆๆ,5.258.0,2023-06-20T14:03:28Z,5
A Google user,Cant update,5.141.0,2021-06-24T01:28:01Z,1
A Google user,Kinakawawa nila mga rider yung tip na nilalagay sa apps kulang nakakarating sa rider at sa iba hindi nakakarating tapos yung delvry fee namin mga custumer ang laki ng singil hindi naman pala nabibigay ng maayos sa mga rider dahil 40% na ang kinakaltas hindi 20%,,2021-12-29T17:37:51Z,1
A Google user,nawala lugar namun sa gps nyo lol,,2022-07-28T04:01:37Z,1
A Google user,Pengemudi meminta biaya tambahan yang cukup besar dari argo harusnya 228 menjadi 300,5.22.1,2019-03-17T19:02:27Z,1
A Google user,Terimakasih,5.271.0,2023-09-22T08:44:03Z,5
A Google user,Very very bad. Nunggu driver selalu lebih dari 10 menit. Padahal lokasi driver deket.,5.217.0,2022-09-13T10:28:12Z,1
A Google user,🥰🥰🥰,5.160.0,2021-08-05T00:50:53Z,5
A Google user,Safe and reliable transport app.,5.31.1,2019-09-16T04:15:50Z,4
A Google user,great app,,2019-06-15T13:02:44Z,5
A Google user,I cant log in,4.18.0,2017-01-27T07:12:31Z,1
A Google user,"Bagus, cepat",5.166.0,2021-09-16T07:15:21Z,5
A Google user,lag,5.22.1,2018-12-19T00:04:03Z,1
A Google user,Why do u need camera access when the updates is just for cleaning codes?,,2017-09-23T02:30:00Z,1
A Google user,ANG MAHAL NA NGA NG DELIVERY FEE MERON PANG SMALL ORDER FEE 🤬🤬🤬 !!!! YUNG FREE DELIVERY MINIMUM ORDER 600 PESOS ??!!! Nakakadismaya gumamit ng grab.,5.151.0,2021-06-18T11:33:52Z,1
A Google user,Very reliable & convenient,5.57.0,2019-08-23T15:00:37Z,5
A Google user,good app.,5.55.1,2019-08-09T15:45:45Z,5
A Google user,function,5.169.0,2021-10-15T03:44:03Z,5
A Google user,"the best all-in one app in Vietnam. you could find travel, food and other services.",5.44.0,2019-05-17T12:40:30Z,5
A Google user,"Sekarang aplikasi grab saya cuman ngefreeze doank tiap kali dibuka, yang keluar cuman halaman welcome nya terus udah ga bisa ke halaman selanjutnya.",5.53.0,2021-11-22T14:04:39Z,1
A Google user,Great experience and surely help a lot during this pandemic.Problems always resolve quickly when there is a missing item in my order,,2021-08-19T06:46:01Z,5
A Google user,"Map is trash. Cannot pin point, keep auto-pin point to other place",5.194.0,2022-07-12T09:26:12Z,1
A Google user,Works very well.,5.55.1,2019-08-10T06:04:28Z,5
A Google user,grab taxi service is good,5.50.0,2019-06-24T13:35:19Z,4
A Google user,"No drivers, just close down",5.198.0,2022-04-27T09:26:46Z,1
A Google user,Great app especially if you hate driving,4.43.1,2018-03-24T12:02:43Z,5
A Google user,Kenapa saya tidak bisa install aplikasi grab di handphone samsung a 20 ?,4.42.0,2020-01-02T15:40:04Z,2
A Google user,Grab center help ga ada respon,,2022-07-06T06:24:57Z,1
A Google user,Overprice and have to wait longer..,5.63.0,2019-10-20T17:00:38Z,1
A Google user,Every time I booked a car there's no available driver near you! What's the purpose of your app ?!,5.206.0,2022-06-19T22:08:37Z,1
A Google user,Luv Luv luv,,2020-01-31T16:30:11Z,5
A Google user,Promo codes do not work and unsatisfactory reasons are given.,4.34.1,2017-08-29T11:13:43Z,1
A Google user,Very usefull app.I really enjoy my ride with grab.,5.132.0,2021-01-21T12:11:53Z,4
A Google user,excelent,5.174.0,2022-04-08T12:16:59Z,5
A Google user,Great!,5.73.1,2019-12-03T20:50:40Z,5
A Google user,"The timing is very inaccurate, please fix it.",5.33.0,2019-03-02T06:35:12Z,1
A Google user,Very Usefull,5.144.0,2021-08-12T05:26:51Z,5
A Google user,"Kasian driver grab sy kesulitan mau kasi tip karena terkadang lupa kasi tip tapi mau buka lagi uda hilang form tips nya , beda sama gojek",5.185.0,2022-01-23T11:12:12Z,5
A Google user,Thank you Grab!,5.140.0,2021-03-21T08:27:00Z,5
A Google user,"sometimes the promo of grabcar, grabride, and grabfood can't apply and can't use, and noww grab makin pelit kalo ngasih promoo",5.78.0,2020-01-13T23:28:46Z,2
A Google user,I like this grab transport,,2018-09-10T12:39:44Z,5
A Google user,Good app.,4.53.1,2018-06-17T13:13:03Z,5
A Google user,thank you,5.30.1,2019-07-17T05:03:40Z,5
A Google user,Terima kasih telah mempermudah perjalanan kami,4.18.0,2017-03-16T04:03:05Z,5
A Google user,You should upgrade location map.,,2017-12-03T11:25:16Z,4
A Google user,"This app sucks. They quietly ended their rewards program for certain grabpay purchases without informing. I used grab to pay for my items thinking I earned points, only to realise I got nothing. I could have used a rival payment app to get more than $10 worth of rebates! I'm never using grabpay again.",5.150.0,2022-11-04T08:40:15Z,1
A Google user,What kind of app is this? Not help as all. It don't want display my current location,5.223.2,2022-10-14T15:25:58Z,1
A Google user,You drivers are suck! Uber is much better than this. I'll keep this cause i got no choice.,4.49.1,2018-04-22T22:39:02Z,1
A Google user,"Easy to use, simple and not complicated like gojek",5.212.0,2022-08-03T05:01:22Z,5
A Google user,Price was too high,5.64.0,2020-02-07T11:07:06Z,1
A Google user,Everything is awesome,5.155.0,2021-06-27T11:19:07Z,5
A Google user,..................... ..,5.78.0,2021-02-04T03:59:55Z,4
A Google user,We have experience a wrong location pin and encounter a lot of traffic and we have to get another ride to get to the right location,5.132.0,2022-05-04T01:55:29Z,1
A Google user,Good job always,,2017-11-15T16:52:15Z,5
A Google user,Saldo setelah update jd hilang,5.17.1,2018-11-05T22:38:28Z,1
A Google user,banyak promonya,5.50.0,2019-06-25T05:41:38Z,5
A Google user,Aplikasi yg ga memperhatikan kesejahteraan driver. Cmn bisa mungutin uang driver,4.6.4,2016-09-19T15:47:17Z,1
A Google user,❤❤❤,5.54.2,2019-07-27T13:08:22Z,5
A Google user,Okay bgt,5.58.1,2019-10-02T11:35:13Z,5
A Google user,Alhamdulillah berasa lbh mudah,5.65.0,2019-10-21T00:14:14Z,5
A Google user,Murah.. Recommended bgt..,4.26.0,2017-04-30T08:05:45Z,5
A Google user,cool,5.45.1,2019-05-24T16:05:03Z,5
A Google user,Cool application!! Dami kong naoorder lagi. Sana mataas naman yung grab points na makuha ko hehe,5.63.0,2019-09-24T06:43:32Z,5
A Google user,good services,5.85.0,2020-03-15T11:36:11Z,5
A Google user,Good transport love it,4.6.4,2016-07-06T06:58:45Z,5
A Google user,OVO saya gak bisa dipakai padahal saldo masih banyak,5.07.1,2018-08-30T08:14:52Z,2
A Google user,So good and helpful especially during this pandemic.,5.142.0,2021-03-31T07:24:27Z,5
A Google user,Top,4.15.0,2016-12-09T15:26:00Z,5
A Google user,good application,5.188.1,2022-02-16T08:14:07Z,5
A Google user,"Suka sama promo grab! Saran, fitur mssg dg. Driver jangan lgsg disudahi setelah pesanan sampai. karena saya masih suka contactless delivery, terkadang driver suka salah mengirimkan barang. Setidaknya dibiarkan 30 menit smp 1 jam setelah delivery sls. Thank you",5.204.0,2022-06-11T04:11:20Z,5
A Google user,"I suddenly can't pay using my Gcash and/or BDO debit card. The first time I ordered food was no problem using my BDO, but now, always cancels my order stating that my transaction had failed. So I tried using FoodPanda via BDO and Gcash, I have no problem ordering, so I know that it is only in the Grab App that's wrong.",5.216.0,2022-08-30T14:00:01Z,1
Pa******lo,great apps,5.95.1,2020-05-09T12:24:56Z,5
A Google user,Grab has gone even more full retard on its latest rewards. Now they are trying add addtional charges to reduce carbon footprint. A truly retarded platform service. Why are people still rating this app anything more than 1 star is truly retarded,5.143.0,2021-04-03T15:57:30Z,1
A Google user,"Most grab drivers have been very good, nice cars air conditioning and safe",5.84.1,2020-02-22T08:34:19Z,4
A Google user,"Baru top up ovo ke driver, saldonya emg masuk. Tp gak bisa dipake transaksi di grab pas habis top up. Padahal sblm top up tuh msh bisa. GREAT JOB!!",5.08.0,2018-09-09T05:10:43Z,1
A Google user,"sangat mudah digunakan dan praktis, recommended!",5.49.0,2019-06-13T05:31:17Z,5
A Google user,Make the app open / load faster upon opening on gadgets.,4.45.1,2018-03-01T22:46:54Z,5
A Google user,Food apps offers lots of discounts on certain hours. Bit annoying RE GPS point as sometimes not as accurate as other competitor apps.,5.134.0,2021-02-04T05:54:29Z,4
A Google user,Quite helpful. Keeping us safe and comfortable.,5.55.1,2019-08-17T06:36:07Z,4
A Google user,Why cant i change the delivery time on S&R on the app?,5.186.1,2022-02-09T08:25:25Z,5
A Google user,Tidak boleh download habis apps ini.. Sekian terima kasih..,,2019-01-31T00:13:45Z,1
A Google user,map kurang update,5.41.0,2019-04-30T08:55:24Z,3
A Google user,"Dont use this app! If they fail to find grab car near you, the money from your credit card will not be refunded! I have lost my money like atleast 3 times just bcs there are no grab near me. Rm27, rm22 and rm7. And that fee is when they fare is high demand so they stole a lot of money from me but never return. History section never helps, it only show successful transaction but not the failed ones! They force you to use grabpay or they never refund!!!",5.228.0,2022-12-25T13:32:04Z,1
A Google user,Yr greate drab,4.27.2,2017-05-18T09:59:47Z,5
A Google user,Mabilis magdeliver,,2021-05-26T13:36:22Z,5
A Google user,"Editing my review: ✓2nd time was fast, arrived right after the payment. Thanks! Recommended! 1st time: Aftr almost 6hrs, the weth I purchased with ramp swaps through grabpay reflected in my ronin wallet. I was relieved when it came. I thought it was gone for good already. Thank you so much for this app for making it easier to purchase weth at low transaction fee. Would definitely give 5 stars next time I purchase and arrives at less time. More power! Thanks",5.172.0,2021-10-26T16:50:12Z,5
A Google user,"Easy, quick and inexpensive",5.217.0,2022-09-11T04:43:50Z,5
A Google user,amazing help,5.15.1,2019-03-06T14:49:08Z,5
A Google user,Very convinient app and interface. Eased out my Singapore first day woes. Thanks!,5.52.1,2019-07-11T12:48:17Z,5
A Google user,Grrat service in Manila. Always good,5.73.1,2020-02-22T05:14:39Z,5
A Google user,Thank you..my income is more..God bless,5.48.1,2019-08-26T14:59:11Z,5
A Google user,so very good site,5.272.0,2023-09-22T10:48:12Z,5
A Google user,Turkey? I'm in Indonesia.,4.15.0,2016-12-10T22:21:01Z,1
A Google user,Okay,5.110.0,2020-11-25T13:45:00Z,5
A Google user,So far it has been good for me and my family...keep it up,5.137.0,2021-02-22T02:37:34Z,5
A Google user,Very Convenient and driver are nice,5.84.1,2020-02-22T06:45:12Z,5
A Google user,seneng byk disc nya krn pakai ovo,5.52.1,2019-07-27T05:16:20Z,5
A Google user,I need Voucher Discount,5.83.0,2020-02-21T23:06:43Z,5
A Google user,"This application good for everyone . I like this apps . But , I hope the service can improve better than before .",,2018-04-26T10:05:27Z,5
A Google user,sangat membantu ..tapi mohon maaf supaya diperbaiki sistemnya biar gak lemot . terimakasih ..,,2019-01-15T01:17:48Z,4
A Google user,Bad service,4.37.0,2019-02-19T13:38:28Z,5
A Google user,The App Keeps Crashing! Uninstalled and Reinstalled Back Again And It Still Is The Same!,5.73.0,2019-11-27T14:32:41Z,5
A Google user,useful apps forever,,2018-08-31T08:04:10Z,5
A Google user,Good services...,5.75.0,2019-12-17T15:11:37Z,5
A Google user,Okja,5.72.0,2019-11-27T00:32:13Z,5
A Google user,5 stars!!,,2016-12-25T08:52:52Z,5
A Google user,"udah yang paling murah deh , semoga tambah banyak diskonannya",5.58.1,2019-09-11T00:49:49Z,5
A Google user,keren,5.79.0,2020-02-04T01:14:57Z,5
A Google user,I'm new in grab ride but all my recent experience is great. Tqvm,5.108.1,2020-08-09T04:26:25Z,5
A Google user,Its really helpfull...,4.16.1,2016-12-17T04:34:53Z,5
A Google user,Excellence,5.68.0,2019-11-02T18:47:17Z,5
A Google user,Prompt attendance. Safe drive. Good conversation.,5.237.0,2023-01-22T11:54:41Z,5
A Google user,Ryan and the kids are doing well too now that we have a good family life in the way we do it is the most important thing to remember when we are in a good mood for our lives and we will be happy with our new place and I hope you have anice pos and I hope you have anice a great day today with the best and best of all day and night to you enjoy a wonderful holiday and a great holiday weekend so you can make sure you that your family will be able a new place to celebrate your birthday celebration l,,2021-10-13T07:02:56Z,5
A Google user,I cannot find my address,5.184.0,2022-04-07T03:12:36Z,4
A Google user,"Sometime when i request transport,they accept the request and later they say distance is far so cannot come to pick up and ask us to cancel the request, and after that for next ride i will be charged due to cancelling",,2022-05-06T09:16:32Z,2
A Google user,very nice servicing this app,5.229.0,2022-12-10T18:50:55Z,5
A Google user,Great experience,5.57.0,2019-08-23T02:38:49Z,5
A Google user,慢死!价钱又贵死!车全部不会动偷懒!,,2018-02-16T06:29:40Z,1
A Google user,Cancellation within 5 seconds also charged $7?,4.47.1,2018-03-31T12:02:32Z,1
A Google user,Tak boleh tukar location..tahi,5.195.0,2022-04-03T10:20:26Z,1
A Google user,Very helpful and convenient,4.21.2,2017-03-23T08:25:10Z,5
A Google user,"Fantastic and easy way to get around Thailand. Rates are same or less than songthaews and tuk tuks, and much safer.",5.82.0,2020-02-16T03:40:43Z,5
A Google user,Fast order,5.151.0,2021-06-03T11:01:07Z,5
A Google user,"Grab make my life easier, cheap and affordable price, giving us good promotion and discount, is a good apps and easy to use. Highly recommended, i loved it.",4.32.1,2017-07-30T23:22:25Z,5
A Google user,"nice, but sometimes the app is not working when raining",5.51.0,2019-07-09T10:40:46Z,4
A Google user,"The most menyusahkan. Phone hilang, nombor mati. Bila register guna nombor baru tak boleh buat grab wallet. 'ic number already registered' of course it already registered. I F have only one ic number.",5.237.0,2023-01-20T12:25:38Z,1
A Google user,"Fast respond, ga ribet",v2.8.1,2015-07-28T00:00:54Z,5
A Google user,"3 hari pesen pake grab food gaada pengemudi yang mau nerima, nenggu lama",5.99.0,2020-05-28T15:12:48Z,2
A Google user,Can't use it anymore something wrong please fix it,4.14.1,2016-11-14T08:08:38Z,1
A Google user,Memudahkan sekali. Pesanan kendaraan super Cepat & murahh,4.8.0,2016-08-27T05:52:51Z,5
A Google user,Abis upgrade malah eror,4.44.1,2018-02-06T05:03:15Z,2
A Google user,Why there are no free delivery after I subscribe Grab Unlimited? Still need to pay RM2/RM3.,5.266.0,2023-08-15T02:12:49Z,4
A Google user,Really good apps and i always get free ride using this service ...,,2017-05-11T07:21:51Z,5
A Google user,",OK cool",5.35.0,2019-03-17T14:48:27Z,4
A Google user,sangat baik sy dpt pergi kemanan ii dgn selamat buat masa ni,5.47.1,2019-06-21T15:31:11Z,5
A Google user,Grab is a great app,5.46.1,2019-06-04T13:45:12Z,5
A Google user,Good tranportasi,,2016-03-27T22:18:26Z,5
A Google user,Kebanyakan kasus pengeroyokan!,,2018-03-04T10:56:43Z,1
A Google user,Sangat menguntungkan,4.10.1,2016-09-21T03:52:32Z,5
A Google user,Paling best,5.137.0,2021-04-11T15:11:20Z,5
A Google user,Great app and very useful,5.82.0,2020-02-03T12:23:35Z,5
A Google user,Why cant book?,5.104.0,2020-08-08T08:10:40Z,5
A Google user,"I have credits on my grab wallet and yet, I cannot book. I thought I have to link my credit card to have other options. But still doesn't work. My wallet was stolen together with my IDs, I called the customer service and told me to provide primary IDs. I only have 2 secondary IDs here and I cannot process reapplication on my govt IDs because of the community quarantine. The customer service told me that they have nothing to do with it. Your process is very inconsiderate. -5 star for grab ph",5.105.0,2020-07-11T07:38:53Z,1
A Google user,"After place order, I cannot see Location.",5.165.0,2021-09-09T13:19:59Z,5
A Google user,top,5.30.1,2019-02-07T11:48:34Z,5
A Google user,gôd,5.171.0,2021-10-23T01:07:41Z,5
A Google user,Absolutely fantastic!,5.63.0,2019-09-23T05:17:04Z,5
A Google user,Its fine but helpful thanks,5.54.2,2019-10-11T10:10:08Z,4
A Google user,INI KALI LAH! ;),4.43.1,2018-08-17T10:22:44Z,5
A Google user,"i dont know why, my pin location automaticly changed.",,2019-07-09T05:19:29Z,1
A Google user,This app are very helpfully for me,5.50.0,2019-06-25T00:42:38Z,5
A Google user,Nice app for all needs,5.55.1,2019-08-14T05:25:56Z,5
A Google user,My grab taxi was on time when I arrived at the airport. Thanks margie aquino rodriguez,v2.5.10,2014-09-19T03:20:22Z,4
A Google user,Better than uber,4.5.1,2016-07-25T09:08:57Z,5
A Google user,very good apps helping people going somewhere,5.53.0,2019-08-10T09:16:31Z,5
A Google user,I love to use this apps. So many service options,5.135.0,2021-02-15T11:55:45Z,5
A Google user,"Takes forever to load, and even longer to find a driver during peak hours.",4.51.1,2018-05-28T13:09:39Z,2
A Google user,Sering gak bisa hapus/ketik pas di chat grab,v3.4.1,2020-06-25T03:53:37Z,2
A Google user,"Why was the grab card discontinued on Samsung Pay? It was super convenient because I can use it even with my screen locked, so I hope it comes back in the future.",,2022-12-15T07:32:21Z,3
A Google user,"Within 4 days i lost 2 food order worth RM40 because a rider delivered to a wrong place. When called, rider pretent he is right and i dont know my OWN house address because give him the wrong one and tried so hard that he send the right address which is ridiculous. Thank you with this attitude and unfortunately i can complain only on this place. I'm done with this service.",5.189.0,2022-02-20T01:42:35Z,1
A Google user,"Great app, greater service..",5.233.2,2023-01-15T06:24:19Z,5
A Google user,The App itself is great. Just wish services extend to more parts Of th country.,5.55.1,2019-08-01T09:12:57Z,4
A Google user,superb,5.51.0,2019-07-09T08:04:35Z,5
A Google user,My goto car app in Bangkok!,5.84.1,2020-02-19T05:16:48Z,5
A Google user,"Grab ,can you tell me ,why when I want to go home from lrt sri petaling is RM20 but when I go to the LRT sri petaling from my house is RM 6?!!Please give me a reason!!!",4.53.1,2018-06-28T11:25:48Z,1
A Google user,Good but still has little problems,5.60.0,2019-09-21T11:02:29Z,4
A Google user,I could not use it withkut them scanning my face,5.193.0,2022-03-20T02:06:43Z,1
A Google user,Simple,4.19.1,2017-03-10T01:06:43Z,5
A Google user,Good Love You,5.103.0,2020-07-05T03:19:43Z,5
A Google user,selalu tepat waktu,5.48.1,2019-06-16T11:39:00Z,5
A Google user,"Grab Singapore- Huge increase of drivers who cannot understand GPS, refuse to drive to clearly marked pick up points and press that they have arrived before arriving at the destination which adds late fees to your charge. Then take no responsibility for any of the above. Call support option on the app does not work and Grab only lets you rate the driver, email generically and nothing is done to actually address the issue as it continues to be a problem. Poor, declining service. Try Gojek instead",5.172.0,2021-10-30T01:46:47Z,1
A Google user,"Absolute garbage apps.. cant locate the driver before s/he arrived at resto , driver often not replying chat , and we wait for half hour or one before s/he finally arrived at resto or replying our chat..",5.188.1,2022-02-14T04:56:17Z,1
A Google user,Philippines...doesn't work 90% of the time. Terrible.,4.45.1,2018-06-08T05:11:17Z,1
A Google user,I'm very disappointed with grab food payment choice I mean what's wrong paying with cash. I don't have any cards to pay this app is such disappointed app.,5.54.2,2019-07-24T13:17:46Z,1
A Google user,So good app,5.75.0,2020-01-03T04:48:43Z,5
A Google user,"everytime when grab rewarded promo code, it couldn't be use. especially when i use grabpay, many reward offered but invalid.. such a waste.",5.49.0,2019-06-21T11:14:06Z,1
A Google user,Perfect,5.275.1,2023-10-18T09:46:17Z,5
A Google user,"Không thể đăng nhập, dù là dùng số điện thoại, tài khoản email hay facebook.",5.06.0,2018-08-26T07:02:54Z,1
A Google user,"Please fix this app again ... put back the ""destination's pin""",4.46.3,2018-09-05T06:36:25Z,1
A Google user,"It's an okay wallet. PROS: 1. A super-app (food, ride, delivery, chat, & scanpay), 2. Promos, & 3. Account can tie to social sites or SIM#. CONS: 1. Biometrics does not ask on log-ons, 2. Few scanpay merchants, & 3. No email as sign-in choice.",5.165.0,2021-09-09T01:57:54Z,3
A Google user,VERY COMPLETE,5.85.0,2020-03-06T20:57:16Z,5
A Google user,"Grab app is really troublesome recently, hard to cancel trip booking, slow notifications, incorrect waiting time, show off many drivers around but no one to accept the booking. Standard of drivers come lower, some of them drive so carelessly.",,2017-11-26T12:53:33Z,2
A Google user,"Agak lama dapet nya klo order, emang sih saya pengguna baru jadi dapat promo free 25k",4.18.0,2017-01-27T13:09:54Z,5
A Google user,"Rubbish app. Tried to cram too many features. Server slow, laggy and unstable. Uninstalled in the end.",5.128.2,2022-12-16T16:42:12Z,3
A Google user,"Grab put grab plus, so I will not go back to just grab anymore. Most of Just grab have problems either from their car or the drivers",5.72.0,2019-11-26T08:35:39Z,4
A Google user,The booking button is greyed out and I cannot book a ride for 2 hours already. Twice I uninstalled then installed the app but NOTHING HAPPENED.,4.51.1,2018-05-29T11:55:44Z,2
A Google user,very nice driver,5.232.0,2022-12-20T09:35:26Z,5
A Google user,Never a hassle to get food when we need! Convenient app indeed!,,2021-01-31T11:14:36Z,5
A Google user,MD Sumon,5.139.1,2021-03-07T00:08:40Z,5
A Google user,So far so good,5.60.0,2019-09-20T23:03:26Z,5
A Google user,Not sure why this apps takes up alot of data. It has used up close to 40mb of data in 10 days and I hardly use it!,4.40.0,2017-11-15T02:59:52Z,3
A Google user,thanks,4.19.1,2017-03-02T02:08:29Z,5
A Google user,Best n the easiest public transport,4.40.1,2017-11-28T16:58:53Z,5
A Google user,"This app makes me miss uber. In that service, Uber drivers doesn't reject your request so easily . They also can't see where your destination is until they pick you up. Grab, I have to wait and wait ,just to get rejected , countless times. This is awful and really inconvenient. I hope grab is reading this, since you guys are the sole breadwinners of a service like this, I expect a.l Certain level of quality from your drivers. You can't predict their actions ,I'm sure , but you could limit what they can see , like destination and what not until they pick up their passengers. Other than that, everything else is copacetic",5.00.1,2018-07-11T02:54:12Z,3
A Google user,"Saya baru saja sdh memesan dan tiba2 aplikasi log out dgn sndirinya, driver menelfon sya berulang2 karna saya tdk dapat mengabari dia, setiap sya login, otomatis log out kembali, APLIKASI YANG SANGAT BURUK",,2018-07-24T03:24:25Z,1
A Google user,good aplication!! always help us please get more promo alwayssssss,4.27.2,2017-05-17T07:43:49Z,5
A Google user,"I have been using Uber coz my place can never get a car from Grab. Now with the transition, I'm facing this problem again!! Widen your driver's location please!!!",4.48.1,2018-04-10T11:39:01Z,2
A Google user,Always cannot connect after update. What is wrong? Used to be so much better,,2019-06-22T11:34:28Z,1
Ni*****************ni,Good,,2020-05-01T04:19:52Z,5
A Google user,nicr,5.24.1,2019-03-31T22:25:36Z,5
A Google user,"Why i can't open this app, meanwhile i have upgrade the app, why?",5.151.0,2021-06-09T07:47:12Z,1
A Google user,Amazing taste..... Driver too fast... Tq so much,5.250.1,2023-04-30T08:21:05Z,5
A Google user,"Since the upgrade, very difficult to grab taxi- it consistently claims no taxi and tries to shunt you to grab car. At peak hour the fees are more than double taxi fare! And i had absolutely no difficulty getting cab via another app.",v3.2.4,2016-02-11T10:32:07Z,1
A Google user,Its my first time to ride in grab. Then d grab driver cancelled my booking. Sabi may rights daw na magcancel ang driver? Why??? Eh d wla rin palang pinagkaiba ang grab sa taxi namimili sila ng pasahero,,2018-03-28T16:44:45Z,3
A Google user,☆☆,v3.3.0,2016-05-19T07:54:20Z,5
A Google user,"Home page is blank, I've try to uninstall and install again but stil nothing appears, what can I do then?",5.123.0,2020-11-12T08:13:56Z,1
A Google user,So very helpful,4.14.1,2016-11-26T11:43:15Z,5
A Google user,Nearly impossible to book a ride recently without an explanation why.,5.198.0,2022-04-30T08:17:15Z,1
A Google user,very satisfactory,5.146.0,2021-05-01T23:38:50Z,5
A Google user,"So far, so good plus I recoveredy lost phone.",5.35.0,2019-04-30T22:58:21Z,5
A Google user,good job. keep it up.,5.36.3,2019-05-24T15:02:03Z,5
A Google user,why must linked to facebook??! no any other options????complicated app,,2021-04-27T09:50:01Z,1
A Google user,Good luck,5.107.0,2020-10-22T04:55:18Z,4
A Google user,Better than the other one,4.15.0,2016-12-05T11:33:59Z,5
A Google user,Sucksss. Grabpayyy gak ada ygvmau pickup. Danbktika d pickup gak ada kabarnyaa.,4.27.0,2017-05-06T16:28:48Z,1
A Google user,Troublesome payment methods. Grab pay takes too long to update. Takes forever to save credit card information. Its almost as ig they dont want you to charge the fares direct to ur card. Pickup points limited compared to uber. I miss uber. This app sucks,4.50.1,2018-05-09T05:47:50Z,2
A Google user,"It works ok, sometimes it works great, other times it locks up for both me and the driver. There is I large ""feature"" that say ""top up with the driver"" ok I see that, but you can't get rid of it! It blocks the map of where you are, so a few times where I am and where the driver goes are two different places. When I asked grab about it they said it's a feature for my convince....well it blocks the f'n map! Get rid of the feature or the map.",4.51.1,2018-05-20T03:41:52Z,3
A Google user,Lenglong,4.53.1,2019-10-01T15:12:26Z,5
A Google user,What am I supposed to do when then 'Payment Methods' part is blank (literally blank) when ordering food and I cannot register my debit card for cashless paying? (Edit: The problem got solved).,5.106.0,2020-07-31T05:10:06Z,5
A Google user,bisa dobel order.....buang waktu,5.80.0,2020-01-22T05:22:04Z,1
A Google user,"lebih sering kasih promo dong, apalagi promo buat para pelajar.",5.254.0,2023-05-29T01:05:44Z,3
A Google user,"I cant even open the damn app. Always exits the app after the clicking the option ""Yes"" on allowing Grab to use my location. Once Uber is gone, i have nothing to use. Grab, since you have alot of money, please up your game on the apps.",4.53.1,2018-06-14T12:12:18Z,1
A Google user,Helpfull,5.14.1,2018-10-13T08:11:04Z,5
A Google user,"VERY BAD, CAN'T SEND MESSAGES, ALWAYS MAKE MY HAND PHONE HANK, WORSE, SO WORSE",5.206.0,2022-06-26T11:01:39Z,1
A Google user,"After my last updated of grab apps, I cant use my grab apps anymore. Pls help.",5.43.0,2019-05-10T00:59:53Z,3
A Google user,Good application,4.45.0,2018-02-17T05:44:01Z,5
A Google user,Quick response.,v2.8.1,2015-08-12T01:12:04Z,5
A Google user,mahallllll,5.67.0,2019-10-21T23:37:13Z,2
A Google user,"I never have to line up for the airport taxi. I just used GRAB taxi and in less than 5 minutes, the cab was there! Love it!",v2.5.10,2014-10-17T14:35:39Z,5
A Google user,"Have been using the app for quite some time,Overall I'm satisfied.The only issue I have mostly is the timing for driver to arrived. There's no consistency as the timing were way off as to what is given and ended up u won't be able to reach the destination on time when you calculated you could. For example a scenario when you are especially late for work and rushing.. Need more improvement on that so as people wouldn't put too much hope on what they expected.",4.43.1,2018-01-21T14:36:16Z,5
A Google user,"mantap, lebih bagus kalau dikasih opsi untuk mobil sport",5.18.2,2018-12-31T10:47:19Z,5
A Google user,usefully application,5.50.0,2019-06-20T08:00:35Z,5
A Google user,"Professional, good system",5.71.0,2019-11-19T05:25:14Z,4
A Google user,The app in general so slow. My bookings are always close to getting cancelled because of the app's unresponsiveness.,5.14.1,2018-10-18T17:39:40Z,3
A Google user,"Incredibly always have issues determining the pick up location at Publika and Hartamas Shopping Centre. Drivers would always go to different spot of both these malls and expect me to meet them there, when I've already given them my exact location! Example: I request main entrance near PappaRich at Publika and the drivers would always go to the West side of the mall, while at Hartamas Shopping Centre the drivers would always go into Plaza Damas when I've made the request at the main entrance near Coffee Bean, and it's based on the app, so it's not my fault at all! Please fix all this!",4.36.0,2017-09-20T17:21:55Z,1
A Google user,Ngga memuaskan,5.05.1,2018-08-13T13:09:28Z,1
A Google user,Great app. The wait time for cabs in Grab is far less than Go-Jek in my experience.,5.73.1,2019-12-09T10:25:18Z,5
A Google user,High price at times hard to get Grab,5.82.0,2020-02-02T06:33:56Z,4
A Google user,"Why my payment can only by cash, cant be ewallet or on9 bnking.. ask the messager bot not solve the problem",5.242.0,2023-02-27T14:33:59Z,1
A Google user,Very helpful when we are so busy cant buy food good to have this app. We can choose what resto we want to order. Thanks much grab!!!,5.50.0,2019-06-28T23:38:16Z,5
A Google user,Easy to use great app; map a little slow,5.78.0,2020-01-14T14:15:51Z,5
A Google user,Mantappp,,2016-09-10T05:49:30Z,5
A Google user,Always change rate.. No fair why need toll money !,,2017-01-16T01:14:04Z,1
A Google user,"my home address is removed, but others still there. How come? App told me to update the address, but i can't point my home at the map. Extremely disappointed. Bye!",5.206.0,2022-06-18T12:31:30Z,1
A Google user,"Woah Grab Food, you're really despicable. Seeing that you can't find a driver in time and that I'm paying for premium delivery, you quietly adjusted the time later and later to suit yourself. Well, to whoever that implemented such thing in the app, I hope you get covid.",5.209.0,2022-07-11T09:46:38Z,1
A Google user,can sign in whats going on?,,2020-05-22T16:48:27Z,1
A Google user,"Can't even click on ""register now"" after keying in all the information.",v2.5.5,2014-06-20T01:45:45Z,1
A Google user,This apps is very useful for my daily activities. Make my life easier with so many benefit,5.63.0,2019-09-27T02:33:17Z,5
A Google user,Efficient + easy to use,5.160.0,2021-08-09T15:10:51Z,5
A Google user,"Sejak update terakhir lemot banget, mau chat driver apps-nya selalu force close. Menyusahkan komunikasi.",5.208.0,2022-07-08T01:27:53Z,2
A Google user,Good. Polite driver,5.108.1,2020-11-09T01:28:35Z,5
A Google user,Iloveyou,,2022-10-11T04:49:31Z,5
A Google user,"It takes so long for the app to perform the Search for Passengers selection in GrabShare window. I had to run the Search for Passengers for 20 to 30 minutes and I have not yet had a driver. The reward points after paying are also much lower than before. The older application was so much better. Lastly, the directions Waze provides are always wrong. It is so hard because I have to adjust to the driver and his location all the time because of cancellation. Please fix or upgrade UI.",5.69.1,2019-11-08T12:30:10Z,1
A Google user,Is really good app I love it,,2019-01-14T12:56:45Z,5
A Google user,"It says ""76mb"" but when you start to install, its going up untill 670mb. The new update doesn't even getting any better.",,2022-03-11T07:51:10Z,1
A Google user,"Sering error dipenitikan alamat...padahal bnyk mitra yg GPS nya ga akurat...klo sdh begini, ya grab yg harus bertanggung jawab",5.115.0,2020-09-20T15:02:53Z,2
A Google user,All in one solution for rides and deliveries. And so much better now with the new Grabpay functionality. Definitely a must have app in the Asia.,5.60.0,2019-09-24T07:28:31Z,5
A Google user,S U P E R,v4.0.3,2016-03-29T05:56:26Z,5
A Google user,But please fix the bugs,4.5.1,2016-06-23T14:46:28Z,5
A Google user,feeling good,5.66.1,2020-03-25T09:51:07Z,5
A Google user,Would like to have more then 1 destination bar... the driver does'nt check on the note section .. so have to keep informing the driver even after i wrote at the (notes to driver) section,v3.3.0,2015-10-17T14:39:53Z,4
A Google user,"Fk this app, waited 1hour, auto cancel my order, and more expensive when I do reorder, so I have to topup again",5.237.0,2023-01-24T10:22:55Z,1
A Google user,"Having grab taxi in Baguio is really nice, especially with the rainy season kicking in. The drivers are really nice.",,2015-06-07T06:47:32Z,5
A Google user,jika ada pilihan bahasa lebih baik,5.162.0,2021-08-22T09:26:40Z,5
A Google user,nice very nice,5.176.0,2021-11-20T15:44:49Z,5
A Google user,Point nggak bisa di pake tapi berkurang terus brengsek!!!,5.39.1,2019-04-07T06:44:34Z,1
A Google user,Ok. Gak kalah sama toko sebelah.,5.83.0,2020-02-18T03:46:40Z,5
A Google user,very good and safe,5.262.0,2023-07-26T07:45:10Z,5
A Google user,AWSome.,5.67.0,2019-10-23T05:06:59Z,5
A Google user,Not install,,2018-03-20T11:34:12Z,1
A Google user,Super reliable,4.32.0,2017-08-31T17:11:21Z,5
A Google user,Mitra pengemudinya suka cancel orderan,5.16.1,2018-11-04T09:18:23Z,2
A Google user,Good fast,,2020-08-13T11:42:37Z,5
A Google user,terrbaikkk,5.165.0,2021-09-09T13:35:02Z,5
A Google user,Baguss,5.50.0,2019-11-29T03:06:10Z,3
A Google user,Nice?,,2017-01-31T03:35:33Z,5
A Google user,"the discounts are great, but the user experience is not as good as other app. and please your system, driver keep not delivering food although GRAB already cut my balance + your customer service SUCKS !!! IT TAKES DAYS FOR A REFUND !!!!! i gave it extra stars just because the discounts.",5.54.2,2019-07-21T07:01:22Z,2
A Google user,ok grab,5.39.1,2019-04-06T11:30:01Z,5
A Google user,Sangat membantu,5.125.0,2020-12-16T09:03:52Z,5
A Google user,Very expensive pay and no discounts at all.,5.199.0,2022-05-10T10:36:51Z,1
A Google user,Buat bisa dobel voucher lebih bagus seperti aplikasi oren,5.71.0,2021-10-15T23:47:09Z,5
A Google user,nice drivers,,2018-11-03T06:27:33Z,5
A Google user,A good aplication,4.24.1,2017-04-09T22:09:59Z,5
A Google user,Why did you take out the online payment option (e.g. dragon pay)?? It was the only one that worked for me...all my other cards won't be accepted by grab app either because my mobile number is not updated (which is actually updated) or the card is not available in this country (even if it's just a BPI debit card)..now I have no way to cash in. I also tried transferring fund to my grabpay card but it just doesn't work! I don't wanna be paying cash all the time. Please fix this..,5.107.0,2020-07-31T05:56:14Z,1
A Google user,Not that reliable there's some place where you can't use the app,4.17.0,2017-06-30T09:09:51Z,2
A Google user,"Getting worse. Had to reregister my app for the 6th times. Very inconvenient. Had to key in my credit card details again & again. Also when entering promo code, always say expired or invalid, even though the expiry date is still a long way to go. So embarrassing for me when the driver had to ask cash from me after a ride, when I had been paying through my credit card all these while. Please improve your app or risk losing your riders.",4.17.0,2017-01-06T14:22:52Z,1
A Google user,need to adjust the fare your current fare is just very high,,2019-08-02T02:07:51Z,4
A Google user,"Yes to the newly imposed VAT on your all of your services in Vietnam and NO to 27,27%!",5.37.1,2020-12-10T06:38:58Z,1
Jh****TV,Good,5.76.0,2020-05-11T13:21:59Z,5
A Google user,Grab is exceptional!,5.177.300,2021-12-05T07:59:36Z,5
A Google user,"stupid apps we add my info, fb & card. stupid apps since start ..",5.231.0,2022-12-10T02:54:55Z,1
A Google user,ชอบใช้ Grab มากกว่าเรียก taxi ธรรมดาล้านเท่า,5.59.0,2019-09-03T15:54:45Z,5
A Google user,Account linked with facebook: Step 1: Unlink connected with facebook Step 2: Choose login with facebook Step 3: Fill in mobile number order to connect with faceboook Step 4: Fill in code to verify Actual: Display loading screen and not successful to login with facebook Expected: verify and login with facebook successfully The others are quite good,,2020-02-29T14:28:55Z,1
A Google user,"If forgot email password, not eady to change email",,2020-04-25T05:52:28Z,1
A Google user,"take time to order food, 30 minute but nothing,",5.55.1,2019-07-31T07:47:08Z,1
A Google user,semakin pantas,5.99.0,2020-07-13T02:59:43Z,5
A Google user,Very stupid.,4.36.1,2017-10-02T04:37:06Z,1
A Google user,rider quite always cancel the order without notify the customer.,5.167.0,2021-09-22T03:22:22Z,1
A Google user,"It's very good,safe time and have a great time to get distinction.",,2023-03-20T09:09:04Z,5
A Google user,"This has happened to me today. After entering destination, I am unable to key in the BOOK GRAB application. Nothing else comes out. Accidently key in correct button before I am able to book cab. Today, I spent half an hour and am still unable to book grab. What's going on?",5.150.0,2021-05-28T11:01:59Z,1
A Google user,Nice app. Help me when emergency,,2019-11-30T13:55:19Z,5
A Google user,Glad to meet with polite drivers,4.42.0,2017-12-18T13:48:24Z,5
A Google user,Great app!,5.67.0,2019-10-23T21:17:59Z,5
A Google user,User friendly aplication,5.53.0,2019-11-13T14:32:59Z,5
A Google user,No availble riders but still accepts the orders. Useless app.,,2023-04-12T03:55:54Z,1
A Google user,Cant top up credit anymore. Always error when linking debit card although the data is valid,4.45.1,2018-02-28T01:22:57Z,2
A Google user,aplikasi kadang eror,5.262.0,2023-08-31T07:16:57Z,5
A Google user,terrible apps..want to cancel the booking also cannot,5.24.1,2019-01-07T02:32:01Z,1
A Google user,Noice This is cool,5.63.0,2019-09-24T11:51:41Z,5
A Google user,Ok Ok,,2020-03-20T13:06:58Z,5
A Google user,very usefull,,2019-06-27T07:44:28Z,5
A Google user,helpful,4.38.3,2018-01-13T15:42:24Z,4
A Google user,Sometimes it doesn't work properly with the server or the GPS.,5.73.1,2019-12-10T03:39:22Z,4
A Google user,good service tapi kurang promo code kebanyakkan promo untuk grabfood sahaja..tidak adil...kurang memuaskan!!!!,5.32.0,2019-02-13T10:27:00Z,3
A Google user,"DRIVERS ONLY WANT TO PICK WHEN THE FARES IS HIGHER THAT USUALLY. OTHER THAN THAT , THEY WONT PICK UP CUSTOMER .",5.32.1,2019-03-16T23:03:41Z,1
A Google user,I'm not giving you my selfie. Bye,,2022-10-26T15:04:25Z,1
A Google user,Very respectful and nice driver even it's rainy.thank you,5.60.0,2019-09-16T03:35:34Z,5
A Google user,Đặt tới lần thứ 6 mới có tài xế. Quá tệ!,5.03.2,2018-08-06T14:44:59Z,1
A Google user,Very satisfied,,2021-07-11T03:01:53Z,5
A Google user,Mantap buat Di Singapore,5.74.1,2019-12-09T03:22:13Z,5
A Google user,Everything is good,4.18.0,2017-01-19T15:41:23Z,5
A Google user,"thanks grab, semua dimudahkan",5.34.0,2019-03-22T16:07:05Z,5
A Google user,excellent,5.35.0,2019-06-23T15:13:00Z,5
A Google user,Goof,,2018-03-05T10:43:58Z,5
A Google user,"banyak bgt promo discountnya!!! tq yaa,, semoga map nya bs lebih update n gag ngelag...",5.46.1,2019-05-26T11:10:34Z,5
A Google user,great,5.36.3,2019-03-21T13:04:49Z,5
A Google user,Most of the drivers are courteous. Please refrain from cancelling orders that will make drivers pay for.,5.63.0,2019-10-24T15:41:34Z,5
A Google user,Very good apps,5.46.1,2019-08-21T02:08:48Z,5
A Google user,keep ur maps updated,5.213.0,2022-08-06T05:01:50Z,5
A Google user,Suck apps..ur price kill ur staff.. And the staff not happy when they make a trip.. U shoupd give then insensitiv to support they work harder.. 3 years ago i make a trip with happy moment now driver just keep quiet..... Grab management is suck,5.54.2,2019-08-01T08:27:08Z,1
A Google user,driver is rude,,2020-02-03T11:36:36Z,1
A Google user,"Doesn't recognize common Yahoo email, recognition code doesn't work Pretty lame for a so called established big company. Plenty of better alternatives",4.53.1,2018-11-16T02:59:14Z,1
A Google user,I have no problem so far. Been using this for few years.,5.59.0,2019-09-16T05:34:35Z,5
A Google user,Very good sarvice,4.38.3,2017-11-10T02:19:17Z,5
A Google user,"when an app gets popular, its common there is less coupon for the user to use. GG",5.168.0,2021-09-30T06:30:38Z,5
A Google user,"Too many updates, not much progress.",4.46.6,2018-03-10T15:30:53Z,1
A Google user,Hapus aja lau fungsi extra fare yg dipake sama pengemudi.. banyak yg salahgunakan ditambah2 yg ga jelas.. saya udah 4x kena... Payah.. kalau mau ada fungsi verifikasi aja ke penumpang.. kalo gini kan susah,5.58.1,2019-08-26T15:01:27Z,2
A Google user,Cool!,5.45.1,2019-09-26T11:16:14Z,5
A Google user,Bagus,5.85.0,2020-02-29T05:58:18Z,5
A Google user,"app is good, but somehow, my grabpay is missing because the canceled trip, please check the system and bring back my grabpay that missing because the canceled trip and i'll give 5 star",4.27.1,2017-05-10T11:20:00Z,2
A Google user,ribet harus pake selfie pas selfie gak bisa potret buang waktu aja,5.54.2,2019-07-22T05:42:40Z,1
A Google user,So bad,5.106.0,2020-07-22T22:03:46Z,1
A Google user,"Promos can be confusing, and the gps should really be made more accurate. A good apps otherwise",5.109.0,2021-09-20T03:39:33Z,4
A Google user,Top bngt deh,5.68.0,2019-11-01T11:51:36Z,5
A Google user,Ridiculous,5.134.0,2021-02-06T07:22:35Z,1
A Google user,"I tried to cash in 5000PHP money was debited from my account. But it didn't arrive in my wallet, when and there's literally no way to contact Customer Service. Bank is asking for Confirmation letter so that they can refund me the money but there's no customer support in Grab.",5.258.0,2023-06-29T11:31:43Z,1
A Google user,Great!!!,5.79.0,2020-01-18T14:16:19Z,5
A Google user,Simply the best,v2.8.1,2015-08-10T18:19:31Z,5
A Google user,"Goodmorning, During this time of crisis, I would like to ask something. Why is there some restaurant that cant deliver in my location when i wanted my favorite food to be delivered at my place but i cant when this app was used to be a food delivery app.",5.97.0,2020-05-20T00:25:40Z,4
A Google user,Fast and Great price,5.135.0,2021-02-15T03:09:44Z,4
A Google user,Bole la,5.60.0,2019-09-17T13:45:29Z,5
A Google user,"Dạo này giao hàng chậm chạp, nhất là vào buổi sáng, promo thì áp dụng trễ (từ 7h sáng?). Gặp phải 2 lần chờ đồ ăn giao gần 1 tiếng trong khi vị trí cách chỉ 2km. Giao xong đồ ăn nguội ngắt, mềm oặt phải bỏ vì phải đi làm luôn. Hồi trước không đến nỗi. Giờ rút kinh nghiệm đặt đồ ăn qua app khác giao nhanh hơn đỡ ức chế.",5.119.0,2020-10-27T00:02:36Z,2
A Google user,A++++,5.228.0,2022-11-24T04:35:55Z,5
A Google user,Need magimprove pa ni grab kasi parang nahahack ang app nila. Kaka avail ko lng now pero ang charge nung driver ay higit sa nktakda at pagdating sa destination nagiskandalo p sya..then when i tsek yung info nung driver wala...pati sa history nung app di rin nagappear kaya diko maireklamo sa app..then pag nagmessage ka sa help center wala ng reply.anyway pra di maloko dito..eto yung plaka nya vios model AAA6934 name bajador moico bastani,4.39.1,2017-11-05T10:49:39Z,1
A Google user,"great app, very user friendly",5.49.0,2019-06-17T06:30:06Z,5
A Google user,Using for transportation and food... One stop solution.,5.06.0,2021-06-28T04:44:37Z,5
A Google user,Very Good,4.48.1,2018-11-27T15:36:52Z,5
A Google user,"Justgrab is alright but I am disappointed with the food delivery. With the new policy, consumers have to wait for 30 mins to know whether there is a driver available is absurd. If there is no driver, please let the consumers know after 10 mins not 30 mins. Imagine waiting after 30 mins and there is no driver, obviously there will be complains. I think this can be improved.",5.127.0,2020-12-14T11:01:06Z,2
A Google user,my grabpay suddenly disabled without a reasonable reason. so i uninstall,4.8.0,2019-01-18T03:59:47Z,1
A Google user,sangat membantu saya,5.11.1,2018-10-27T10:22:45Z,5
A Google user,BEST,5.101.0,2020-06-22T09:07:59Z,5
A Google user,"not good service 5x booked and got cancelled everything by driver, and waiting time too much, 14+ min. average",5.253.0,2023-05-13T17:31:09Z,1
A Google user,Very helpful during times of pandemic.,5.148.0,2021-05-16T11:19:18Z,5
A Google user,fantastic driver...i key in bus stop wrong info..but patient n civil defence senior cbmu unit.thsnks bro,5.45.1,2019-05-24T17:16:17Z,5
A Google user,"I won 10,000 credit I hope it's legit",5.243.0,2023-03-08T10:42:53Z,5
A Google user,Can't even get a booking for grab.,4.51.1,2018-05-18T10:45:20Z,1
A Google user,So far so good.,5.100.0,2020-09-17T01:30:41Z,3
A Google user,seringnya dapet mas yang ramahh. dan sering banget ngadain diskon jadi gamau pindah ke yang lain,,2017-05-02T08:25:54Z,5
A Google user,Good Apps,5.75.0,2020-01-16T11:47:01Z,4
A Google user,Nice app i love it,4.53.1,2018-06-21T13:44:20Z,5
A Google user,"Unfortunately, grab has stopped working",5.93.0,2020-06-22T04:00:09Z,1
A Google user,bring back cash payment method,5.261.0,2023-07-12T03:51:20Z,3
A Google user,very good,5.44.0,2019-05-19T12:05:26Z,5
A Google user,Cannot open the app,5.53.0,2019-07-19T06:54:00Z,5
A Google user,I lik3 it,,2020-02-24T17:06:53Z,5
A Google user,Can't edit actual home or departure address,5.265.0,2023-08-11T03:46:52Z,3
A Google user,more humble when we give tipping from aplication.,5.94.1,2020-08-15T21:54:48Z,5
A Google user,ckup bagus,5.48.1,2019-06-18T07:38:44Z,5
A Google user,good n usefull,5.40.1,2019-06-12T23:22:49Z,4
A Google user,Worst...thats it...,4.24.1,2017-04-10T02:23:23Z,1
A Google user,Cannot use my card for payments have informed cc but not solved yet been a year already,4.55.2,2020-06-01T03:23:46Z,2
A Google user,"extra charge when we use credit card to do the payment ,two time extra payment to merchat",5.171.0,2021-10-23T13:39:01Z,2
A Google user,Grab you help good,5.230.0,2023-08-31T08:00:53Z,5
A Google user,So far Grab in Vietnam and Thailand has been cheap and efficient,4.19.1,2017-02-25T19:24:12Z,5
A Google user,Grab transport made me easier and safer to travel and hazzle free.,5.76.0,2020-01-01T13:15:53Z,5
A Google user,Comfortable,4.32.1,2017-08-08T04:43:02Z,5
A Google user,Ya pp yo kk pl,5.150.0,2021-05-28T10:41:18Z,4
A Google user,"Why can't I use My Rewards? I purchased a GrabFood gift card that expires in 2021. But everytime when it's time to 'Place Order', it says to select 'Payment Method' when my voucher/reward has already been selected. And when I try to report an issue, an 'error' message always pops up. What do I do?",5.107.0,2020-07-27T04:06:34Z,1
A Google user,ชอบมากค่ะ,v2.5.10,2014-10-30T01:59:00Z,5
A Google user,Useful app,4.6.7,2016-08-05T03:49:56Z,5
A Google user,Convenience app,4.11.1,2016-10-07T04:14:41Z,5
A Google user,Good Service,5.51.0,2019-07-02T15:06:53Z,5
A Google user,Nothing,5.03.2,2018-08-01T07:05:54Z,5
A Google user,I cant pay my pay later bill..called customer service and they asked to uninstall and install back. Did that and no stil cant pay. Submit 2 complaints and no one call me back (written that Grab will contact me within 24-48hours) Worst part is Grab finance been bugging me to pay and said its not their problem if i cant pay the bill through the apps.,5.110.0,2020-08-21T05:32:44Z,1
A Google user,"""We can't find you on the map"" notification.",5.184.0,2022-01-18T08:09:07Z,2
A Google user,"Perfect app for save some a lot of money with tuktuk.. Usually 5 min ride in the capital costs 3-$, with the app it is around 1-1.5$ Recommend!!!!!",,2023-01-28T10:50:14Z,5
A Google user,User friendly,5.64.0,2019-10-03T03:05:58Z,5
A Google user,food quality was very nice and delivery man is a decent and good behavior,5.250.1,2023-04-23T07:15:55Z,5
A Google user,❤,5.252.0,2023-05-10T08:56:01Z,5
A Google user,Super convenient for transportation in Bangkok!,5.71.0,2019-11-26T12:16:01Z,5
A Google user,convenient and easy,5.52.1,2019-07-08T07:10:54Z,5
A Google user,very very good apps,,2023-06-01T13:43:35Z,5
A Google user,bnyk sgt upadate bru smpai susahkn penumpang . kena scan mukalah apalah . penatlh mcmni . kmi nk guna this app sbb nk snanf kja kmi smpai ke destinasi bknnya nk apa ii pon . plus tmbang mkin mahai haih .,5.38.1,2019-03-30T17:51:46Z,1
A Google user,"I don,t car but i booking the grab car",5.119.0,2021-01-02T08:25:57Z,5
A Google user,Easy application nd worth it lets do install guys,5.60.0,2019-09-16T09:17:34Z,5
A Google user,Unfriendly ux,,2021-06-04T12:45:06Z,1
A Google user,worst and overpriced,5.63.0,2019-10-22T01:00:54Z,1
A Google user,Mantap,4.19.1,2017-02-27T02:27:03Z,5
A Google user,Yg Benet Cuk Jancokk,,2018-03-27T08:13:01Z,5
A Google user,driver ramah2 tp promonya sekarang di waktu,5.54.2,2019-07-27T03:07:24Z,4
A Google user,"Very good service, i like grave for any transport",5.63.0,2019-09-22T05:39:27Z,5
A Google user,goblok Tapi boong,5.79.0,2020-05-19T18:49:46Z,4
A Google user,"I have been trying to install grab to my smartphone and couldnt see the view, I believe it was too heavy for my smartphone model. However, I tried again this morning and it suddenly works. Faster than ever, the cleanups u did sure did the work. Good job Grab team. U made my life easier. 5 star for u guys",4.43.1,2018-01-29T02:57:02Z,5
A Google user,The fair is very high!!! Because of high demand kailangan mahal na ang presyo? I used to be riding grab car every time. Bcos it's affordable DATI and easy to book. Ngayn ang hirap na magbook nasisira pa budget ko sa mahal. Grabe. 2x yung price minsan x3 pa. Wth. Super disappointed pls make it right.,4.35.2,2017-09-17T11:13:29Z,2
A Google user,Peta tidak akurat di wilayah saya,4.47.1,2019-04-16T06:18:52Z,5
A Google user,Is easy way to take a grab for urgent or jam. Thanks for the grab...,4.41.0,2017-12-22T15:02:50Z,5
A Google user,Terimakasih..,5.55.1,2019-08-07T02:23:44Z,5
A Google user,helpfully,5.45.1,2019-05-26T02:25:54Z,5
A Google user,Useful application,5.76.0,2019-12-28T03:01:54Z,5
A Google user,"Saya merasa aman dalam perjalanan bersama GRAB. Apalagi saya sering pulang malam... bagi seorang wanita meski sudah ibu-ibu..pulang malam sendirian tentunya harus waspada.. harus mencari transportasi yang aman, yang memberi perlindungan penuh buat penumpangnya dan tentu saja sudah dipercaya oleh banyak pelanggan. Itu menunjukkan dan membuktikan bahwa GRAP bisa dipercaya dan sudah terpercaya. Saya sangat senang dab puas dengan pelayanan GRAB.. Jangan berubah ya.. Semakin baik & TERBAIK.",,2020-01-31T15:39:23Z,5
A Google user,Great app! Makes getting a ride a breeze. Now i don't have to go out to the highway to hail a taxi or wait in line at the taxi lane. The cars are clean and they smell good (you would not believe some taxis with horrible cigarette smells).,4.31.0,2017-07-24T02:41:25Z,5
A Google user,Arrived in Malaysia 1 day ago and on my 3rd grab ride. Great app and great experience.,5.83.0,2020-02-17T08:02:39Z,5
A Google user,"The new version is better, but they should add tip options for grab express services as well. And now they're lack of grabfood promo, very dissapointing.",5.76.0,2019-12-26T23:52:00Z,3
A Google user,""" EASY WITH GRAB """,4.36.2,2017-10-11T08:40:58Z,5
A Google user,Để lại 1☆ cho app ngày càng cải thiện hơn nhé !!!,5.142.0,2021-07-14T02:12:20Z,4
A Google user,mantaaap,5.51.0,2019-07-02T04:29:13Z,5
A Google user,Go Go Grab. Gimme a lot promo code. thx,5.51.0,2019-07-21T11:04:57Z,5
A Google user,ห่วยแตกมากเลย ใช่กับคนละครึ่งไม่ได้ เพราะถูกยกเลิก เวินก็หักไปแล้วไม่คืนเงิน พอแล้วเลิกใช้,5.171.0,2021-11-08T11:38:50Z,1
A Google user,the best...,5.55.1,2019-08-01T05:31:26Z,5
A Google user,For now everything went smooth and easier for me to go anywhere..,,2018-04-26T22:02:31Z,5
A Google user,So many voucher ..i like it,5.59.0,2020-01-10T05:47:21Z,5
A Google user,Why I cannot claim my ePENJANA? I already update but cannot open ePENJANA claim,5.108.1,2020-08-09T16:14:40Z,5
A Google user,Maganda naman. Ok naman. Pero ang tagal bago may mag accept ng booking. Mag aantay kapa. Minsan oras hihintayin mo bago may mag accept!,4.53.1,2018-06-20T08:51:14Z,3
A Google user,No more promos for grab car though its being consistently used.,5.115.0,2020-09-27T05:13:45Z,1
A Google user,Excellent App..,5.53.0,2019-07-19T09:52:41Z,5
A Google user,many promooo,5.40.1,2019-06-25T10:25:54Z,5
A Google user,useful,,2020-09-10T05:38:38Z,5
A Google user,Great app and services.,5.141.0,2021-03-20T10:04:59Z,5
A Google user,If I could get na zh,5.233.2,2022-12-29T08:48:01Z,5
A Google user,Awesome app.so convenient.. anytime when I don't have transport I can just give a call,4.39.1,2017-11-12T10:48:07Z,5
A Google user,very comfortable,5.39.1,2019-04-04T01:14:11Z,5
A Google user,Boleh di katakan bagus,5.190.0,2022-03-06T10:46:34Z,5
A Google user,Grab is a best buddy,5.163.0,2021-08-20T08:56:30Z,5
A Google user,Kebanyakan ngupdate !,5.06.0,2018-11-17T13:12:59Z,5
A Google user,just okay,5.30.1,2019-02-04T12:03:46Z,1
A Google user,Grab helps me a lot especially this season coz I can't go out to do my marketing. One bad experience do not buy from Gulalay all vegies sent were bulok!! Sadya ng store yan.i don't blame Grab. Please check that store in Provident Marikina.,5.147.0,2021-05-05T05:12:47Z,5
A Google user,very easy & good,5.51.0,2019-07-05T22:44:50Z,5
A Google user,Goood,5.79.0,2020-01-30T19:42:35Z,5
A Google user,I always use grab as my transportation. It makes life the easiest. But it pains my wallet. I hope they gave discount to users who always used grab.,5.69.1,2019-11-08T00:31:37Z,5
A Google user,aplikasi tai katanya decacorn tapi driver banyak yang dirugikan!! miris liat ini perusahaan. makin membuncitkan perutnya sendiri. driver makin kurus kering!!!,,2019-03-24T17:02:13Z,1
A Google user,bakit ayaw ma download 16b pa space ko,5.103.0,2020-08-16T09:42:14Z,1
A Google user,"Grab car is not good anymore,during rainy days there is no driver available,and become highfare..",5.176.0,2021-11-24T09:54:13Z,1
A Google user,Not good,4.53.1,2018-09-21T08:44:27Z,1
A Google user,"It WAS working great... Then... Got to ""BOOK"" and the button remains GRAY!! it's IMPOSSIBLE to bok a ride. I tried every recommended ""fix"" and nothing worked... I even deleted and REINSTALLED the App. Incredible! Impossible to get a human being in their so-called customer service!! Using Gojek!!! (works great)",5.150.0,2021-05-29T11:06:06Z,1
***,"Great app.. but should conduct more training for drivers, so that will be wiser to find directions and follow instructions and practice hygiene..",5.95.1,2020-05-07T10:41:48Z,4
A Google user,Good price!,4.24.1,2017-04-06T00:11:29Z,5
A Google user,The fare starts increasing since used the e-hailing.,5.75.0,2019-12-18T13:14:39Z,4
A Google user,Sd card,,2016-08-23T04:25:02Z,2
A Google user,GPS always makes my pick up elsewhere. I can wait up to 30 mins to even get a grab. Really disappointing,5.60.0,2019-09-22T18:59:20Z,1
A Google user,dificull booking car,5.24.1,2018-12-30T05:07:08Z,1
A Google user,In comparison to previous years as tourist waiting a taxi at KL is quite endurance and to recall fare bargain but now problem gone due to preset fare and reasonable and value for money and to hail the comfortable car.,5.68.0,2019-10-29T12:19:25Z,5
A Google user,really great service,5.53.0,2019-08-16T15:26:05Z,5
A Google user,cannot even open the app after updating it...,4.33.2,2017-08-16T08:22:47Z,1
A Google user,good driver,5.30.1,2019-02-06T01:55:38Z,5
A Google user,Thankyou,,2018-01-16T10:18:25Z,5
A Google user,Plss let me use this account...,,2021-07-25T09:12:34Z,5
A Google user,"i cannot download the app, help",,2023-04-18T01:36:16Z,1
A Google user,Tại sao một cái app đang ổn định lại đi liên kết với cái thằng moca làm cái gì cho noa thành dở thế này.,5.15.1,2018-10-23T01:15:49Z,1
A Google user,grabfood banyak diskon terbaik,5.154.0,2021-07-17T12:18:15Z,5
A Google user,"Excellent driver. very polite, cooperative and patient. It was a wonderful experience travelling with him",5.174.0,2021-11-14T03:24:56Z,5
A Google user,"Great app for travelling in VN, no more haggling with random drivers or being tricked by dodgy taxi drivers. Pricing is quite reasonable also",5.53.0,2019-07-16T05:00:02Z,5
A Google user,Debest,5.126.0,2021-03-02T13:04:24Z,5
A Google user,The system should not allow driver to take on new orders while still having existing passenger in the car. This is absolutely time wasting!.,4.37.0,2017-11-04T01:37:27Z,1
A Google user,Grab icon did not show in home page after up dated.,,2018-03-07T18:39:05Z,2
A Google user,如果可以给更多优惠就100分了。,5.57.0,2019-08-21T10:15:42Z,4
A Google user,Good services and driver very friendly.,,2021-05-01T06:52:06Z,5
A Google user,"Very convenient app and easy to navigate. Love the point reward system too. But ever since Malaysia started the new e hailing regulation, grabcar has been harder to get and prices aren't as competitive anymore.",5.80.0,2020-02-10T12:15:48Z,4
A Google user,so nice of service,5.237.0,2023-01-25T03:20:57Z,4
A Google user,so far so good. banyak promo menarik,5.52.1,2019-07-13T12:01:58Z,5
A Google user,nice application,5.48.1,2019-06-14T09:42:09Z,5
A Google user,Babi aku nak balik cepat drivernya mana x jumpa dari tadi sial,5.144.0,2021-05-05T13:06:51Z,1
A Google user,Make more benifit,5.66.1,2019-10-17T02:39:10Z,5
A Google user,"Bad location services. Uber had better. You can't pint point your exact location, especially in rural areas. Please fix! Even drivers are complaining.",5.55.1,2019-08-07T17:19:22Z,5
A Google user,Too many pop-up ads inside the app.,4.46.6,2018-03-23T09:09:39Z,1
A Google user,I have no word for this. But it too good,4.39.1,2017-11-30T01:31:23Z,5
A Google user,It's good but GPS not so good.,,2020-10-01T08:51:20Z,1
A Google user,Stuck in the beginnin,5.52.1,2019-11-05T06:52:52Z,1
A Google user,oke,5.46.1,2019-06-23T23:32:57Z,4
A Google user,"The app is way better than before.. However it's infuriatingly frustrating trying put in a drop off point not in their map database like a lesser known restaurant, should be far easier",5.79.0,2020-01-10T15:10:13Z,3
A Google user,thank you sir god bless and stay safe,5.167.0,2021-09-22T15:40:15Z,5
A Google user,It helps a lot!,4.11.1,2016-10-09T14:52:13Z,5
A Google user,Pretty good app. Convenient and easy to use. No problems encountered so far. Recommend it highly,4.19.1,2017-02-23T09:14:34Z,5
A Google user,The best service ever,5.70.1,2019-11-14T11:24:15Z,5
A Google user,love,5.251.1,2023-05-14T00:19:52Z,5
A Google user,good drive safe,5.209.0,2022-07-16T22:44:55Z,5
A Google user,Wala pa aq nasakyan na pangit na sasakyan.. Mababait pa driver. Kaya d na ako bumili ng sasakyan dahil meron na si grab maaasahan kahit saan,5.72.0,2019-11-23T10:19:45Z,5
A Google user,Stupid login bug!,,2020-03-13T12:12:32Z,1
A Google user,"Terima kasih sudah mem-banned akun saya sehingga tidak bisa order, meskipun saya yakin itu karena kemarin aplikasi yg ngeblank sehingga wajar saya mencoba order berulang kali di tempat yg sama dalam time span yg kecil. Selamat, isi review berubah tapi bintang tetap satu. Selamat",,2019-12-01T05:07:24Z,1
A Google user,Super layo ng estimate ng time,5.57.0,2019-08-20T12:05:07Z,3
A Google user,Lots of promos.. end up cheaper than the other competitor,5.155.1,2021-07-01T11:33:26Z,5
A Google user,I cannot login,4.46.2,2018-03-02T17:34:40Z,1
A Google user,SIKE,5.128.2,2021-01-08T15:19:55Z,1
A Google user,Having issue with the grab wallet payment,5.241.0,2023-06-07T16:40:12Z,5
A Google user,I cannot download this application,5.30.1,2023-06-06T11:32:33Z,1
A Google user,"kacau bgt. udh sering error, gangguan. masa dapet driver jarak nya yg setengah jam. tolong diperbaiki",5.23.1,2019-02-21T23:34:08Z,1
A Google user,Great app. Easy to use. Please add more features,5.19.1,2018-11-21T18:33:33Z,5
A Google user,Salamat grabpay para may,,2021-10-03T09:38:55Z,2
A Google user,Worst app ever,5.02.1,2018-07-27T01:06:50Z,1
A Google user,Mantapppppp,5.59.0,2019-09-11T13:16:16Z,5
A Google user,great service,5.140.0,2021-03-22T14:11:54Z,5
A Google user,Very Best aplikasi,5.12.1,2018-10-20T14:23:33Z,5
A Google user,Easy Application for transportation,5.57.0,2019-08-23T00:10:08Z,5
A Google user,Very nice and cheaper than others,4.29.1,2017-07-13T02:26:09Z,5
A Google user,"Sudah 2 hari berlalu, hanya utk menunggu solusi atas masalah akun sy .. Buang wkt, hub call centre via telp n email smua tampak sia2 tdk ada jwb yg ckp memuaskan seakan2 Grab tdk bth customer 🤔 forget it.. Bye Grab",4.9.0,2018-11-01T14:03:35Z,2
A Google user,thank you ...take care rider always happy,,2021-12-04T09:45:13Z,5
A Google user,Ok la,5.99.0,2020-06-04T05:51:48Z,5
A Google user,"Is the grab calculations for ""your driver is nearby"" broken? Driver is more than 1km away, sometimes more than 5 minutes away too, but it still comes up, then I wait around like a bigger idiot.",5.249.0,2023-05-01T06:25:26Z,1
A Google user,"PayLater is pretty good, but the transaction fee is too high to use everyday, better to just keep transferring funds to your grab wallet everyday and pay the transfer fee than pay the transaction fee at the end of the month.",5.188.1,2022-02-13T02:36:48Z,3
A Google user,So far the service is good.,4.2.0,2016-05-02T03:18:42Z,5
A Google user,WONT ACCEPT MY CREDIT CARD,5.128.2,2021-01-11T04:34:01Z,1
A Google user,"While the driver was an expert and knew the fastest way, it also cost more than the original price due to tolls. I would have preferred not to pay toll since I wasn't in a hurry. Perhaps next time he could just inquire if customers wanted to pay toll to get to the destination fast.",5.254.0,2023-05-29T02:56:20Z,5
A Google user,Easy to find food and easy to order for grab car,5.96.0,2020-05-16T06:40:47Z,5
A Google user,You have to practically beg the app to book you a ride,5.180.0,2021-12-20T12:11:00Z,1
A Google user,"so far so good,thank you..",4.2.1,2016-05-10T06:11:45Z,5
A Google user,There are good and bad experience since i started using grab. Definitely not a one off review.,5.79.0,2020-01-19T23:32:25Z,4
A Google user,"Very reliable, Antipolo to MOA and back, hassle free drivers, very generous yet grateful. They don't ask u for any additional ""christmas"" add ons, better than normal cabbies.",v3.6.7,2015-12-29T10:41:24Z,5
A Google user,good job,4.4.0,2016-05-22T03:00:35Z,5
A Google user,Ok.not bad,,2018-03-15T11:13:33Z,3
A Google user,reasonable prices,,2019-04-23T07:48:45Z,5
A Google user,The greatest,,2017-10-29T13:30:11Z,5
A Google user,"Can't order food for several days in a row in Pattaya. Delivery drivers are always busy. At 8 am, at 3 pm, at 10 pm, always busy. Is it a drivers strike or do you need to invite more people to work?",5.249.0,2023-04-19T02:39:18Z,1
A Google user,"Great Service, thank you",5.242.0,2023-03-03T02:30:20Z,5
A Google user,Ride promo is getting worse.,4.40.0,2017-11-15T17:25:02Z,4
A Google user,i like,5.51.0,2019-07-03T13:56:29Z,5
A Google user,Serve perfectly,4.52.2,2018-06-05T05:56:58Z,5
A Google user,"Bad bad service don't used this anymore ,this is not fair and expensive",,2023-03-04T04:50:53Z,1
A Google user,Drivers are,5.82.0,2020-02-03T17:44:18Z,5
A Google user,Ang tagal ng booking Napakahina ng service walang kwenta,4.47.1,2018-04-20T06:08:28Z,1
A Google user,i cannot see the rider location,5.152.0,2021-06-12T08:29:05Z,5
A Google user,"bad feature with can have a lot of order food, so make customer waiting food too long. I will definitely uninstall grab",5.115.0,2020-09-26T15:11:58Z,1
A Google user,Like this app,5.11.1,2018-10-06T12:01:03Z,5
A Google user,Very poor Customer Service and customer help.,,2020-09-16T05:44:43Z,1
A Google user,Pickup Location sometimes not exact 100%,5.188.1,2022-02-13T07:51:24Z,4
A Google user,fast and reliable,4.20.0,2017-03-13T09:11:32Z,5
A Google user,"Macam mana nak link dgn maybank2u apps ? Pihak grab sendiri tak bagi saya guna mana2 email haritu, tapi apps suruh update email.",5.00.1,2018-07-09T00:21:31Z,1
A Google user,Grab car sometimes didnt want pick me up,,2016-10-21T13:34:01Z,5
A Google user,I use grab daily in Chiang Mai Its the best tool to get around!,5.59.0,2019-09-08T14:11:15Z,5
A Google user,Application full of crime,5.18.2,2018-11-09T22:31:16Z,1
A Google user,Upgrade wallet,4.44.1,2018-03-12T07:35:36Z,4
A Google user,"This app has booking fee. If ur in Singapore, use another app which is FREE BOOKING. This application developers called my sister and told her that there's booking fee, yet on the other hand replied my mom that shouldn't have and asked for the ticket id. Let's see if they will reply my mom email.",v2.5.2,2014-05-20T05:03:22Z,1
A Google user,Indonesia,,2016-10-26T09:39:31Z,5
A Google user,"Aku pengen pesan grab pakai promo tpi promonya ga bisa di pakai disruh liat T&C nya ga ada yg salah masih ga bisa. Kalau kalian ngebatasin orang pakai promo mending kalian ga usah bikin dari awal biar orang ga ribet, Masa kalau saya pesan grab trus drivernya minta cancel saya selalu di kasih yang driver yang jauh trus di minta cancel lagi karma jauh, klo untuk driver boleh lah tapi jangan buat sistemnya ke user, jadi klo drivernya minta cancel saya biarin aja gitu trus nunggu sampe dia cancle?",5.197.0,2022-04-22T04:33:41Z,1
A Google user,Excellent apps,,2023-08-28T00:57:52Z,5
A Google user,Very helpful app,5.50.0,2019-06-25T09:59:37Z,5
A Google user,Very good.keep up the good service,5.74.1,2019-12-21T01:06:16Z,5
A Google user,Ive been using my account for almost 3years then when i try my different address my account got suspended!,5.28.0,2021-02-23T12:52:12Z,1
A Google user,sangat membantu emak2 untuk bepergian,5.45.1,2019-05-21T03:42:41Z,5
A Google user,Okey,5.243.0,2023-07-04T15:22:39Z,5
A Google user,helpfull,5.52.1,2019-07-10T06:25:03Z,5
A Google user,take my OVO credits for extend subscription that I never asked. I want my money back.,5.57.0,2019-08-19T22:41:39Z,1
A Google user,Terrible app with many glitches. Very poor customer service. Customer service personnel tend to patronize their customers which is ironic.,5.55.1,2019-08-04T00:48:30Z,1
A Google user,Sa grabFood make sure the store are Open so that it will not Give Hustle to the Riders.,5.96.0,2020-05-14T03:57:52Z,3
A Google user,Good just wish there are more restaurants around my house area..,5.59.0,2019-10-05T08:55:15Z,5
A Google user,Very bad,,2020-08-05T10:23:49Z,2
A Google user,suka error,5.46.1,2019-06-05T09:58:03Z,3
A Google user,Best apps to used,4.16.1,2017-06-21T04:57:55Z,5
A Google user,Stupid app useless app cannot be used keep updating for wasting time,5.167.0,2021-10-17T07:38:33Z,1
A Google user,"some drivers are so lazy, for example, they ask their costumer to cancel the order with stupid reason",5.41.0,2019-04-25T10:18:56Z,2
A Google user,It's freaking good,4.43.1,2018-02-03T13:56:35Z,5
A Google user,ang ganda nitong app nato sobra,5.29.0,2019-01-27T06:31:10Z,5
A Google user,it's a good app,5.33.0,2019-02-27T05:31:08Z,3
A Google user,"Many times, pinned location are not at the right direction as where am I waiting this thing aaa make trouble between grab driver and me u know? I thought after I make an update its will be fine as it should but still same. So please repair your apps OK?",5.119.0,2020-10-24T01:46:13Z,3
A Google user,helpful! gamit na gamit namin 'tong apps na to. sulit!,5.64.0,2019-10-04T04:29:05Z,5
A Google user,"Habis delivery barang, apps selalu error, harus uninstall dan install ulang. Sangat merepotkan",4.29.0,2018-12-08T12:09:40Z,2
A Google user,So late but,4.50.1,2018-05-19T13:35:41Z,5
A Google user,Rude driver! Disappointing plate no. WEQ 294,v2.7.1,2015-03-20T23:00:03Z,1
A Google user,mempermudah,5.170.0,2021-10-14T08:10:27Z,5
A Google user,"lebih bagus dari gojek, sampe ke daerah sini, weleri",5.189.0,2022-02-23T08:03:40Z,5
A Google user,"The agent told me to uninstall and reinstall the app then after doing that the chat support is gone, such a scam service. Smart way from not taking responsibility for the bugs in the app.",5.174.0,2021-11-08T07:12:06Z,1
A Google user,Great Apps,5.54.2,2019-07-25T05:55:12Z,5
A Google user,I can't share delivery status to my friend. The share button didnt respond anything when i click the share button.,5.224.0,2022-10-28T04:06:09Z,3
A Google user,"So bad, i dont know what happen on my account, always show unavaiable offer and keep appeared notification that my account has an irregular activity.",5.32.1,2021-04-29T11:40:28Z,1
A Google user,So convenient to use. Definitely recommended for every one. Thanks,5.68.0,2019-11-01T06:05:27Z,5
A Google user,The promotion code should also be available when making the booking. Cause we have to go back to the notification and search for the promo code,5.55.1,2019-08-10T02:48:07Z,4
A Google user,GREAT PLACE BLOW THE HAVE BIG. JOYCE AND THE FINEST FLOWERS,,2022-07-17T13:56:30Z,5
A Google user,Very not user friendly,5.192.0,2022-03-22T12:25:55Z,1
A Google user,So many glitches. Promocodes are being validated but are not reflected on the payment. The tech support does not even respond.,4.33.1,2017-08-13T12:53:01Z,1
A Google user,best choice!,4.28.2,2017-06-10T15:12:16Z,5
A Google user,"Please fix this, after updated it getting very slow, and the promo code can not be used",5.08.0,2019-12-08T12:18:02Z,4
A Google user,I need you anytime but why why why difficult to open the application anytime i need you..please give an action to help me your most regular user,,2020-02-14T09:11:21Z,1
A Google user,"Nice app, easy to use.... Diskon & Promo nya Keren... Thank Grab for Transport & Food Delivery....",5.52.1,2019-07-13T09:49:56Z,5
A Google user,"Nice app,easy to handle,many use.",5.41.0,2019-04-23T03:47:26Z,5
A Google user,"BAD DRIVER, I ALWAYS GOT STUPID DRIVER",5.33.0,2019-03-08T03:25:50Z,1
A Google user,Grab needs to work on their location tracker. I already pinned or placed my location but it keeps asking me to write down my address after every food purchase. Why is that? I thought it's already given because I've set my adress prior to ordering.,,2021-10-28T04:43:50Z,2
A Google user,sexy,5.160.0,2021-08-11T02:57:17Z,5
A Google user,great app. I've been using this app for 3 years now. so far so good,5.152.0,2021-06-11T08:08:55Z,5
A Google user,"eror, can't create new :'-(",5.82.0,2020-02-05T22:41:24Z,1
A Google user,great apps and great promotion,5.57.0,2019-08-18T07:15:01Z,5
A Google user,"Grab is monopolizing the rides. Their fares are getting ridiculously expensive. Often the app says the fares are high due to high demand, even though I live in Klang Valley which supposedly has plenty of drivers. Where's the other competitors? Taxi is useless.",5.194.0,2022-05-18T05:51:38Z,1
A Google user,Easy and cheap,4.12.0,2016-10-23T05:42:23Z,5
A Google user,I Think its very helpful,,2018-04-06T01:23:01Z,5
A Google user,The app is ty good and with good offers. Only issue is without GPS it won't even open which causes issues.,4.21.2,2017-03-15T13:13:29Z,5
A Google user,"Was a great app but... jangan terlalu keseringan update2 deh, penuh lama2 storagenya",4.50.1,2023-02-24T11:59:57Z,1
A Google user,Bwisit tong grab na to lahat ng bibilhin mo sobrang mahal ng delivery fee mas maganda pa ang food panda mura lang ang delivery fee sana malugi ka grab,,2021-01-15T09:21:40Z,1
A Google user,good and convenient,,2019-05-19T10:22:14Z,5
A Google user,Bermanfaat,4.43.1,2018-02-01T02:11:17Z,5
A Google user,Saya tidak boleh membuat pembayaran grabfood melalui visa atau tunai,5.150.0,2021-05-29T03:31:01Z,1
A Google user,Super convenient!,5.44.0,2019-05-29T05:08:54Z,5
A Google user,"Saya suka pakai aplikasi, cuma promo kadang suka tidak jelas, kita dapat notifikasi, tapi waktu di klik.. Tidak bisa dipakai. Lalu OVO juga tidak terlalu banyak gunanya selain tidak harus bayar cash",5.148.0,2021-07-21T03:48:31Z,3
A Google user,i love it,,2019-06-05T02:18:42Z,5
A Google user,Loved it,4.15.0,2016-12-26T10:28:16Z,5
A Google user,Grab paylater is not working. It stated coming soon?,5.151.0,2021-06-03T14:30:17Z,1
A Google user,"App gak berguna. Akun tiba2 di-suspend. Padahal sudah banyak transaksi dan pakai bertahun. MENDING PAKAI PRODUK DALAM NEGERI SAJA, GOJEK LEBIH BAGUS PELAYANAN MENANGANI KELUHAN KONSUMEN. UN-INSTALL !!!",5.67.0,2019-10-31T05:21:52Z,1
A Google user,already turn on the location but the app keep asking to turn on again and again. so much frustrated,5.31.1,2019-02-15T06:22:21Z,1
A Google user,My order has been cancelled twice and I've been waiting for an hour for my third order to even get into the kitchen. This is the worst experience ever. My friend told me im better off with foodpanda,5.253.0,2023-05-14T09:41:59Z,1
A Google user,fitur sekarang kurang detail dan aneh,,2021-08-20T11:34:55Z,1
A Google user,Tak bisa diandalkan sewaktu hujan atau gerimis lebat,5.64.0,2019-12-01T13:30:56Z,1
A Google user,"Getting more expensive, cutting too much commissions from drivers and piling the charges on riders. Grab has evolved into a greed machine. Usually 3rd option for me behind tada and ryde.",5.160.0,2021-08-02T02:57:09Z,3
A Google user,Drivers not always available even though they show a whole lot on the map,4.8.0,2016-08-29T04:15:38Z,4
A Google user,"my corporate account suddenly disappear, I've confirmed with other employee but their accounts were fine. There still no solution from this app.",5.196.0,2022-04-11T04:06:25Z,1
A Google user,best appp everrr,5.17.1,2019-03-10T07:54:47Z,5
A Google user,Best app delivery food,5.42.0,2023-03-24T03:17:06Z,5
A Google user,food delivery issues are handled much more quickly by foodpanda,5.247.0,2023-04-07T15:46:26Z,1
A Google user,Daerahnya update,v4.0.3,2016-04-01T02:40:26Z,5
A Google user,明明我写了地方从哪里去和 终点 但是我search 的时候search 了很久都没人接 但是有人接了又没说 还是search 他必须打电话给我我才知道 这样如果不知道的人没听电话就会使到2个司机来 希望能有所改变,4.13.1,2018-06-03T02:44:02Z,1
A Google user,"tried to call a car early in the morning to go to school. called for 15 mins and NOT A SINGLE CAR was available. gran server kept telling me no cars available. not the first time either. i can call for a car the same time as my friend who is heading to a location near my final destination and she can get a car 10 mins before i do. it is no longer about whether the driver picks up or not, but more about how limited are grab drivers in general that there can be no cars available on a regular basis",4.36.1,2017-09-27T22:53:43Z,2
A Google user,Please improve your service more better.,5.09.1,2018-11-28T03:39:06Z,5
A Google user,"So far its been the most convenience apps in the market. Tremendous job for offering value-added services along with it. My only suggestion is, it could be great if passengers manage to book a driver few hours prior before pickup would help smoother their travelling plan rather than having book to wait for driver.",5.35.0,2019-03-09T04:36:40Z,5
A Google user,Service is OK.. But not satisfied with promotion.. Very hard to get ride with promo code.,4.42.1,2018-03-07T05:42:43Z,5
A Google user,Grabcar,4.13.1,2016-11-10T07:08:26Z,5
A Google user,Easy,5.51.0,2019-07-02T00:11:05Z,5
A Google user,Good good,5.104.0,2020-09-25T05:56:00Z,4
A Google user,Peta restoran sulit sekali digerakkan,5.137.0,2021-02-23T13:17:46Z,3
A Google user,Nice App,5.53.0,2019-07-13T23:50:58Z,5
A Google user,Make life easy,5.101.0,2020-08-28T08:17:04Z,5
A Google user,"Shall charge airport (klia &klia2) fees according distance, not fix price. Unfair to area only 20km from airport still need to pay myr65!!!!!",4.49.1,2018-04-21T19:53:46Z,1
A Google user,"I hate this app,because i can't log in my acount everytime!",4.53.1,2018-06-11T09:50:06Z,1
A Google user,Translation Ngaco. Tolong kasih opsi utk menonaktifkan Translation di GrabChat.. Makasih.,5.35.0,2019-03-10T00:51:18Z,4
A Google user,"Mainly 5 star except for the tuk tuks that accept the ride and don't bother to actually come and pick you up. Standing on a roasting hot phnom penh street in the sun, which a baby waiting for a tuk tuk that will never show up is not the best",5.96.0,2020-06-17T07:35:25Z,4
A Google user,Xo Good,,2018-11-21T03:11:12Z,5
A Google user,Like it,,2016-10-19T18:48:50Z,5
A Google user,fix your app!! reflected 7 minutes 18 minutes passed no appearance of driver. also your option of providing driver far from location on a lower cost is SO FUNNY! NOT CONVINIENT FOR BOTH DRIVER AND PASSENGER. DO YOU HONESTLY THINK OF THIS OPTION!!??? Your applications SUCKS!! UBER APPLICATION IS FAR BETTER THAN YOUR APP!,5.55.1,2019-08-06T00:55:08Z,1
A Google user,"Affordable, reliable, and safe travel",4.14.1,2016-11-27T16:31:12Z,5
A Google user,Convenience A+,5.104.0,2020-07-09T03:08:31Z,5
A Google user,Awesome service for international visitors,5.57.0,2019-08-15T03:42:56Z,5
A Google user,Force u to update,5.180.0,2022-03-30T09:42:28Z,1
A Google user,"Helpful, recommended",4.17.0,2017-01-24T12:12:40Z,5
A Google user,"Grab has no accountability or respect for its clients. Constantly accepting your booking and then cancelling. It took me over an hour to get a car but we can't walk as my boyfriend has an injury. Terrible service. Been dealing with grab through several countries and they blow huge wads Do NOT use them. Oh us and they also make you enter your pickup address (obviously) and then the driver calls to ask where you are, can't find you, etc. Then cancels when you tell them where you are, which is at your original booking location!!!",4.44.1,2018-02-16T13:39:24Z,1
A Google user,Very useful app and you get to meet very nice people and enjoyful rides!!!,5.74.1,2019-12-16T07:21:29Z,5
A Google user,Some location in Sungai Way and PJ is getting too expensive eventhough the destination is about 1 km only. I hope Grab can fix back the price because I think below 1 km it should be Rm5 only.,5.206.0,2022-08-31T09:21:10Z,1
****,"This is the third time in a week I tried to order but no driver is available.. Today alone, I ordered in 4 different food chains but I always end up CANCELLING my order because NO DRIVER WANTS TO TAKE MY ORDER. Waited for almost an hour for every order to be taken by a driver. VERY BAD EXPERIENCE FOR SOMEONE WHO USE YOU'RE APP FOR THE FIRST TIME.",5.95.1,2020-05-10T07:09:42Z,1
A Google user,Great app for lockdown times.,5.131.0,2021-02-04T02:20:33Z,5
A Google user,Cannot find driver,v3.4.1,2015-11-19T10:14:01Z,1
A Google user,"It's nice to feel safe and comfortable, grab lifts the standard of public transportation. The app is every user's friendly, convenient and easy access.",4.37.0,2017-12-25T14:50:48Z,5
A Google user,"Cash In via cards was very inconvenient. Sometimes it works but most of the time, it wasn't.",5.121.0,2020-11-24T00:06:53Z,3
A Google user,Excellent taxi and delivery app in Thailand.,5.58.1,2019-08-24T17:01:51Z,5
A Google user,"Obat mata om saya dari jec kedoya ke medit 1 ketinggalan di grabcar, cs-nya ditelpon katanya mau follow up..udah hari kedua blum ada respon, saya kecewa padahal obat mata tersebut penting buat karena harus diteteskan 4 kali sehari seumur hidup..mohon ditindak lanjuti karena saya berencana menyurat lewat media cetak!!!",4.14.1,2016-11-30T07:58:39Z,5
A Google user,The app was out of service this morning,5.170.0,2021-11-16T01:14:01Z,1
A Google user,easy and helpful,5.52.1,2019-07-13T12:54:24Z,5
A Google user,"I received a notification saying that I received $8. Went on to use the app. Turned out you had to key in some code to activate it. Now I paid $8 more and the credit is not valid. Worst still, the driver is a man so old that jammed brake every 2 minutes when there was nothing around. Disappointing experience.",4.8.0,2016-08-12T17:07:51Z,1
A Google user,Easy to use and there are cool promotions and deals,4.51.1,2018-05-27T17:47:30Z,5
A Google user,very useful,5.50.0,2019-06-25T10:51:21Z,5
A Google user,A lot of improvement. Good app,5.44.0,2019-05-17T12:28:14Z,4
A Google user,grab mcam bodoh jeee xleh gune langsung grab.. nk mntax selfie bagai.. bodoh nyerrr,5.64.0,2019-10-14T00:48:45Z,1
A Google user,"Grab tidak bagus untuk mencari lokasi, meskipun saya sudah mmenuliskan lokasi yang sangat spesifik. Mendingan Gojek daripada grab",5.32.1,2019-02-17T01:20:31Z,1
A Google user,Very convenient,,2021-06-08T11:04:55Z,5
A Google user,i like that,,2017-09-06T14:20:11Z,5
A Google user,App crashes after update,4.46.3,2018-03-05T14:39:08Z,1
A Google user,Login aja kagak bisa activation code salah terus padahal automatis,5.17.1,2018-12-12T10:40:46Z,1
A Google user,Good ride,5.180.0,2021-12-31T07:49:43Z,5
A Google user,Very fast delivery! ☺️,5.210.0,2022-07-19T14:43:17Z,5
A Google user,Grab Rewards Sucks,5.57.0,2019-08-11T18:19:32Z,1
A Google user,"Mahal ng delivery fee sa food tapos isasabay ka pa sa ibang order kaya mas matagal kang maghihintay. Ok sana kung mas muna delivery fee since isasabay ka rin nman sa ibang order, tagal tlga waiting time.",5.180.0,2021-12-31T08:11:35Z,1
A Google user,"The app is very useful and the fare is reasonable, however, I can't load my Grab cash using my bank account or my cards. It does not recognize my cards even I use it before to load.",,2019-07-26T11:56:21Z,2
A Google user,"can you please consider to change your policy about the rate and tip for the driver? so that even after giving them the rate, we can still give them the tip. because sometimes i forgot to give them the tip after giving them ratings. thank you.",5.216.0,2022-09-03T07:56:30Z,5
A Google user,"Worst customer support ever. I have to top-up my phone, call support, wait 10 minutes on call, to get back my money for food that was not delivered?? The Help Center is useless. There are no options for any realistic problems, and the solution is always to call them and wait for long on the call. Shame on you Grab. Employ more support people with the thousands that you make for your ""service"". Unbelievable...",5.216.0,2022-08-30T08:47:32Z,5
A Google user,Pretty good,5.79.0,2020-01-22T20:35:58Z,5
A Google user,"It keeps telling me that I have no internet but when I checked my wifi connection, it's in a strong state. Please fix it.",4.5.0,2016-06-03T12:55:37Z,1
A Google user,"Gosh the app is horrible. Slow, missing info, no proper mapping, no real time trace or booking indication, time restriction to every 15 min...... App designer ought to be shot!",5.188.1,2022-02-14T03:44:24Z,1
A Google user,essay and safe to travels,5.47.1,2019-06-04T19:39:23Z,5
A Google user,I basically spend more than RM40 occasionally per day on grab. I just wish I get some promos.,4.14.1,2016-11-19T14:27:08Z,5
A Google user,grab transport very good for us tq.,5.40.1,2019-04-13T11:00:30Z,5
A Google user,The best service app i ever use,,2023-04-02T11:18:15Z,5
A Google user,Very good app and helpful,4.40.1,2017-12-12T22:58:50Z,5
A Google user,I can't use grab car. No button for that. Please fix this.,5.108.1,2020-08-07T07:20:34Z,1
A Google user,"Nice grab, specially for grab food.",5.66.1,2019-10-19T07:35:21Z,5
A Google user,good improvement,5.51.0,2019-07-01T14:21:45Z,5
A Google user,Worst update ever cannot locate good. Shame,4.45.0,2018-02-20T05:33:31Z,1
A Google user,newbie...so far so good.,5.203.0,2022-05-31T14:11:46Z,3
A Google user,Please get rid of the clock and replace with numbers for grab hitch booking! Its so annoying and i cant pick the right time (AM/PM),5.63.0,2019-09-23T14:50:13Z,1
A Google user,good but still need some improvement,5.45.1,2019-05-18T06:27:33Z,4
A Google user,Not reaponsif and the driver not reliable. Status order already accepted but when we contact the driver said he didn't accept the order.,v2.8.1,2015-08-06T07:53:44Z,1
A Google user,Kok lambat bgt grab ini,5.59.0,2019-10-07T14:06:27Z,3
A Google user,တာဝန္ယူမႈနည္းပါတယ္ေငြေၾကးျပသနာေလးေတြေပါလာရင္တာဝန္မယူတဲ့ျပင္မေျခမငံေျပာျခင္ပါတယ္အဆင္မေျပတာမ်ားပါတယ္,,2019-02-08T15:53:08Z,1
A Google user,"I really fed up with this app. Everytime when we want to book taxi, the system coudn't find any for us. Especially when peak hour. In addition, the taxi uncle will always cancel our booking after few minutes they confirmed. This is really bad.",v3.6.8,2016-01-28T00:46:06Z,1
A Google user,I CANNOT CANCEL AN ORDER! I ORDERED AT 7:00 PM BUT THE ETA IS AT 9:00 PM. I CANNOT CANCEL IT!,5.272.0,2023-09-23T12:08:05Z,1
A Google user,versi 5.0.x malah ga bisa milih food yang terdekat malah fastfood yang jauh . toling opsi pemilihan reato dibalikan spt dulu .,5.76.0,2020-01-07T03:15:20Z,4
A Google user,very fast response,5.193.0,2022-03-25T04:56:10Z,5
A Google user,good..,5.45.1,2019-05-23T13:43:19Z,5
A Google user,more good than food panda..,,2021-05-05T01:24:35Z,5
A Google user,Susah betul nk bukak apps... 15kali tekan baru dpt bukak,5.79.0,2020-01-20T11:51:35Z,1
A Google user,"I installed it on Lenovo A7000/Android 6.0 successful. I can not use it as it always has error message :""Unfortunately, Grab has stopped"". Pls help. thanks",4.2.1,2016-05-13T07:12:06Z,1
A Google user,ใข้ง่าย ค้นหาอาหารง่าย,5.165.0,2021-09-05T13:00:48Z,5
A Google user,"overall, satisfied",5.45.1,2019-05-24T02:57:40Z,5
A Google user,Harga mahal sangat time pickhour... Nak letak harga mahal boleh tapi jangan la melampaui bataw sangat,,2022-06-24T11:38:29Z,1
A Google user,"No verify code send to me when i want to register my phone num,requests many times also didn't receive,because of this i need to take expensive taxi,bad app!!!",5.73.1,2019-12-05T05:08:18Z,1
A Google user,Mantaap. Banyak promo,,2020-02-22T15:11:16Z,5
A Google user,This is very helpful app. But sometimes you see there are drivers around the area but none are taking my requests,v3.6.8,2016-03-09T13:47:09Z,3
A Google user,The best...,,2015-08-28T00:27:03Z,4
A Google user,Driver nt available,4.17.0,2017-01-18T13:14:23Z,1
A Google user,titik jemput pada map sering tidak tepat dan menuju ke jalan sempit dan buntu,5.54.2,2019-07-19T00:59:07Z,4
A Google user,"If you're looking to use this mainly for food deliveries... Then no. Use foodpanda instead. One time, i ordered some food from McDonald's with the cost of rm35-ish. The order didnt arrive. And Grab? They did nothing. No refund no nothing. Recently, i mistakenly used ""scheduled order"" instead of deliver now. The scheduled delivery was in 2 hours, but i was already hungry. The thing is, they wont let me cancel a scheduled order?? I bet the food hasn't even been prepared as it is for 2 hours later.",5.177.300,2021-11-27T12:25:10Z,1
A Google user,Reliable and improved system,5.152.0,2021-06-27T03:16:43Z,5
A Google user,"Cannot use foreign-issued card, so was able to use mine for only two rides in Vietnam and then they blocked my card. Help centre is very bad.",,2023-10-20T08:27:56Z,1
A Google user,"Grab offering a free delivery + 20 off for first time user, but when I add it to my order you said I'm not eligibly for irregularity on my account? What irregularity? Changed my mind to order using this app. Now just uninstalled the app. You are not true to your offer Grab.",,2021-12-31T04:56:07Z,1
A Google user,yes ajah,5.51.0,2019-06-30T12:18:53Z,5
A Google user,"usefulll!! Apps,",5.50.0,2019-06-24T00:57:51Z,5
A Google user,"Terrible app, it will cost you your sanity",5.242.0,2023-03-03T11:27:32Z,1
A Google user,Aplikasi ini telah banyak membantu saya. Cara kerja aplikasi yang mudah dan nyaman. Juga para grab biker yg ramah2 :),v3.2.3,2015-08-28T03:50:10Z,5
A Google user,Banyak promonya..makasiiihhhh,5.123.1,2020-11-19T22:53:01Z,5
A Google user,nice app,,2019-04-18T02:38:45Z,5
A Google user,Akhirnya bisa login lagi dengan lancar dan menikmati promo OVO grab. Semoga lebih banyak promo grabfoodnya.,5.39.1,2019-04-08T15:42:50Z,5
A Google user,took long time to get a ride... not much available in certain area even in dengkil,,2022-05-26T11:10:20Z,2
A Google user,tiap order harus bikin akun baru ya baru dapet pengemudi??? masa mau order grab food gak pernah nyantol alasannya pengemudi sedang sibuk coba bikin akun baru langsung nyantol pengemudi kalo ada bintang setengah tak kasih bintang setengah,5.124.0,2020-11-22T13:28:44Z,1
A Google user,"Kau kasi dulu bole guna e-pemula selain grabpay, baru aku kasi 5 bintang. Dah la bagi voucher je. Bodo je claim kat kau. Better claim kat shopee je even tak leh beli online.",5.194.0,2022-04-12T03:06:41Z,1
A Google user,"I always have to Relogin everytime i open grab. even when my connection was good and sometimes my promotion code doesnt work, the payment was different from mine and driver",,2017-09-30T13:51:14Z,1
A Google user,Grab food delivery page becomes boring with just a poor animations it is better showing the driver location just like before.,5.76.1,2020-01-07T10:42:13Z,1
A Google user,almost good,5.50.0,2019-06-25T10:18:29Z,5
A Google user,grab food membantu ketika perlukan makanan. sampai di pintu rumah,5.250.1,2023-04-30T10:43:59Z,4
A Google user,Niceeeeeee,5.60.0,2019-09-25T08:23:24Z,5
A Google user,I don't know why my account was deactivated for no reason.,4.33.2,2017-11-23T04:04:08Z,2
A Google user,more money for driver please. a lot of nice guy work here,5.42.0,2019-06-13T07:26:57Z,5
A Google user,Greap and very useful apps,5.59.0,2019-09-07T05:00:43Z,5
A Google user,"rata2 drivernya kurang ramah, bahkan kadang membuat kurang nyaman penumpang",5.174.0,2022-03-14T05:48:06Z,4
A Google user,salah satu pilihan terbaik aku... kemana2 pasti pakai grab,5.51.0,2019-07-01T14:28:58Z,5
A Google user,Sign-up failed. Totally useless. Deleting.,4.42.1,2017-12-23T15:36:04Z,1
A Google user,Good one and the polite one...,5.190.0,2022-03-20T09:01:14Z,5
A Google user,my item was missing when i order grab food. i already complained but no one is reaching out or havent got any reply. the fact that after the order or order arrived. you cant see the drivers information anymore or contact details.,5.54.2,2019-07-22T20:36:59Z,1
A Google user,Even cheaper than uber App works fine,4.32.0,2017-08-07T08:31:08Z,5
A Google user,Iliked the svs..,4.53.1,2018-06-18T13:29:49Z,5
A Google user,"They don't have a heart for their riders, rider said the fare is too low!",5.180.0,2022-01-06T13:45:50Z,1
Pi************ab,Very good,5.76.1,2020-05-12T08:45:48Z,5
A Google user,Goodd,5.163.0,2021-08-24T06:15:42Z,5
A Google user,Its broken got high speed net but not letting me to rent what a waste,,2020-10-26T04:28:48Z,1
A Google user,Saya ga bisa pake packages yg saya subscrip,5.186.1,2022-02-08T00:55:39Z,2
A Google user,Good services...food comes accordingly,5.67.0,2019-10-28T11:41:14Z,5
A Google user,When the driver confirmation their pick up they should commit.. Kinda sad they wont even answer the phone.,v2.7.1,2015-03-17T09:32:58Z,1
Ma**********on,The best,5.80.1,2020-05-13T03:42:12Z,5
A Google user,"We had a bad experience booking grabcar. It took 5hours for us before we got one. I think driver choose the less kilometer or not more than 1kilometer I could say, very dissapointing.",v2.8.1,2015-08-25T07:32:59Z,1
A Google user,Grab help alot,4.41.0,2017-12-19T04:04:04Z,5
A Google user,so good so far!!,5.227.0,2022-11-21T07:02:44Z,5
A Google user,"Great app.. Easy 2book, easy about payment & luv costumers!",5.75.0,2019-12-13T05:03:00Z,5
A Google user,Very poor for multiple payment with OVO,5.01.0,2018-07-21T03:50:33Z,2
A Google user,grab always does its best to help customers,5.57.0,2019-08-13T20:43:15Z,5
A Google user,Good good nice,5.86.0,2020-03-12T12:42:18Z,5
A Google user,"Hari ini Grab kok rute-nya ngacau??? Rute yg bergaris biru itu bisa2nya bikin saran yg salah dan ninggal jejak yg berbeda dg rute yg sudah dilalui driver,. Biasanya enggak, lho. Tolong sistemnya dikondisikan, dong.... biar nggak ngacau lagi.",5.37.1,2019-03-26T03:54:28Z,4
A Google user,Been trying to contract the delivery for an hour cause delay of our food no update no responds cannot withdraw the order,5.168.0,2021-10-05T00:05:00Z,1
A Google user,driver are too slow and waste my time,4.40.0,2017-11-21T00:05:23Z,1
A Google user,This app is good,4.40.0,2017-11-19T13:04:30Z,5
A Google user,"Masuk air aplikasiny,bwa ke panglong bli baut2 yg lepas",,2017-04-16T20:37:39Z,1
A Google user,Innovation never stop,5.23.1,2018-12-16T09:47:08Z,5
A Google user,"In some feature, i cant access the promo and it is not clear how to spend our point in the app",4.27.1,2017-05-16T04:39:32Z,2
A Google user,bad app after updating,,2022-10-19T01:52:36Z,1
A Google user,its nice!,,2019-11-06T03:42:01Z,5
A Google user,Normal normal,5.107.0,2020-10-15T00:35:47Z,3
A Google user,amazing,5.48.1,2019-08-16T08:17:06Z,5
A Google user,"The price markups are ridiculous. My fare pricing had to increase from $20 to $30 just because there are no drivers nearby in an off-peak period. Depending on your location, the pricing system can be totally unfair and it feels like nothing will ever be done because the pricing system is too skewed towards crowded areas.",,2023-09-15T06:56:46Z,1
A Google user,The service OK only traffic very heavy,5.71.0,2019-11-22T10:28:55Z,5
A Google user,Bagus banget,,2016-07-05T19:36:03Z,3
A Google user,mantap kalii!!!!,,2019-04-22T03:28:22Z,5
A Google user,Good transport services.,,2019-05-29T04:04:19Z,5
A Google user,ni knp ovonya gabisa dipake sih? makin ksni makin ga bner kayaknya,,2019-02-22T08:30:30Z,1
A Google user,"Driver bayag yg gak tanggung jawab,,gk mau nganter kesalahan di limpahkan le customer,, sedangkan driver yg byag bgto di grab tidak kenapa""",5.252.0,2023-05-07T19:43:16Z,1
A Google user,Simula nang mawala UBER pumangit din grab.,4.52.2,2018-07-16T00:24:57Z,1
A Google user,Hade pisan,5.19.1,2018-11-22T09:04:04Z,5
A Google user,"The worst customer service I've ever experienced. Three times now they just try to get me off the phone and then never follow up. They offer no way to talk to a supervisor or return with the same CSP, and they clearly never added any notes to my ticket. I am a project manager for web apps, so I know how to troubleshoot problems and solve them. If there is an actual problem in the app or your account, they can't help you. They just tell you to reinstall over and over and try to get rid of you.",5.142.0,2021-04-02T13:38:38Z,1
A Google user,Superapp my a**. It's been so hard tryna get a ride nowadays,5.177.300,2021-12-20T05:12:39Z,1
A Google user,aplikasi yang membantu,5.51.0,2019-07-01T05:25:33Z,5
A Google user,puas,5.17.1,2019-04-07T10:04:03Z,5
A Google user,All the other modes of transport were like more than 10 times expensive than this app. It helped us a lot in thailand.,5.19.1,2019-01-27T06:50:28Z,5
A Google user,it's a great puplic service we appreciate this app we love it,4.34.1,2017-12-01T10:59:53Z,5
A Google user,"Please please if you could inform the drivers that before they cancel the booking especially if the passenger has waited for a couple of minutes already have them write an explanation or atleast have them inform the passenger that they are cancelling it. Its completely a waste of time, especially if you are in a hurry or if there is an emergency.",5.75.0,2020-01-15T02:46:16Z,3
A Google user,Very fast,5.254.0,2023-06-03T13:01:54Z,5
A Google user,"the system to search driver was fast. you don't need to wait too long. the driver n services were good. it""s comfortable",4.18.0,2017-02-08T15:27:17Z,5
A Google user,"good apps, good promo, good discount.. very happy customer",5.50.0,2019-06-26T06:25:35Z,5
A Google user,niceeee,5.54.2,2019-11-02T02:54:02Z,5
A Google user,so good !!,5.45.1,2019-05-22T04:42:55Z,5
A Google user,"expensive fees,and i feel not fair for customers and also the grab driver",5.21.0,2018-12-13T00:11:08Z,1
A Google user,"So far, Grab is more reliable than other food service providers. 5*.",5.145.0,2021-04-20T14:53:13Z,5
A Google user,nice apps very useful and helpful,,2019-07-05T15:44:07Z,5
A Google user,Very usefull apps. Many promotions you can get.,5.63.0,2019-09-25T10:30:17Z,5
A Google user,help fully,5.55.1,2019-08-11T07:55:18Z,5
A Google user,Very helpful. Thank you for making this. God bless you all!!,5.54.2,2019-09-16T09:32:08Z,5
A Google user,"Tidak ada icon utk pemesanan grab food, grab ride, grab car🤕",5.205.0,2022-06-16T12:17:37Z,2
A Google user,perfect,5.49.0,2019-06-22T16:32:34Z,5
A Google user,"Your location marking sucks, causing mislead drivers and frustrated riders when trying to mark the location. Also promo code is useless when no drivers will pick you up. Even there are 5-6 cars nearby",4.35.2,2017-09-21T00:19:46Z,1
A Google user,Grab a taxi was fun to used during our manila trip... is this available in Bacolod Area?,,2015-04-09T20:13:18Z,5
A Google user,"Complete, convenient and thorough. Love this app. Hope they expend more in Melaka area",5.55.1,2019-08-18T06:30:37Z,5
A Google user,Uber were are you??,4.53.1,2018-06-25T13:10:11Z,1
A Google user,"Parah!!! Pesan makan grabfood kok orderannya borongan. Disamain kaya orderan paket barang. Parahnya lagi, tak bisa dilacak dari awal dan tidak bisa dibatalkan. Jadi harus rela dua kali lipat waktu tunggu. Harusnya setengah jam beres, mundur sampai 1,5 jam. Benerin sistemnya deh Grab",5.87.0,2020-03-11T03:54:00Z,1
A Google user,Kenapa app sering bgt eror,5.23.1,2018-12-20T16:06:29Z,3
A Google user,So I ordered in McDonalds and one gravy is missing from my Chicken Fillet so I was not satisfied about it. I message the Grab Support and they didn't even respond.,5.203.0,2022-06-01T16:02:04Z,1
A Google user,this the worst application ever created on earth,5.37.1,2019-04-06T13:54:49Z,1
A Google user,Cancel my trip after I've waited 15 minutes and no auto re-hail? 1 star for you!,5.277.0,2023-10-29T14:04:31Z,1
A Google user,Hope you include RFID in the company list to of payment. (SLEX),5.117.0,2020-10-09T02:52:16Z,4
A Google user,Super bilis ng delivery,5.123.1,2021-02-22T15:50:28Z,5
A Google user,The deposit is useless. It's easier/faster to get a ride when paying cash than using grabpay,4.27.2,2017-05-15T14:21:12Z,2
A Google user,"Grab is not convenience, it is trouble for me. Bcs some place difficult to get grab and sometimes they reject",5.169.0,2021-11-05T00:57:02Z,1
A Google user,Not sure,,2022-04-20T06:58:14Z,5
A Google user,sangat membantu,5.52.1,2019-07-08T08:01:49Z,5
A Google user,Bnyk gagal,5.90.1,2020-08-20T02:14:12Z,1
A Google user,Hjjfxj of Gu Thanks,5.94.1,2020-09-17T03:39:06Z,5
A Google user,Diskon nya parah sih ini. Gak kayak ijo satunya.,5.59.0,2019-09-02T15:38:05Z,5
A Google user,satisfied,5.175.1,2021-11-19T05:00:43Z,5
A Google user,lovely driver,5.254.0,2023-05-28T08:20:45Z,5
A Google user,Grab is an innovative way of hiring cabs especially for PWDs like me. Hopes the people managing it keeps innovating for passenger's interests.,5.19.1,2018-11-20T11:15:11Z,4
A Google user,"bagus,simple, sangat membantu",4.17.0,2017-01-17T01:27:17Z,5
A Google user,Well Done,5.15.1,2018-10-30T08:01:32Z,5
A Google user,New updates to the app much better . Overall good reliable service and the customer care is fantastic . I'm a huge fan of the company,5.59.0,2019-09-11T12:16:14Z,5
A Google user,Thanks grab!!,5.117.0,2021-02-08T05:11:49Z,5
A Google user,"Used for cars whilst travelling in Malaysia, works everytime and plenty of friendly drivers, all with clean, reliable cars.",5.52.1,2019-07-10T12:38:45Z,5
A Google user,Heeeeey that's pretty good,,2019-03-17T07:07:13Z,5
A Google user,Please provide option to cancel booking while in progress. Same with uber that a rider need not wait for the processing before you can cancel. It's a waste of time for both the driver and the rider.,4.52.2,2018-06-01T05:34:55Z,4
A Google user,Grab adalah agama kemalasan baruku.. aku menyembahmu wahai grab,5.60.0,2019-09-17T06:36:20Z,5
Ha*******fi,not bd,5.91.2,2020-05-04T14:24:00Z,5
A Google user,Very good service but some driver wait for haigh rate...,5.76.1,2020-01-20T02:06:40Z,5
A Google user,"Ini grab, tapi yang komen ada kata ubernya -:-",5.73.1,2020-01-21T04:58:05Z,5
A Google user,Good for transportation,4.43.1,2018-02-02T19:11:30Z,5
A Google user,goood man,5.210.0,2022-08-06T18:08:29Z,5
A Google user,Bug wit street auto spelling. Not very intuitive,v2.7.3,2015-06-12T03:26:34Z,1
A Google user,Please help. I unable to activate it as it says will send a 4 digit code to my phone number never send at all. How to activate?,5.07.1,2018-08-28T13:51:12Z,2
A Google user,Very helpful and easy to use..it'll be even great if it can include toll payment into the fee at booking stage,5.03.2,2018-11-11T11:59:53Z,5
A Google user,on time schedule,5.38.1,2019-04-01T20:33:21Z,4
A Google user,Very slow loading when opening the apps. So many steps in confirming the trip. So frustrating. Im using galaxy s7.,4.39.1,2017-11-15T01:19:29Z,1
A Google user,"Can you add a feature in your grabfood where a customer can leave a note to the merchant, because i have allergies and i wanted to let the restaurant know not to include certain ingredients that i am allergic to.",5.258.0,2023-07-01T09:28:05Z,4
A Google user,Okay.,5.60.0,2019-09-28T06:56:12Z,5
A Google user,"Great app,keep it up",5.54.2,2019-07-27T02:04:19Z,5
A Google user,Sediakan lebih pitstop location. Pls fix it,5.53.0,2019-08-06T04:50:43Z,4
A Google user,"I cant open the app,try to uninstall and reinstall still cant open it.what happen grab?",4.42.1,2018-05-15T02:45:40Z,2
A Google user,Helful,5.81.0,2020-02-19T04:29:58Z,5
A Google user,"As of Feb. 20, 2020. I think Grab Philippines needs to audit their drives especially in Cebu. For the past couple days, I had issues with drivers who accepted fares but did not communicate, had me wait for 20mins even if trip can be done in 3mins and did not cancel even if they didnt want to take the trip. Same thing happened on another trip, driver accepted, his distance from my location less than a kilometer, 5min trip but took 25 mins plus took another street, made me walk to meet him.",5.84.1,2020-02-20T11:55:00Z,4
A Google user,Its very easy to use.. its so helping me everytime,4.15.0,2017-02-07T22:14:21Z,4
A Google user,Can't open the app after installed,5.16.1,2018-11-06T09:50:53Z,1
A Google user,all okay,5.168.0,2021-09-30T10:20:01Z,5
A Google user,"Tambahin fitur call via wa/line dong, jadi kalo ga ada pulsa bisa telpon via inet.",v4.0.4,2016-04-21T14:21:34Z,3
A Google user,Quick and nice,5.49.0,2019-06-14T12:14:07Z,5
A Google user,the best always,5.251.1,2023-05-04T10:45:55Z,5
A Google user,White screen,5.116.0,2020-09-30T10:21:13Z,1
A Google user,kadang susah cari drivernya,5.47.1,2019-06-09T13:14:54Z,5
A Google user,great app great deals and great people,5.45.1,2019-05-22T07:58:56Z,5
A Google user,Nice application,5.160.0,2021-08-08T23:16:25Z,5
A Google user,"Easy to use, you can find who drive so less mistake for both user and driver",4.6.4,2016-08-04T00:20:22Z,5
A Google user,Banyakin lagi diskon,5.155.0,2021-06-24T12:10:05Z,5
A Google user,"Easy to use app, highly accurate gps driver detector, and it has pretty much everything i need in one app",4.5.1,2016-06-16T00:49:57Z,5
A Google user,ห่วยแตก,5.66.1,2019-10-22T11:55:02Z,1
A Google user,Thank you catherine Segura,,2016-04-27T10:56:08Z,5
A Google user,Its been safe,,2020-01-10T16:42:25Z,5
A Google user,grab paling murah,5.58.1,2019-08-26T09:50:27Z,5
A Google user,for grab pay some day can use after that system say invalid. now input again but show failed massage.,4.26.0,2017-04-20T13:41:33Z,2
A Google user,Very smooth,4.53.1,2018-06-17T07:35:16Z,5
A Google user,thankyouuu,5.175.1,2021-11-23T08:30:37Z,5
A Google user,Thank you.,5.49.0,2019-06-21T06:55:06Z,4
A Google user,Alhamdulillah,5.54.2,2019-07-22T11:37:24Z,5
A Google user,"They provide service to call taxi/ojek from home, while I need to go to ATM machine just to top up the so called ""grab pay"" to enjoy their promotion. No, customer service said that e-banking is not supported.",4.28.2,2017-06-13T10:13:17Z,1
A Google user,"Saya hapus aplikasi Grab lebih karena sikap 1 orang driver grab yang ga ramah saat menghadapi complain saya yang sudah sopan santun.. ""Karena nila setitik, rusak susu sebelanga"" - indonesian quote",,2021-02-08T13:51:04Z,3
A Google user,KEMAHALAN,5.101.0,2020-06-29T00:23:08Z,3
A Google user,"I don't placed order, food deliverwd? 2. Want to pay then out deliver are, please closed this app and your company, just a scam",5.177.300,2021-12-11T06:24:37Z,1
A Google user,uyeeeer,5.86.0,2020-03-07T07:15:00Z,5
A Google user,"I wonder why I can no longer see GrabFood, Grab Car on my choices?",5.99.0,2020-06-01T16:37:04Z,2
A Google user,"i hve experience many times forgot my belongings but grab are so good and return it to me , easy to book, so far , i like all the cars and drivers too, for their service , im safe , good luck and more power GRAB.",5.42.0,2019-04-27T01:47:46Z,5
A Google user,"nice! it's simple to use it, but there something wrong with the waze map.",v3.6.8,2016-07-26T11:11:03Z,4
A Google user,Really helpful,,2019-10-22T10:20:34Z,5
A Google user,"Whoever programed this app on how to locate ""home"" is an imbecile. Ur telling the app the mark ur home but it refuses to confirm the actual location and moves to a different location. Useless app. Relies too much on landmarks. Why add ""address"", when u can't put ur pin on the actual address like waze??? Idiot much?",5.67.0,2019-10-20T12:08:47Z,1
A Google user,ayos naman so far,5.52.1,2019-07-08T04:30:29Z,5
A Google user,Tip Top,5.137.0,2021-03-09T09:30:54Z,5
A Google user,"Agak kecewa, kemarin tgl 25-09-2020 saya pesan grab food di toko kue untuk keperluan kantor. Saat barang datang tidak ada bill pembayarannya, saya kira berada di dalam packing'an kue. Ternyata tidak ada, saat mencoba menghubungi si driver no tdk terhubung alias tdk aktif. Lapor ke pihak grab hanya di bantu via email, iya kalau itu driver buka email kalau tidak? Kok bisa grab menerima data no. hp yg sdh tidak dipakai lg? Lalu cara menghubungi si driver jika ada kendala bagaimana?",5.109.0,2020-09-26T04:38:13Z,3
A Google user,Registration always failed,4.33.2,2017-08-16T10:38:42Z,2
A Google user,"Today the app made a mistake on the pick up point, and charged me an extra fine. I feel they stole from me. How can you charge the customer for your own mistakes?",5.275.1,2023-10-16T11:16:20Z,1
A Google user,Very helpful transportation,5.152.0,2021-06-07T05:55:35Z,5
A Google user,Comfortable app,5.131.0,2021-01-11T11:48:19Z,5
A Google user,Tks,5.93.0,2020-04-20T18:59:03Z,5
A Google user,thanks Ang bilis Ng delivery,,2022-11-02T13:16:38Z,5
A Google user,It's nice,4.46.6,2018-03-23T04:56:24Z,5
A Google user,"my account got suspended without any reason at all. i reached out to their suppory online, but until now, i haven't heard anything from them they didn't even tell me why am i being suspended.",,2020-06-07T12:06:33Z,1
A Google user,The app is logging me out automatically plus more drivers are cancelling the bookings..how rude,4.42.1,2018-07-17T11:23:26Z,1
A Google user,Its ok,5.07.1,2018-11-17T08:18:31Z,2
A Google user,taxi,,2019-07-15T22:08:19Z,5
A Google user,Been using this app A LOT! And I totally love it,5.128.2,2021-01-01T06:19:39Z,5
A Google user,love it,,2019-07-11T09:17:14Z,5
A Google user,theres no cancel menu if the restaurant are closed in the operational time and the driver wont canceled because they afraid their performance are gonna dropped,5.135.0,2021-02-20T11:54:08Z,4
A Google user,Verry good,5.72.0,2019-11-22T11:36:49Z,5
A Google user,application that is simple and easy to use,5.32.1,2023-04-25T06:40:06Z,5
A Google user,Allows me to contact the driver with very much ease!,4.13.1,2016-11-06T08:54:55Z,4
A Google user,Good services,5.82.0,2020-12-20T07:59:40Z,5
A Google user,Good to mach,,2018-05-09T06:28:21Z,5
A Google user,Very useful,5.117.0,2021-10-13T05:19:53Z,5
A Google user,rediculous fare hike and app screw up at certain times.,4.51.1,2018-05-26T21:20:01Z,1
A Google user,Easy and excellent service,,2019-07-05T04:46:56Z,5
A Google user,Very helpful to people,5.57.0,2019-09-05T10:49:00Z,5
A Google user,great app. innovative. keep it up,5.204.0,2022-06-16T03:12:45Z,5
A Google user,Very convenient and reliable.,5.46.1,2019-06-04T09:04:04Z,5
A Google user,Too expensive,4.32.1,2017-08-16T09:16:19Z,1
A Google user,I just downloaded it and the verification is so slow Edit: and it took me two goddamn days to receive it -_-,4.52.1,2018-05-27T04:56:35Z,1
A Google user,"very excellent driver...,,",5.199.0,2022-05-09T07:27:48Z,5
A Google user,its good,4.24.1,2018-03-01T09:10:32Z,5
A Google user,The fare is getting higher and higher day by day. From Rm10 it can go up to like RM30 although it's not at the peak hour,5.198.0,2022-04-29T02:36:14Z,1
A Google user,Make more promotion,4.19.1,2017-02-11T11:51:04Z,5
A Google user,hardly earned points easily expired $$$$,5.261.0,2023-07-09T14:31:18Z,2
A Google user,Would be good if if actually used my real location for pickup rather than some almost random place further away than walking to the nearest large road and hailing a white cab,4.27.2,2017-05-23T05:38:26Z,3
A Google user,Thank u grab karenamu apapun jadi mudah :)),5.70.0,2019-11-09T10:45:59Z,5
A Google user,The service is good unfortunately they have good attitude with customer,5.83.0,2020-02-15T05:23:50Z,4
A Google user,ठिकै लाग्यो मलाई नि,5.59.0,2019-10-25T04:03:06Z,5
A Google user,"Konyolll emang, ada abang grab e nabrak ga jelaas, minta maaf kaga malah gw yang di plototin, kasih tau lahh weh",5.225.0,2023-02-23T02:26:16Z,1
A Google user,Very good for me,5.76.1,2020-01-06T11:47:03Z,5
A Google user,just keep the good work.. and you will be bless.,5.167.0,2022-01-21T09:26:08Z,4
A Google user,No car but they charged my card,4.13.1,2018-09-21T11:25:42Z,1
A Google user,Sangat berguna sekali..dan tolong ditambah promo2nya..thanks grab,,2020-01-03T12:47:42Z,5
A Google user,Many address for small streets don't show on the search engine. The map is also outdated compared to the new Google maps,4.42.1,2017-12-29T09:44:02Z,3
A Google user,I can't update,5.190.0,2022-06-16T06:02:09Z,1
A Google user,Nice app n convenient to use,5.81.0,2020-01-29T03:27:55Z,5
A Google user,I'm so satisfied,5.273.0,2023-10-04T12:07:40Z,5
A Google user,Never show food pictures in restairant we ordered..,,2021-03-26T12:59:03Z,1
A Google user,"Pertama kali pakai delivery, susah input alamat penerima",5.93.0,2020-04-21T01:36:46Z,3
A Google user,Best of the best,5.167.0,2021-09-27T16:22:20Z,5
A Google user,Great thanks,5.79.0,2020-01-22T10:36:50Z,4
A Google user,selalu dpt driver yg jauh.. kesel bgt,5.74.1,2019-12-09T10:43:28Z,5
A Google user,Sippp,,2021-02-07T16:25:56Z,5
A Google user,I don't know what would I have done if there wasn't Grab service.,5.170.0,2021-10-16T05:40:22Z,5
A Google user,dis grd my porfet mony all teak veri bead aspp help,,2021-01-29T18:18:14Z,5
A Google user,"Cab location doesn't get updated in real time. The map feels pretty static. Please refer the Indian App Ola. I have taken a screenshot of how the cab had arrived, yet it showed at a faraway location. Please reach out.n",5.220.0,2022-10-22T08:17:16Z,3
A Google user,"Facing login issues Cannot reset pin. Cannot contact helpdesk. Cannot purchase giftcards - no response from helpdesk. With all these glitches cropping up recently, I am starting to think that I should and cannot rely on Grab any longer.",5.223.2,2022-10-19T11:59:28Z,1
A Google user,GOOD,4.24.1,2017-04-08T06:43:31Z,4
A Google user,What happened? it can't be downloaded,5.84.1,2022-02-25T14:28:49Z,1
A Google user,Klassic,5.107.0,2020-08-02T04:25:06Z,5
A Google user,"Instant express service is worst service , placed order the rider cancelled in 3 hours time ,then booked second time cancelled again , they stated delivery guaranteed but 5 hours no signs , chat with support said sorry & gave 3 $ voucher . After that they added surcharge to 22$ from 9.40$ .1. they just wanna make customer desperate and pay more , 2. They don't honor the instant delivery . Very bad experience,",5.239.0,2023-02-03T09:11:16Z,1
A Google user,Super,5.248.1,2023-04-10T17:14:10Z,5
A Google user,i like it,,2019-07-26T13:12:47Z,5
A Google user,untuk wilayah ambon tarif grabcar mohon dipertimbangkan lagi *kemahalan,5.53.0,2019-07-31T09:18:20Z,5
A Google user,bgud,5.141.0,2021-03-24T12:13:05Z,5
A Google user,Joss,5.47.1,2019-06-02T17:53:42Z,5
A Google user,"Easy to use, banyak promo",5.69.1,2019-11-08T09:32:50Z,5
A Google user,Very convinient,5.59.0,2019-09-07T12:53:02Z,5
A Google user,Menindas Rider,5.143.0,2022-08-05T03:27:15Z,1
A Google user,Gambar gavdi unduh,,2022-11-29T07:16:26Z,1
A Google user,Sampah punya app.. Sampai sudah tak boleh login,5.203.0,2022-06-04T12:04:11Z,1
A Google user,"For Grab Myanmar, most cars are old**really old and some even don't provide air conditioning. Some cars are really old and can't even think this is a taxi provided through Grab. Better control your quality. Or you'll lose your customers.",4.53.1,2018-06-09T11:00:04Z,1
A Google user,pertahankan dan terus menjadi lebih baik dan murah...,4.21.1,2017-03-11T14:09:17Z,5
fa*****************ri,Sangat membantu,5.76.0,2020-05-12T08:08:22Z,5
A Google user,cool stuff!,4.19.1,2017-02-27T08:43:49Z,5
A Google user,helpful druver delivered back phone at wee hours,5.50.0,2019-07-18T16:01:23Z,5
A Google user,Good great easy simple,5.155.1,2021-07-01T04:44:17Z,5
A Google user,Best of best,,2017-05-29T06:50:41Z,5
A Google user,suka banget sih sama ini app cuma sayang aja promo cashnya tidak sebanyak dulu dan ongkirnya dulu 4.000 sekarang jadi 13.000 :(,5.128.2,2020-12-31T14:45:31Z,4
A Google user,Getting the apps closed when i want to contact drivers in the middle of transaction.,5.93.0,2020-04-26T15:36:49Z,1
A Google user,Grab is great but again my order was wrong... sucks,5.261.0,2023-07-07T12:09:00Z,5
A Google user,"Great convenient service, good value for",5.122.1,2021-01-07T08:09:14Z,4
A Google user,Customer service is not good,,2022-05-25T08:54:05Z,1
A Google user,Tetapi rewet,5.168.0,2021-10-02T16:24:52Z,5
A Google user,Works most of the time (98%). Customer Service hotline responds well. They are able to sort out some problem with delivery and such.,5.190.0,2022-03-15T04:22:05Z,4
A Google user,"Stupid app, Place order still not working",5.172.0,2021-10-28T08:25:25Z,1
A Google user,Easy for way,4.47.1,2018-04-05T09:50:17Z,4
A Google user,I like it BUT changes pmt to cash unexpectedly. Makes me think it isn't stable.,4.47.1,2018-04-03T09:19:08Z,4
A Google user,Promotes convenience and reliability,5.76.0,2019-12-31T17:54:48Z,5
A Google user,"No issues thus far other than the app sent the driver the wrong location. Not far, but it did add another 5-10 mins to the journey due to confusion. I'd still recommend the app, though; this was just a small glitch",5.151.0,2021-06-04T12:49:27Z,4
A Google user,"Always on high fare ,i do not see any traffic jam or another problem, traffic is easy and free. Scam?",5.201.0,2022-05-12T06:35:13Z,1
A Google user,awesome!,,2015-04-21T11:08:53Z,5
A Google user,I received receipt for trip i did not take. im not even in the country. now i have to check all my accounts to see if im charged. i cant login to my account,,2020-10-02T01:39:04Z,1
A Google user,good transport,5.43.0,2019-07-17T09:33:44Z,5
A Google user,Convenient! Professional!,5.141.0,2021-03-18T07:25:35Z,5
A Google user,"Di waktu-waktu genting sering unavailable rider, and then uber become first choice",4.27.2,2017-05-16T09:14:04Z,5
A Google user,no need selfie to booked,,2019-04-14T13:09:22Z,1
A Google user,Google,,2016-11-17T16:37:02Z,1
A Google user,Mana ini saya mau pesen eh fitur2nya gak muncul,4.16.1,2016-12-24T06:46:46Z,1
A Google user,"Bad apps n service so poor .. they owe me about RM4 .. twice Rides doesnt check the orders, always got wrong food and wrong quantity",5.263.0,2023-07-29T17:51:07Z,1
A Google user,Expensive. Just like taxi,5.73.1,2019-12-11T01:57:25Z,2
A Google user,"Well, I'm really2 satisfy with this service. Number 1!",4.46.2,2018-03-05T01:11:14Z,5
A Google user,cuba dulu,5.36.3,2019-03-25T14:17:25Z,5
A Google user,great helpful app,5.52.1,2019-07-09T07:23:56Z,5
A Google user,Wonderfull apps,5.85.0,2020-02-21T05:18:49Z,5
A Google user,Brilliant app in a city where licensed meter cabs won't turn on meter and try and charge tourists 3 x the fair!,5.75.0,2019-12-22T13:52:29Z,5
A Google user,good very good,5.171.0,2021-10-25T05:11:13Z,3
A Google user,grouped food orders are the worst. Grab managed to program it in the worst way possible and will discriminate against smaller orders or thos with voucher codes. There are literally idle grab riders outside. Why group the orders?,5.200.0,2022-06-04T00:53:45Z,1
A Google user,"always high demand, please do something on it, i want to save money but i pay double",4.32.1,2017-07-31T06:34:23Z,2
A Google user,"Udah di update, tetep aja map nya ngaco. Udah gitu ilang ilangan. Singkronisasi aja sama gmaps kan gampang sih. Kalo udah bener, baru saya benerin penilaian saya.",5.209.0,2022-08-02T13:27:19Z,1
A Google user,error??!!!,,2019-01-12T05:14:58Z,1
A Google user,Grab is the best ride,4.29.1,2017-07-11T12:27:02Z,5
A Google user,smashed,5.107.0,2022-05-24T03:28:58Z,1
A Google user,Very nice n excellent ride,5.104.0,2020-07-15T06:00:37Z,5
A Google user,Nicely,5.64.0,2019-09-29T14:10:04Z,5
A Google user,"Being charged SGD 4 for grabs IT issues in not notifiying end user of availablilty of service. This is not the 1st time this has happen. I paid before but this time, why should i. I waited...no response...looking for driver....so i cancel after a few mintues. But grab wants me to pay for me for their IT problems. No enough.",5.245.0,2023-04-01T19:59:41Z,1
A Google user,Gkj,5.157.0,2021-07-17T12:40:34Z,4
A Google user,Food orders good.. grab cars seem to except and cancel lots in cebu city. Taxi grab watch them because they like to take you on circles still. Still from tourist and this always wants you to come back. Can't seem to rate taxi operators on this app. Last one was the same as alot of taxi drivers in cebu. AJA 7240 taxi took me on 2 circles to run up meter and total price was 100 php above estimate by grab. Take grab car not taxi in or angkas when needing to go somewhere or try there bus system it's,5.195.0,2022-04-13T13:24:10Z,3
A Google user,This app is usefull for me,,2016-12-12T04:22:39Z,5
A Google user,grab terakhir yang saya tumpangin kurang sopan dan memaksa ngasih rate bintang 5 di depan dia,5.119.0,2020-10-20T16:46:46Z,1
A Google user,Perfect!!,5.57.0,2019-08-18T23:33:01Z,5
A Google user,Its more easy and convience.,5.70.1,2020-01-18T02:49:05Z,5
A Google user,Untuk aplikasi bagus hanya kurang banyak promo potongan harga.,4.21.2,2017-03-15T01:06:58Z,5
A Google user,no premium car option,,2019-07-17T14:07:43Z,2
A Google user,"Sudah hampir 2 jam, Grab Wheels tidak bisa di 'end trip', sudah telpon call center dan report via Apps tapi argo masih jalan terus",5.81.0,2020-01-26T04:47:04Z,1
A Google user,semuanya ok,5.35.0,2019-03-20T10:13:39Z,5
A Google user,Maju bersama Grab,5.36.3,2021-07-04T12:41:15Z,5
Le************80,Ok,5.95.1,2020-05-07T10:09:56Z,5
A Google user,easy to use and fast,5.57.0,2019-08-12T01:47:51Z,5
A Google user,Going to give 5 stars next,4.6.4,2016-07-06T05:03:32Z,4
A Google user,A must for anyone traveling in Thailand!,5.50.0,2019-07-14T12:08:47Z,5
A Google user,tnx,4.53.1,2019-03-30T01:52:21Z,2
A Google user,Very expensive,5.86.0,2020-07-11T06:31:49Z,1
A Google user,I enjoyed this app,,2021-04-01T04:30:24Z,5
A Google user,Da best app ever,v3.7.2,2016-02-10T02:41:05Z,5
A Google user,good app but sometimes it so lag,5.42.0,2019-05-03T12:36:50Z,5
A Google user,Best ever,,2017-07-04T13:06:58Z,5
A Google user,helpful apps,5.48.1,2019-06-11T08:26:50Z,5
A Google user,"Utk Aplikasi nya sih memuaskan, tapi toling dong utk menu Grab Food, harga yang tertera di menu grabfood tidak sesuai dengan di merchant dan itu membuat customer kecewa. Seharusnya harga di menu Grab Food sesuai dengan harga asli di merchant. Trims.",5.44.0,2019-06-27T04:58:51Z,4
A Google user,There is no place for me to share my opinion on the apps,4.37.0,2017-10-13T15:35:02Z,3
A Google user,Please give us dark or light background and also the choice for night google map,5.190.0,2022-03-01T04:10:42Z,4
A Google user,Happy and satisfied how grab do their transport service to people.,5.53.0,2019-08-31T15:41:56Z,5
A Google user,Bangladesh,5.66.1,2019-10-17T08:43:12Z,5
A Google user,makasih bang ojol,,2019-04-11T04:58:49Z,5
A Google user,that nice,5.192.0,2022-05-28T20:02:37Z,5
A Google user,Good services liked,5.12.1,2018-11-11T09:55:09Z,5
A Google user,nice app and driver,5.31.1,2019-02-15T10:51:03Z,5
A Google user,Pak cik Lan,5.245.0,2023-03-26T08:41:38Z,5
A Google user,Cannot open app after recent update,5.136.0,2021-02-20T06:34:36Z,2
A Google user,thank you ❤️,5.245.0,2023-03-21T06:45:36Z,5
A Google user,Aplikasinya di perbarui malah tambah kacau buangbuang kuota bagusan aplikasi yang lama nya,5.05.1,2018-10-11T14:18:23Z,1
A Google user,Best apps,5.98.0,2020-06-11T11:27:04Z,5
A Google user,Very helpfull but the new apps is slow,4.34.1,2017-09-15T23:13:14Z,4
A Google user,Reward yg diberikan terkadang tidak bisa digunakan,5.76.1,2020-01-08T02:11:27Z,4
A Google user,Helpfull Aplication,v3.7.3,2016-02-24T02:17:05Z,5
A Google user,It was amazing,5.147.0,2021-05-08T07:48:45Z,5
A Google user,sangat terbantu. jangan banyak update. thank's grab,5.119.0,2021-02-09T06:41:25Z,5
A Google user,reliable and safe :),5.57.0,2019-08-27T08:39:22Z,5
A Google user,NO DRIVERS ALWAYS JUST CLOSE THE APP,5.266.0,2023-09-28T11:18:15Z,1
A Google user,"i was drop on wrong location twice, and maps are not displayed.. it says Google Play Services are updating and yet i update already all possible updates and noting happened",4.50.1,2018-05-11T20:55:37Z,1
A Google user,Great service,5.156.0,2021-07-06T01:56:01Z,5
A Google user,Saya begitu terbantu adanya aplikasi grab,5.09.1,2018-11-04T04:39:43Z,5
A Google user,Loveyu grab byk promonyaaa.. sukaaa,4.36.2,2017-10-03T13:10:09Z,5
A Google user,thank you for the service,5.217.0,2022-09-03T03:12:40Z,5
A Google user,no comments,5.119.0,2020-10-24T06:45:03Z,5
A Google user,Drivers cancel you when you use a grab promo or such. I see many grabcars around my area and still no drivers accept. Switched to uber and less than 5 mins found a driver. smh,4.24.0,2017-03-30T07:59:46Z,2
A Google user,Wow best grab,4.42.1,2018-01-01T03:27:52Z,3
A Google user,please fix those serverss ! its a big issue for me ! and i think its happening to otherss ! fix the serves pleaseee,5.23.1,2018-12-20T11:53:58Z,2
A Google user,Free delivery option is useless. Even if we exceeded the amount and followed instructions. Information in app is misleading.,5.147.0,2021-05-07T13:29:14Z,1
A Google user,Terrible,4.43.1,2018-02-26T06:53:10Z,2
A Google user,like,5.44.0,2019-05-14T14:00:07Z,5
A Google user,Usefullll,4.27.2,2017-06-08T07:36:02Z,5
A Google user,Nice trip,5.155.0,2021-07-06T02:35:13Z,5
A Google user,"before you leave from your pick up point, confirm your driver wether Or not you like to use express way with Toll charges or Regular road with out any toll charges if you have buffer time, I would recommend go for regular road to cherish the city interior landscape Kingdom Of Thailand, Was Royal In There Treatment Champion Champion",5.223.2,2022-10-23T06:44:44Z,5
A Google user,"The customer service is careless. When I checked with them why my voucher can't be used but then they simply asked me to update to latest 5.246 version, despite I had screenshot proven no update button for me in google play. The fact is, the latest version is only 5.245 in google play!",5.245.0,2023-03-24T12:02:13Z,1
A Google user,Nice taxi app with fixed price. It's more comfortable to use when it reduced prices to 25% discount in Myanmar. I hope Grab will also give promo codes often to their users.,4.33.2,2017-09-14T18:40:16Z,5
A Google user,Bagus dan banyak diskonnya,4.11.0,2016-10-04T09:30:25Z,5
A Google user,Can't really used the top up money. The apps keeps on restarting itself,5.97.0,2020-05-22T16:37:07Z,2
A Google user,pin location given to your driver not same of my address,5.202.0,2022-06-21T04:16:47Z,1
A Google user,"Used for a taxi, fabulous service, quick, efficient and cheap. Would definitely recommend.",5.185.0,2022-01-27T07:06:33Z,5
A Google user,# favored Add this new version,5.02.1,2018-07-29T06:07:50Z,2
A Google user,TORRRRBAIK!!!!!!!!!,5.118.0,2020-10-10T08:39:39Z,5
A Google user,"thanks grab bike, pelayanan ok",v2.8.1,2015-08-19T00:44:02Z,5
A Google user,All good,4.29.0,2017-06-25T08:19:22Z,5
A Google user,Very user friendly.,,2021-07-03T09:25:39Z,5
A Google user,It's easy use and doesn't have annoying kinks,5.106.0,2020-09-19T09:28:21Z,5
A Google user,"Base in my experience to grab food delivery its good service and past delivery and the rider will followed instruction and kind, thank you grab food",5.141.0,2021-03-23T09:55:16Z,5
A Google user,This is good choice of transportation I like it,5.01.0,2018-07-20T15:17:17Z,5
A Google user,excelelent,5.36.3,2019-03-23T06:34:40Z,5
A Google user,🤗,5.32.1,2019-06-02T16:07:30Z,3
A Google user,Small order fee? C'mon!!! Boo!!!!!,,2021-03-05T06:13:31Z,1
A Google user,i hate this app,5.44.0,2019-05-17T09:30:55Z,1
A Google user,convenient and good,5.76.0,2020-01-02T00:00:13Z,5
A Google user,The app doesn't recognize non-Philippines ID documents! Why not?,,2021-07-16T02:17:23Z,1
A Google user,Percect,5.44.0,2019-05-17T04:24:13Z,5
A Google user,"This was the first time i tried asking for grab. As a customer i waited for 45 mins for someone to accept my call. Even then i had to call over 10 times. When finally one accepted the call i rejoiced. But he freaking cancelled me without a call to explain why. You guys will be doing a favour if you guys hide the final destination like uber, after all we are paying customer.",4.27.2,2017-05-28T13:09:16Z,1
A Google user,Very smooth ride.,5.226.0,2022-12-17T07:01:55Z,5
A Google user,Very powerful,5.64.0,2019-09-26T22:58:06Z,5
A Google user,"mau bayar pake ovo gak bisa, gimana sih.",5.12.1,2019-06-08T07:42:54Z,3
A Google user,MD Alamgir hossain,,2017-01-03T08:06:20Z,5
A Google user,nice work keep it up,,2018-03-07T01:39:21Z,5
A Google user,Kok daftar akun grab resend code-nya lama banget ya? Makin kesini pelayanannya makin buruk,4.12.0,2016-10-25T18:37:47Z,1
A Google user,Couldn't log in Tried so many times still need to reattempt pin number,5.135.0,2021-02-11T10:57:35Z,1
A Google user,Sometimes cant locate exact address,5.59.0,2019-09-10T05:25:58Z,3
A Google user,Goodmorning,5.132.0,2021-01-19T23:50:00Z,5
A Google user,Rrthhe,5.68.0,2020-04-20T11:08:39Z,4
A Google user,often bad signal. when driver request cancel or cancel by himself why the fare for me get higher? not fair for me,5.42.0,2019-05-17T13:37:59Z,4
A Google user,Excellent service.,5.72.0,2019-11-22T01:58:58Z,5
A Google user,Harga smkin mahal dan menunggu drivernya lama 5 menit lebih,4.15.0,2017-01-13T14:04:16Z,1
A Google user,Speedy,5.67.0,2019-11-24T02:49:37Z,5
A Google user,Easy to use. But still having trouble saving my home as a favourite destination. Grab please advise. Thanks,,2016-10-24T13:34:58Z,5
A Google user,Can u explain why others have promo codes and others don't have? How can we avail it?,,2015-07-07T09:57:47Z,1
A Google user,Good apps friendly and easy to use,5.57.0,2019-09-06T03:42:26Z,5
A Google user,"Sometime when I open the app, I suddenly exit from the app & when I want to try again it always comes out continuously.",,2019-09-04T13:17:52Z,1
A Google user,Chat nya sering gagal,,2017-12-20T08:52:00Z,1
A Google user,Best app you can trust.,4.16.1,2016-12-21T15:41:45Z,5
A Google user,It is a very good app to use when your in a rush for a ride and i really recommend it,,2017-05-10T14:44:14Z,5
A Google user,unimed,5.37.1,2019-04-16T06:25:58Z,5
A Google user,I cannot join the app,5.193.0,2022-03-24T08:35:38Z,1
A Google user,cannot open app,,2019-07-06T13:02:17Z,3
A Google user,"Aplikasi tolo... tanggal ganjil pesen order ke jkt dibawah jam 10 malah dikasih mobil genap, kena tilang kasian drivernya",5.196.0,2022-04-12T05:11:01Z,1
A Google user,The map and live status unable to be shown for the pass few days. Please rectify,4.50.1,2018-05-16T02:41:52Z,4
A Google user,Saya kasih bintang 4. Sekarang pesan GrabCar dapet yg jauh terus. Padahal yg deket banyak. Waktu jadi habis karna lama nunggu. Konsekuensinya driver yg kena imbas juga.,5.01.0,2018-07-23T09:53:04Z,4
A Google user,I can't install this app,,2020-06-18T21:59:42Z,1
A Google user,easy to used and easy to order food,5.51.0,2019-07-15T06:39:06Z,5
A Google user,Very good tecknowlegy,4.49.1,2018-05-09T00:42:42Z,5
A Google user,Very useful and very great application especially the apps user interface,5.60.0,2019-09-19T15:00:45Z,5
A Google user,Why now that I cannot reinstall the app?,5.117.0,2023-04-24T12:23:25Z,1
A Google user,I already in center Singapore but why my map still showing msia,4.26.0,2017-04-23T11:49:58Z,3
A Google user,Not able to download new verssion of grab on my handset. Due to which there is no grab on my phone,5.00.0,2018-09-20T05:45:10Z,1
A Google user,I used once the delivery service and then when i book for a ride it wont go back to transport service.. it sucks i have to uninstall it.. fix this issue! Its not funny!,5.49.0,2019-06-15T13:16:07Z,5
A Google user,Convenient!,5.132.0,2021-06-15T10:30:51Z,4
A Google user,The gps map is awful. Not acurate,4.20.0,2017-04-29T08:16:49Z,1
A Google user,banyakin promonya ya,,2019-07-15T12:29:03Z,5
A Google user,More city please,,2016-12-07T13:34:14Z,5
A Google user,High demand is the spoil part and now no more good offer..,5.00.1,2018-07-07T16:13:34Z,1
A Google user,pokoke mantaaab,5.22.1,2019-07-01T06:52:21Z,5
A Google user,"Your grab worker, Koh Leong Bock was very courteous n polite....i miss on rating his service earlier....good job...",5.110.0,2020-08-19T05:57:45Z,5
A Google user,terbaik,5.225.0,2022-11-02T16:56:19Z,5
A Google user,"Credit card can top up min, but why linked to online banking min top up is RM50. Huhu",,2021-04-02T13:06:02Z,5
A Google user,I can't see my account.. suddenly disappeared and the hell my points are all gone ??? What the hell ? You should fix this.. but the service of the drivers are good,4.27.1,2017-05-12T15:30:56Z,4
A Google user,Love this apps!,4.17.0,2017-01-08T14:33:37Z,5
A Google user,Nice and easy,5.75.0,2019-12-18T06:45:21Z,5
A Google user,"It's great, the promo is nice. Tapi pelayanan dari driver perlu ditingkatkan. Saya pernah mendapat driver yg marah kepada saya, tidak memiliki sopan santun, bilang bahwa saya tidak memberi kesempatan untuk mengejar point satu lagi, padahal nyatanya driver tersebut tidak memberikan informasi spt no hp jika terjadi sesuatu dan juga chat saya dg singkat yg tidak mudah dimengerti. Saya tidak memberikan bintang rendah kepadanya krn saya tau mereka butuh pekerjaan ini, tp ttp saja pelayanan yg buruk",5.97.0,2020-08-14T11:56:34Z,2
A Google user,One of the greatest apps! A must-have.,v2.5.9,2014-08-19T13:37:19Z,5
A Google user,Friendly driver,4.5.1,2016-06-22T10:07:37Z,5
A Google user,Now grab company is too much layer with the customer .,4.42.0,2017-12-29T20:15:49Z,1
A Google user,good.,5.34.0,2019-04-27T14:43:22Z,5
A Google user,kl bisa split bill lebih baik lagi apps nya nih,5.45.1,2019-05-21T15:55:19Z,5
A Google user,Love this app but...There is no way to turn off the recording of history or to delete history. Therefore any trips that you do not want people to know about are easily available for them to see. Even if you reinstall the history data is kept.,v2.6.3,2015-02-09T20:16:47Z,1
A Google user,tidak ada yang mengambil sama sekali,5.47.1,2019-06-05T04:33:34Z,1
A Google user,I can't activate my grab,,2017-09-19T22:45:39Z,1
A Google user,excellent driver,5.258.0,2023-06-29T02:39:22Z,5
A Google user,Kenapa suka not responding si? Update versi malah makin jelek,5.58.1,2019-09-07T08:21:16Z,3
A Google user,Good and convenient,5.85.0,2020-02-28T08:11:46Z,5
A Google user,Nice application and service,5.71.0,2019-11-22T04:19:53Z,5
A Google user,sip,5.44.0,2019-05-20T09:15:08Z,5
A Google user,No driver,5.180.0,2022-01-09T23:53:54Z,2
A Google user,seronok kaka,5.73.1,2020-01-15T04:13:09Z,5
A Google user,Nice!,5.55.1,2019-08-09T01:24:36Z,5
A Google user,Hi.. Can you help me to register account grab..i not receive email from grab because email at grab apps not accurate with my email fon.. I try to chance my email but still not successful.. Please respon,5.101.0,2020-06-20T13:08:16Z,1
A Google user,So helpful!,5.63.0,2019-09-28T14:42:08Z,5
A Google user,Fast delivery,5.150.0,2021-05-27T02:53:01Z,5
A Google user,Awesome service,5.39.1,2021-01-29T16:51:43Z,5
A Google user,On time!!,5.101.0,2020-07-12T15:35:17Z,5
A Google user,I can download it but cannot sign up. So how can i get in? Sucks,,2017-11-28T11:26:52Z,1
A Google user,Top markotop,5.55.1,2019-08-12T14:24:04Z,5
A Google user,Noob app for driver..rider easy request for fake booking and easy complain about driver..driver become a slave for grab and grab take money for drive..please teach ur rider when ready than booking..not in bathroom than booking..that no meaning..just put a penalty if no rider apear in 3 minute..dont make ur driver like ur slave,4.44.1,2018-04-07T07:26:14Z,1
A Google user,Promo grabfoodnya bikin susah nahan jajan..,5.131.0,2021-01-21T05:31:10Z,5
A Google user,"Been a long time Grab user, i recommend this app for people who need to be in places fast and cheap. I've encountered no problem what so ever so far, my only problem is that with this new ovo update i can't tip the driver, could you please add an option to tip the driver using ovo",5.06.0,2018-11-06T10:02:43Z,5
A Google user,Can't open the app,4.50.1,2018-04-30T11:02:51Z,1
FL********NA,Lumayan sudah jd langganan sehari hari. Tp driver banyak tidak se sopan sebelah. Mohon ditingkatkan lagi ya semua layanannya.,5.94.1,2020-04-29T10:22:33Z,4
A Google user,grab should require all their delivery peepz to hand the official receipt and not just the grab receipt. make this part of ur SOP even if the customer doesnt ask for it,5.143.0,2021-04-10T01:58:40Z,3
A Google user,Very Good Service,,2020-08-12T08:29:40Z,5
A Google user,Awesome app that helpful people in transportation mode,5.48.1,2019-06-09T15:41:10Z,5
A Google user,I always get the best service. Excellent job!,5.55.1,2019-08-09T06:53:34Z,5
A Google user,Really helping us!,4.21.2,2017-08-25T14:34:26Z,5
A Google user,The app is ok but it may need these improvements: - Car type info should show number of passengers allowed to help users decide better. - Scheduling rides does not seem to work on all services. The app should hide the button if it is not available to the selected service or maybe tell which service can avail it. - Location should not be required but only be prompted when the app is loaded. - The app could show estimated time of arrival or ETAs.,4.50.1,2018-05-06T20:53:15Z,3
A Google user,unable to log in,5.57.0,2019-08-17T09:29:51Z,1
A Google user,Just love it!,4.15.0,2016-12-07T14:13:21Z,5
A Google user,Really bad because the driver will charge you and still cancel on you,5.59.0,2019-09-12T04:36:07Z,1
A Google user,Their cars and motorcycles are unreliable and low quality because a number of driver reports to have some kind of car breakdown. This incident happens a lot. Use another app. The car breakdown might happen to you during your ride.,,2018-04-27T04:15:42Z,1
A Google user,Smooth comfy ride.,5.136.0,2021-02-22T12:12:45Z,5
A Google user,i can not apply yfor this application,,2019-02-12T13:06:42Z,1
A Google user,Grab is the best application than others. Loved it.,4.10.1,2016-12-13T16:38:29Z,5
A Google user,"Smooth app I must say. Because my phone is rooted, I can't really use the pay system. Even reloading cash onto the app is troublesome for me. But apart from that, everything else us good enough. Just as long as they don't stop us with rooted phone from using the credit payment for grab car",5.59.0,2019-09-10T07:23:02Z,5
A Google user,Helpful and Safe..,5.60.0,2019-09-26T06:24:34Z,5
A Google user,Totally love should giv me more reward n discount,,2017-04-24T17:27:23Z,5
A Google user,"Tap n pay, still have to launch the app. Can't tap when never launch.",5.237.0,2023-01-28T06:27:59Z,1
A Google user,Thanks..... It is helpful,5.132.0,2021-01-20T05:24:58Z,5
A Google user,Awesome !!!!,5.60.0,2019-09-17T14:48:59Z,5
A Google user,Manthub,5.60.0,2019-09-20T14:30:37Z,5
A Google user,"Fast and reliable, but sometime the map of driver's location was not accurate. In overall, I love Grab!",4.41.0,2017-12-05T01:39:05Z,5
A Google user,This might be Malaysian favorite app for getting around and being lazy during weekends (Grab Food),5.64.0,2019-09-28T12:16:43Z,5
A Google user,Terrible experiences with the Grab in Singapore. Unprofessional management. Please use other apps as their prices are lower too.,5.200.0,2022-05-19T03:32:23Z,1
A Google user,Sometimes shows incorrect place..,5.101.0,2020-07-16T04:18:09Z,4
A Google user,Harga makanan di mark up padahal sudah dikenakan biaya pemesanan.,5.268.0,2023-08-31T08:25:48Z,2
A Google user,I can't receive a code! Even a verification call!,5.23.1,2018-12-20T09:54:06Z,1
A Google user,"Great app, can't deny . But I do have some minus points. Whenever I try to book a ride , it popped up you have an ongoing ride which is not . 2nd , the price way tooooooo highhhhhh",5.196.0,2022-04-19T11:10:32Z,3
A Google user,very expensive,5.79.0,2020-01-22T10:35:51Z,1
A Google user,Got promo this week's for 20 trip below $5.,v3.8.2,2016-03-17T04:03:28Z,3
A Google user,🤗🤗❤,5.76.1,2020-01-06T09:54:08Z,5
A Google user,"Berguna saat ingin pergi ke tempat jika tidak bisa di antar, tetapi terkadang gps nya salah dan harganya naik sedikit.",,2019-08-16T11:50:23Z,4
A Google user,app saya sudah update kok masih ada tulisannya suruh update ya,,2019-05-27T07:04:08Z,4
A Google user,Excelkent,,2019-09-28T21:39:56Z,5
A Google user,get driver fast and easy,,2017-01-16T01:05:41Z,5
A Google user,I took grab share thinking another pick up would be going the same way where we are headed but we were taken totally on the opposite route from where we were headed to waste of time total disappointment.,4.31.0,2017-07-23T12:01:01Z,1
A Google user,It's a good service,5.254.0,2023-05-22T11:00:46Z,4
A Google user,Yg pasti masih kuranglah.,5.11.1,2018-09-23T20:39:34Z,3
A Google user,"I can't use my previously added home address anymore. My address is 90, Lorong xxxxxxx, xxxxx, and Grab USED to recognise it but not anymore. Now it just skips on to my neighbour's house, and auto chooses number 91, Lorong xxxx, xxxx instead. My address doesn't even come up anymore! It's so annoying. This issue only happens on my phone Honor 8 Pro, but doesn't happen on my iPad. A temporary fix is for me to delete, and redownload the app. But after that, the issue comes back again",,2021-02-21T10:16:39Z,1
A Google user,I installed this app. I tried to create an account and then it said my account was suspended. Can anyone help me with that? I dont know why I got suspended..,5.30.1,2019-02-02T07:32:47Z,1
A Google user,Ok. Skrg promonya sedikit,5.135.0,2021-05-06T14:42:57Z,5
A Google user,Your prices got really2 crazy compared few years back. And it keeps surging where it keeps doubling the price. Y'all aren't reliable anymore,5.60.0,2019-10-10T03:13:30Z,1
A Google user,Thank you grab,5.157.0,2021-07-14T23:36:56Z,5
A Google user,GrabFood,5.135.0,2021-02-13T08:39:01Z,5
A Google user,Sangat membantu sekali,,2017-04-20T04:54:20Z,5
A Google user,"i love the app! just one thing, i would give 5 stars if you broaden the area for grabfood (specifically the housing area near paradigm mall jb)",5.74.1,2019-12-09T15:17:10Z,4
A Google user,Better and better. That's good.,,2021-02-07T14:53:45Z,5
A Google user,What you mean by high demand you are supposed to make the amount cheaper you know,5.13.3,2018-10-07T08:06:25Z,1
A Google user,Like all the grab promo,4.18.0,2017-01-17T03:15:36Z,5
A Google user,"at my first book for a cab it was awesome..but suddenly after booking another ride it was annoying..booking takes time even if im in town, today i drain almost 30% of my battery from waiting for a driver to bid for my book in the middle of a freaking intense RAIN!, and your drivers are not bidding, even with a tip for them to bid, the idea of this app is good but your drivers are not..",v3.2.3,2015-08-29T07:35:24Z,1
A Google user,The only thing I didn't like in grab is I can't top up lower than 500,5.247.0,2023-03-31T07:46:14Z,5
A Google user,Terkadang ada bbrp yg tdk ramah. Overall ramah n mobil or motornya bagus2,4.13.1,2016-11-02T15:32:26Z,5
A Google user,Nice app for my daily routine!!,5.80.1,2020-01-29T02:22:34Z,5
A Google user,Great app. Highly recommended while traveling in Vietnam,5.68.0,2019-11-02T05:22:27Z,5
A Google user,"So far so good, love how convenient this app is and how it provides a platform across all cab companies! Pls consider allowing us to save commonly used locations and notes to the drivers! Would save us the hassle of needing to re-enter bookings from common locations like home or the workplace! Thanks.",v2.5.5,2014-07-08T03:27:54Z,4
A Google user,"The app says that will get confirmation code within 30 sec. Not working. Then pressed to get confmn call. Also, not working. 24 hrs waiting. Sh......",4.46.6,2018-03-15T05:04:41Z,1
A Google user,Super convenient apps to search for a ride.,5.60.0,2019-09-19T23:05:55Z,5
A Google user,"Tidak menjaga identitas pengguna. Dulu saya pilih ojol karena orangnya lebih berpendidikan dan sopan, dibanding ojek pangkalan. Tp sekarang sama saja. Ada insiden. Karena hrs menunggu saya 10 menit. Driver memaki-maki saya & mengancam saya secara fisik. Sungguh sangat menakutkan. Dia lalu mengawasi kos saya sekitar setengah jam. Kita ga tau apa yg bisa ia nekat lakukan. Saya tidak berani melaporkan karena takut akan keselamatan saya mengingat dia tau nama, alamat, nomor hp, WA. Trauma pakai Grab",,2020-01-10T18:05:07Z,1
A Google user,"The app often crash on my Android kitkat device. If it crash when I have active order, it doesnt show my order again. Happens more than 3 times. It makes me frustated, especially when I have no way to contact driver, so I have to double book",,2018-07-06T01:04:44Z,1
A Google user,Its ok....but sometimes had a problem about location....google maps alwys make a confuise the pin location...fix the google map,4.46.6,2018-03-22T01:28:13Z,5
A Google user,Grate apps,5.216.0,2022-09-06T01:50:06Z,5
A Google user,i like this app and i like it's job thanks you,4.34.1,2017-09-09T16:38:57Z,5
A Google user,"the app is mainly very good. smart designs, easy to understand, but sometimes i couldn't message the grab driver. otherwise, the app is a very capable and useful app to have.",5.241.0,2023-02-22T10:33:18Z,4
A Google user,Can barely get any driver despite having so many cars appear on the screen,5.239.0,2023-02-06T03:29:55Z,5
A Google user,a convenient way of living,5.54.2,2019-07-27T12:05:07Z,5
A Google user,trusted and reliable app and service,5.46.1,2019-06-02T07:09:20Z,5
A Google user,Compared to Ubers app this is like going back 10 years. Would be quicker and easier to call and make a booking,4.48.1,2018-04-07T10:36:18Z,1
A Google user,"nk proceed payment kena block, susah apps ni menyusahkan org mcm bangsat",5.177.300,2021-12-12T07:26:55Z,1
A Google user,Simple n fast,v2.5.9,2014-07-22T01:42:56Z,5
A Google user,Good app. Very useful for daily needs,5.158.0,2021-07-17T10:46:08Z,5
A Google user,"Nowadays grab are highly expensive and so many of the promotion codes are can't be used. The drivers are not competent to do their work at all, less polite, don't want to take order with so many reason, ask the customer to cancel, etc. poor grab, even though gojek much better and valuable",5.40.1,2019-05-04T03:25:37Z,1
A Google user,Easy to go anywhere.. I'm loving it,5.87.0,2020-03-13T19:03:19Z,5
A Google user,"Tidak bisa pakai promo, katanya metode pembayaran invalid untuk transaksi ini. Padahal biasanya bisa, dan sudah di-update pula.",5.176.0,2021-11-20T09:29:15Z,1
A Google user,Needs more drivers and they should encourage drivers during times where customers actually need them i.e rainy days and times commuting normally is hard,5.60.0,2019-09-15T02:32:46Z,4
A Google user,"Convenient,dependable.",4.50.1,2018-08-25T08:02:54Z,4
A Google user,Asu jelek ngentot ngewe Greget toket anjing.........,,2016-09-29T05:13:55Z,1
A Google user,Nice app and easy,5.84.1,2020-02-14T20:45:11Z,4
A Google user,"Easy to use, and very helpful thanks",5.44.0,2019-06-12T15:30:22Z,5
A Google user,Why the app keep crushing and just making the page completely blank?fix this!,5.113.1,2020-09-10T03:02:30Z,2
A Google user,good fo you,5.51.0,2019-07-03T11:54:52Z,5
A Google user,so helpfull,4.13.1,2016-11-02T10:24:35Z,5
A Google user,Waiting time maximun 3 mins..i like.,4.35.2,2017-09-18T06:57:56Z,5
A Google user,"good , but sometimes I can't pin my address why ya 🥺",5.141.0,2021-03-28T14:48:54Z,4
A Google user,Everything's great. Sana lang hindi nabubura yung additional notes to the driver.,5.192.0,2022-03-16T04:20:14Z,5
A Google user,ty,,2018-09-03T06:38:54Z,5
A Google user,My Grab points was deducted even though my transaction was cancelled since no driver wants to accept my booking. And i cant raise this concern because my concern wasn't on the choices grab provided in the app. I also dont know how to contact them and talk to an agent. Points are hard to earn and you just deduct it without even fulfilling the transaction. I wish to have an update on the app to easily contact an agent. And please contact me regarding my concern. 135 points is not a joke.,,2020-12-17T19:27:29Z,3
A Google user,Great app! I got problem with my email verification then contacted customer support through live chat and they solve my issue so quick. Keep it up!,5.224.0,2022-10-28T10:30:50Z,5
A Google user,I don't know why the grab need code when I want order grabbike,5.171.0,2021-10-19T04:35:42Z,1
Pa********so,Useful app,5.94.1,2020-05-02T04:52:24Z,5
A Google user,Nice app!,5.86.0,2020-02-28T21:52:29Z,5
A Google user,Don't know if it's my phone or the app but the location of the driver shown on the interface has been inaccurate in my past few experiences. This is the first time I am experiencing this after years of usage....Would have given a 5 star rating if I am not experiencing this issue!,4.42.1,2017-12-26T23:49:28Z,3
A Google user,"Horrible app. Don't waste your time. It won't even connect to their server, app also wants control and access to text messages and phone calls. Umm no? Why the hell do you need access to my business.",4.33.2,2017-08-20T15:52:21Z,1
A Google user,"Great service, but expensive when compared with when there was competition with Uber",5.40.1,2019-05-27T19:49:06Z,5
A Google user,"2 kali masukan kode promo, untuk potongab harga, tapi baru keluar tarif yang terpotong setelah beberapa menit selesai transaksi sehingga kode promo hanya di receipt tapi pembayaran saat itu tetap dengan harga biasa. BUAT APA PROMO KALO HARGA TIDAK BERUBAH!",4.36.2,2017-10-02T03:42:05Z,2
A Google user,My location is near the city but still there are no responding drivers. What the hell?,4.40.1,2017-11-30T23:14:53Z,1
A Google user,Messaging often times does not get thru even though passenger is already in the car and causes much cancellations,5.134.0,2021-02-02T09:10:34Z,4
A Google user,Turdf,5.80.0,2020-01-18T15:34:37Z,2
A Google user,Grab food have no option to rate star for store.,5.71.0,2019-11-21T09:39:37Z,1
A Google user,thanks for service,5.272.0,2023-10-29T11:25:31Z,5
A Google user,awsum,4.27.2,2017-06-12T16:03:48Z,5
A Google user,MANTAB,5.52.1,2019-08-20T05:22:35Z,5
A Google user,Wonderful app,5.83.0,2020-02-15T08:43:15Z,5
A Google user,Good Job Grab.. Recommended Apps,5.134.0,2021-02-05T14:58:53Z,5
A Google user,This app so helpful,4.26.2,2017-05-04T01:26:09Z,5
A Google user,Bagus grab,5.132.0,2021-01-25T13:10:13Z,5
A Google user,Sangat membatu & banyak promonya.. sukses selalu,5.59.0,2019-09-05T03:48:19Z,5
A Google user,"Driver cancel too much, because they find other foreigner to charge too much. App have too many driver that will cancel after accept booking. Even this app more expensive than taxi, if I select taxi, then the taxi cancel too much. This very bad application during time of day that I need to use it. I try so much to use it, but cancel so much.",5.253.0,2023-05-20T21:07:38Z,1
A Google user,Very polite and careful driver,5.256.0,2023-06-10T04:09:38Z,5
A Google user,User friendly interface. Made our travels really convenient.,,2017-11-21T10:30:10Z,5
A Google user,Good but need more reward,5.106.0,2020-08-03T16:22:40Z,5
A Google user,This app is amazing before the recent update . Grabfood suddenly freeze when u click on certain restaurant . Please fix it .,5.194.0,2022-04-02T06:46:17Z,1
A Google user,The best.,,2019-10-05T02:57:32Z,5
A Google user,Only frustrated with the grab promos have send new friends invites to join grab and they took their first ride allowing both of us to get the $8 promo for friends sharing but later on wanted to use the promo say I could not use the promo like why ? I earned it? Furthermore the Grab5 promo cant be used says must use via grabpay and applies only to grabhitch ??? Didnt your notifications indicate that it applies to all grab rides except the grab shuttle and 1 more and they also said that cash payment is accepeted !!!! Please fix this bug Grab if you want to improve your customer's overall satisfaction on user experience or lose loyal customers,4.35.1,2017-09-11T03:26:46Z,3
A Google user,Debesss laa pokonya,4.37.0,2017-10-16T11:48:30Z,5
A Google user,I can't even create a new account. It says that my activation code is wrong when I clearly wrote it right. I'm confused. Edit: I can't believe you guys did not even consider to at least leave a reply on this complaint. Its been 2 months and the same problem still keeps occuring. If you want people to keep using ur app then please engage with ur users. Thank you,5.23.1,2018-12-20T01:40:01Z,1
A Google user,It safe,4.40.0,2017-11-19T06:45:48Z,5
A Google user,Ciamix,5.69.1,2019-11-10T04:38:14Z,5
A Google user,Cheap,4.32.1,2017-09-18T09:15:23Z,5
A Google user,too expensive and drivers sometimes missed some items we ordered,5.231.0,2022-12-21T10:06:04Z,4
A Google user,Sistem sgt lemah.dahla ciplak idea Uber.,,2023-04-07T02:06:35Z,1
A Google user,Tốt,5.110.0,2020-08-21T12:34:51Z,4
A Google user,Totally satisfied...thanks,5.57.0,2019-08-21T13:23:18Z,5
A Google user,"grab food is horrible. After placing my order, i and topping up my grab credits. I went on to place my order. And was kicked back to the main menu where there was nothing available anymore...HORRIBLE EXPERIENCE ..UNINSTALLING NOW",5.45.1,2019-05-26T10:35:48Z,1
A Google user,Awesome driver! So patient!,v2.7.3,2015-06-18T11:13:21Z,5
A Google user,"Tiap mau booking keluar mulu sih, jadi susah -_-",5.08.0,2018-09-02T02:18:28Z,3
A Google user,Driver minta cancel tp customer yg di suspend!,4.37.0,2017-10-24T10:56:59Z,1
A Google user,Great to use Hope to have more promo,5.55.1,2019-08-03T10:30:01Z,5
A Google user,Mantul aplikasi,5.79.0,2020-01-17T03:59:39Z,5
A Google user,Good application and very helpful,5.84.1,2020-02-20T06:02:57Z,5
A Google user,Is helpful. But I had been experienced twice booking two driver at the same time.,4.41.0,2017-12-17T02:50:51Z,3
A Google user,Saat saya cancel driver mendatangi saya lalu marah marah padahal pada peta dia tidak bergerak sama sekali.Tolong ingatkan driver jika menerima orderan untuk memberi notifikasi seperti ok atau ditelepon agar penumpang tahu bila driver telah menerima pesanan.,5.57.0,2019-08-12T02:13:45Z,3
A Google user,Ping location not fix,4.18.0,2017-02-19T12:48:15Z,5
A Google user,"Bagus sekali, tetapi untuk perjalanan jarak jauh suka susah. Ga ada yg mau ambil",4.8.0,2016-08-26T13:39:36Z,5
A Google user,"Just ordered Swensens via Grabfood. But restaurant had missed out one of my orders. Restaurant tried to contact me but i missed the call. After receiving the rest of my orders, i then realised what had happened. I called back to the restaurant, there was no form of disaster recovery. The restaurant personnel told me i have to settle with Grabfood cos Grabfood will give me a refund for the missing item. Until now, Grabfood has not contacted me. Very disappointing!",5.88.0,2020-03-15T11:01:30Z,1
A Google user,Easy to go anywhere,,2017-09-30T07:40:48Z,5
A Google user,Always love using this app. Easy to use and all in one.,5.175.1,2021-11-17T00:51:45Z,5
A Google user,reliable to all my orders so far..be it food or taxi/car,5.196.0,2022-07-04T10:45:31Z,5
A Google user,VG,4.36.2,2017-10-20T16:34:44Z,5
A Google user,the app's a life saver dude. Just download the thing.,5.55.1,2019-07-31T11:53:01Z,5
A Google user,It's so useful,4.50.1,2018-05-01T10:07:01Z,5
A Google user,When I open the app to check rewards balance it automatically book a trip for me based on my previous booking. It happened twice already.,4.33.2,2017-09-01T03:18:07Z,3
A Google user,Driver was a true conversationalist,5.266.0,2023-08-24T14:27:41Z,5
A Google user,I like to travel with grab.,5.127.0,2021-01-04T11:13:45Z,5
A Google user,wait so long Almost 2Hour Still no Car... Taxi much better,5.144.0,2021-04-18T05:23:23Z,4
A Google user,Make two orders at two different restaurants. No one arrive. Very disappointed,5.263.0,2023-07-28T12:54:43Z,1
A Google user,great helper,5.192.0,2022-03-14T02:16:29Z,5
A Google user,glad that grab is here in naga now,5.195.0,2022-04-13T08:20:55Z,5
A Google user,Verry nice,,2020-08-05T02:08:14Z,5
A Google user,Gud app,5.48.1,2019-08-01T03:39:11Z,5
A Google user,"it helps a lot,",5.65.0,2019-10-27T12:04:37Z,5
A Google user,I am good with this app.,5.35.0,2019-03-10T07:49:29Z,5
A Google user,"Very usefull,thanks",4.27.0,2017-05-22T07:56:31Z,5
A Google user,"Very unreliable for one of the highest funded and highly valued companies in the region. What's the use ride hailing company that's incapable of detecting its user's location? Arriving in Singapore's Changi Airport after my flight from Jakarta, I wanted to beat the taxi queue by booking a Grab to get home. Upon opening the app, the UI still shows the Indonesian app's landing page, and still shows that I'm at Soekarno Hatta Airport - Jakarta. I had to wait in line for a cab for 25 minutes. This is such an embarrassing amateur glitch for a company that's raised billions of dollars. Smh.",5.23.1,2018-12-16T16:23:32Z,2
A Google user,I would like to receive more promotion for my lunch break on weekdays. Thanks.,4.32.1,2017-08-16T02:31:44Z,5
A Google user,No problems with app.,5.45.1,2019-05-23T10:12:24Z,5
A Google user,Using grab everyday..,4.40.1,2017-11-28T00:28:18Z,5
A Google user,this app very helpful,5.31.1,2019-06-03T03:27:03Z,5
A Google user,"Khusus grab express, itu kenapa ya note alamat selalu hilang sendiri. Padahal sudah bener2 sy kasih note nomor brp, tp driver blg ga ada note.",,2021-01-03T05:07:08Z,3
A Google user,(^_^)/,5.169.0,2021-10-29T04:19:22Z,5
A Google user,Hak,,2018-08-13T18:48:26Z,5
A Google user,"this application has long been inconsistent, promos cannot be used, the price is getting more expensive, the application is more unstable, once again the promos offered are useless and cannot be used",5.216.0,2022-08-30T00:02:45Z,1
A Google user,I didn't received my grabfood and customer help center promise me will settle my case in 24hrs. But until now I still haven't received any refunds. This case happened is waste my time. Everyone of my office was wait for the food and the food missed! Why have to take so long time to refund me?,5.134.0,2021-02-07T09:48:38Z,1
A Google user,very convenient,5.50.0,2019-07-29T06:15:13Z,5
A Google user,Great and super useful,4.34.1,2017-09-04T09:44:33Z,5
A Google user,Good apps!,5.45.1,2019-05-25T05:44:38Z,5
A Google user,I have enjoyed for riding by this app,5.52.1,2019-07-11T08:54:36Z,5
A Google user,Yes it's better and easy to use this app,,2021-06-06T08:29:22Z,5
A Google user,Very Satisfied,5.190.0,2022-03-03T16:26:59Z,5
A Google user,Wrong on so many levels!,,2022-04-02T05:39:40Z,1
A Google user,"after updating the apps, many restaurants become out of my service area, the drivers are often being busy even when it's only raining a lil bit (Yogya Area), i mean hey even at Grab description it says that I can count on Grab to not getting soaked when it's rain",5.173.0,2021-10-31T06:57:29Z,2
A Google user,"Ketika update location, di Bali ngga ada. Padahal katanya udah launching di Bali ckck",5.41.0,2019-04-28T15:38:40Z,5
A Google user,Always a pleasure to use this app. I am safe and easy to use :),v2.7.1,2015-04-15T08:33:57Z,4
A Google user,gps not working and cant detect the location,4.41.0,2017-12-02T13:01:55Z,1
A Google user,"Aplikasi sangat baik, namun dalam beberapa hari ini belum bisa diakses karena stuck pada logo ""GRAB."" Internet dan layanan lokasi sudah diaktifkan namun tidak bisa mengakses menu utama.",5.19.1,2018-11-15T22:48:09Z,5
A Google user,Harga skrg lebih mahal dr yg dulu,5.97.0,2020-08-13T00:57:08Z,3
A Google user,Fare are slowly getting expensive. But I still need to use it. That's because you're quite monopolize the industry already in Malaysia.,5.08.0,2018-10-08T13:43:36Z,1
A Google user,Picky riders. Kahit maraming available walang mabook.,5.201.0,2022-05-17T08:52:36Z,1
A Google user,"Kode promo utk layanan grab car dan grab bike sering tidak bisa digunakan, layanan grab food harga berbeda dengan Dine in plus ada tambahan order fee, mengecewakan",5.128.2,2021-01-05T16:33:05Z,1
A Google user,"Great app, informative & updated services",5.116.0,2020-10-06T04:26:05Z,4
A Google user,Aplikasi yg sangat membantu ketika stay at home begini dan banyak sekali promonya yg memanjakan,5.91.2,2020-04-04T12:49:04Z,5
A Google user,"Should have settings to turn off ads, notifications",4.51.1,2018-05-26T04:06:58Z,1
A Google user,"Lebih praktis, mantap",4.35.1,2019-03-27T08:34:50Z,5
A Google user,nice driver.nice car..nice service.safe and save cost,4.9.0,2016-09-15T00:26:41Z,5
A Google user,good service!,5.52.1,2019-07-15T12:07:53Z,5
A Google user,"Aplikasi apaan ini, mesen makan gak ada cust yg hrs cancel trs mau mesen lagi aku d suspent ini grab waras g ya, uda gal bagus bgt managentnya",5.15.1,2018-11-22T04:15:12Z,1
A Google user,Ayos,5.60.0,2019-09-16T10:36:47Z,5
A Google user,keep it up .,,2017-04-13T08:33:34Z,3
A Google user,What is the matter with the apps after the update?? Somehow the link for me to top up my wallet is unsuccessful..ive tried to switch my other online bank account..still the same thing happen.. do fix this.,5.133.0,2021-01-26T05:58:15Z,2
A Google user,Recommended app,5.217.0,2022-09-13T10:41:08Z,5
A Google user,"Good application, good service.",5.68.0,2019-10-31T15:09:06Z,5
A Google user,nice and easy,,2017-04-08T14:34:00Z,5
A Google user,trip ko lang i 5 star,5.198.0,2022-08-17T16:50:10Z,5
A Google user,Cant open,4.12.0,2016-10-23T04:40:51Z,2
A Google user,Its expensive,5.49.0,2019-09-04T23:59:36Z,3
A Google user,alwayd cant top up i tried different bank CC and same issue occur. aftet enter OTP page just remain there n top up amount also wrong,5.52.1,2019-07-10T04:40:33Z,3
A Google user,grab maps and routes are bad,5.233.2,2023-03-13T07:57:50Z,1
A Google user,Worstttttttt. The only thing increasing is their price but the service provided is getting worse and worse. It's exactly like the taxis from those days,5.63.0,2019-10-04T12:00:55Z,1
A Google user,Needs improvement,4.53.1,2018-06-22T10:52:51Z,1
A Google user,"Food order cancelled because ""couldn't find driver"". Next time find the delivery man before preparing the food.",5.152.0,2021-06-12T10:06:58Z,1
A Google user,Excellent App,,2017-06-04T21:15:05Z,5
A Google user,"Easy to use app, very convenient transport service",5.60.0,2019-09-20T08:33:39Z,5
A Google user,"Parah, semenjak update terakhir, tarif ridenya tau-tau jadi tinggi banget... jadi terlalu mahal. Tolong perbaiki itu, saya jadi merasa tidak nyaman lagi",5.03.2,2018-07-28T14:25:52Z,1
A Google user,no comment,5.50.0,2019-06-27T00:49:46Z,3
A Google user,My traveling companion for many years already. Bravo Grab! Jakarta Kuala Lumpur Ho Chi Minh City,5.76.1,2020-01-05T04:54:37Z,5
A Google user,Best app,5.82.0,2020-03-16T12:19:35Z,5
A Google user,The rider arrived on time and have good service,5.145.0,2021-05-01T01:28:54Z,5
A Google user,hard to located the position,5.268.0,2023-09-01T10:11:25Z,3
A Google user,I live in Bangkok. Works great. Door2door.,5.67.0,2019-10-23T09:57:06Z,5
A Google user,Convenient n useful,,2018-03-20T05:59:05Z,5
A Google user,So far so good. Would like to be able to place a few orders and book transport at the same time though.,5.50.0,2019-06-25T05:07:53Z,4
A Google user,Is actually helpful...,4.27.1,2017-05-11T10:53:35Z,5
A Google user,Must have in Singapore.,5.74.1,2019-12-12T00:31:18Z,5
A Google user,"Tolong tambah lg promonya, semoga Grab semakin sukses!!",5.48.0,2019-06-07T06:17:26Z,5
A Google user,kat maps x boleh detect alamat rumah... terpaksa buh alamat rumah sebelah..,5.226.0,2022-11-09T05:21:24Z,2
A Google user,Lop Grab :D,5.34.0,2019-03-28T17:38:08Z,5
A Google user,good compliment n experience,5.49.0,2019-06-18T03:38:12Z,5
A Google user,try to open the apps after update it... but stilll cannot go through.. they said the server problem...,5.06.0,2018-08-18T04:04:05Z,3
A Google user,Helpfull application,5.60.0,2019-09-20T05:58:22Z,5
A Google user,Keep going!!,5.68.0,2019-10-29T09:24:09Z,5
A Google user,nice apps for help us in transportation and delivery services,5.59.0,2019-09-06T06:07:08Z,5
A Google user,loved this,5.65.0,2019-10-05T04:23:51Z,5
A Google user,It just works!,4.24.1,2017-04-09T14:38:44Z,5
A Google user,Simply excellent and very helpful and nice divers,5.76.0,2019-12-29T05:18:08Z,5
A Google user,"Smooth driving, clean car and wear a mask.",5.216.0,2022-08-29T01:20:40Z,5
A Google user,yg di Surabaya tolong di beri Grabnow dong,5.59.0,2019-09-13T10:29:41Z,5
A Google user,"Hmmm not bad, veru useful",4.50.1,2018-05-10T01:23:44Z,4
A Google user,I can't book. I don't know why,5.172.0,2021-10-26T08:44:57Z,3
A Google user,A must have app when travelling in busy street of Bali. Hazzle free and easy to use with both android or IOS users.,4.17.0,2017-01-07T08:12:00Z,5
A Google user,the best,5.143.0,2021-04-21T03:10:41Z,5
A Google user,"1. Isi grabpay gk dapat bonus 100%, penjelasan cs by email ""krg beruntung""?????!!!! 2. Pesan grabbike pake grabpay - driver minta cancel - gw cancel - grabpay ttp kepotong'?????? Penjelasan cs, gak d bales2 email gw??",4.25.0,2017-04-18T02:35:50Z,1
A Google user,I can't login,,2018-12-15T12:23:36Z,2
A Google user,"I like this app, really helpful",5.10.0,2018-10-10T23:24:05Z,5
A Google user,Nice!!!!,5.155.0,2021-06-26T07:37:00Z,5
A Google user,Nice & helpful,5.58.1,2019-09-05T10:07:22Z,5
A Google user,YOUR PRICE IS TOOOOOOO EXPENSIVEEEEEEEE !!!!!!! DAMN GOD I MISS UBER.,4.55.2,2018-08-21T03:01:33Z,1
A Google user,Faster,v3.6.7,2016-03-25T16:07:26Z,5
A Google user,nice aplication..sangat membantu,5.44.0,2019-05-17T11:27:24Z,5
A Google user,"No Cuttery toggles, I have to use my hand to eat",5.206.0,2022-07-03T11:09:31Z,1
A Google user,More powerful than Uber in this region.,4.21.2,2017-03-20T04:34:36Z,5
A Google user,Good service but overpriced,5.84.1,2020-02-15T16:17:17Z,3
A Google user,high price,5.16.1,2019-01-21T13:33:08Z,1
A Google user,"For some reason, I can't seem to open the prepaid mobile section to top up my mobile credit. It has been going on for a couple of weeks now. It used to work well, now I don't know what's going on. And before you say it, my internet connection is fine. Not going to waste my time, i'm switching to Boost for efficient prepaid top up service.",5.195.0,2022-04-04T13:47:51Z,1
A Google user,Recommended app for daily use,5.160.0,2021-08-21T06:00:10Z,5
A Google user,Saya tidak dapat nak gunakan aplikasi ini,5.177.300,2021-12-01T04:50:57Z,1
A Google user,"1. Now cannot see food delivery fee, super unhelpful 2. Experience in using voucher is painful",5.118.0,2020-10-13T03:28:30Z,1
A Google user,BEST!,4.35.1,2017-09-11T11:23:12Z,5
A Google user,Worst!!!!!!!!!!!,,2019-11-18T15:14:10Z,1
A Google user,"Unable to find any cab for over an hour, even at inflated prices. Useless app that doesn't work when you actually need it. Food delivery delayed for an additional hour AFTER initial estimate. Use deliveroo instead",5.54.2,2022-08-05T13:05:48Z,1
A Google user,Grab is very useful. We can order food/Book a grab. So far there is nothing wrong with this! Recommended!!,,2023-07-23T06:39:13Z,5
A Google user,I wanted to know the rate of grab at west malaysia destinations.. but this app only allowed me to pin point my location at east malaysia.. Stupid.,5.12.1,2018-10-21T10:12:30Z,1
A Google user,thee best application,5.170.0,2021-11-12T06:34:03Z,5
A Google user,I was always starve at night because of this app i feel so happy because i can order food when im starving at night,,2022-06-08T06:00:36Z,5
A Google user,From ok r R5 graphics Ed gt r de hi ok rhr GGGG right good morning how jhi uh oh here,5.245.0,2023-08-07T08:32:11Z,4
A Google user,Easy to us,,2018-11-14T07:02:17Z,5
A Google user,punctual and friendly...,5.233.2,2023-01-15T05:55:40Z,5
A Google user,This is the most usefull app for daily life a must need in modern society safest way that can really help people. I will change my rate when you answer my question i have sent a message to customer service in app grab no response,4.55.2,2018-07-03T09:26:31Z,1
A Google user,i cant update app,5.72.0,2020-05-18T22:01:12Z,1
A Google user,teerbaikk,5.237.0,2023-01-28T07:00:46Z,5
A Google user,"Doesn't seem to work for me, as the app says that it couldn't get me a cab willing to pick me up.",v2.5.2,2014-05-01T23:06:30Z,2
A Google user,ใส่รหัสแล้วขึ้นว่ารหัสไม่ถูกต้อง แย่มาป,5.57.0,2019-08-21T05:27:40Z,5
A Google user,"not able to assist customer, email never reply",5.27.0,2022-12-27T06:53:45Z,1
A Google user,"I only use Grab because we don't really have any other choice in the Philippines, but I don't appreciate their lack of transparency in removing my credit card as a registered payment method and all of a sudden I'm being charged P50 for registering it again. I also dont like that you can top up only fixed amounts, meaning I will always have extra unused pesos in my grabwallet unless by some miracle, the fare ends up exactly the same as my balance.",5.18.2,2018-11-28T04:12:40Z,3
A Google user,This app is very convenient to use.,4.40.1,2017-11-27T02:14:36Z,5
A Google user,Plenty of space to improve,5.271.0,2023-09-23T03:59:32Z,3
A Google user,"Easy, fast menu.. and delivery faster by 15 mins than stated..",5.253.0,2023-05-18T02:22:21Z,5
A Google user,amazing app,4.43.1,2018-01-22T01:01:02Z,5
A Google user,"kl pesen grabfood pasti selalu di suruh cancel sm drivernya,dgn alasan uangnya kuranglah..inilah..itulah..trus kl custumer tdk mau cancel dicaci maki sm drivernya.",5.13.3,2019-02-03T09:59:20Z,1
A Google user,Happy and convenience,,2020-08-27T02:51:12Z,4
A Google user,Actually distance is not stable,5.58.1,2019-09-03T04:09:47Z,4
A Google user,this app is VERY ANNOYING,5.42.0,2019-04-29T02:49:22Z,1
A Google user,Poor service.my 50 wallet loss money.dont do wallet,,2022-04-28T15:30:29Z,1
A Google user,Thái độ một số lái xe cần được cải thiện,v2.7.3,2015-06-07T04:25:54Z,4
A Google user,"Drivers cancel, arrival time estimates way off and car tracker way off. If y'all can't come up with an original business model, at least make an app better than the category originators",4.18.0,2017-01-29T13:47:43Z,1
A Google user,"terlalu lag sampai bikin crash dan force close, jadi susah buat saling kirim pesan ke driver",5.208.0,2022-07-08T14:47:02Z,1
A Google user,Fast service and friendly riders.,5.126.0,2020-12-09T04:07:47Z,5
A Google user,"Fare is sometime too high, and the quality of service is inconsistent",5.80.0,2020-01-24T10:02:01Z,3
A Google user,"Can't cancel the order while time waiting for drive to pick up is too long, no one answered the call when I called grab also. Can't do multiple orders, cant access other functions while using one of them too.",5.43.0,2019-05-04T04:33:09Z,1
A Google user,Excellent transportation app that actually works great. Easy to use,5.65.0,2019-10-15T14:00:51Z,5
A Google user,very excellent,5.29.0,2019-01-31T04:28:32Z,5
A Google user,Excellent app!!,4.15.0,2017-01-02T17:00:49Z,5
A Google user,Keep the good job,5.16.1,2018-10-30T05:36:58Z,5
A Google user,I can not turn on location to access to app..very disappointed.,5.73.1,2019-12-07T15:26:13Z,4
A Google user,Lots of driver so it's easy to go anywhere..,4.37.0,2017-10-17T00:28:57Z,5
A Google user,wokeh,5.200.0,2022-05-07T06:00:45Z,5
A Google user,helpfull and usefull,5.24.1,2019-01-12T18:26:02Z,5
A Google user,Getting better,5.203.0,2022-05-31T03:48:57Z,5
A Google user,"Aplikasi sering error, semakin lama aplikasinya tidak bisa dipakai. grab food sering error.",5.24.1,2019-01-12T12:06:18Z,1
A Google user,Great n prompt service,5.73.1,2019-12-09T14:00:23Z,5
A Google user,Sangat membantu dan banyak promonya,5.67.0,2019-10-20T14:35:29Z,5
A Google user,service ok,4.9.0,2016-10-14T13:31:04Z,5
A Google user,ITS NOT WORKING,4.46.2,2018-03-02T04:45:34Z,1
A Google user,terimakasih sudah banyak membantu perjalanan saya dan keluarga seoga makin sukses dan lebih baik lagi,5.52.1,2019-07-14T14:27:42Z,5
A Google user,"Simple, user friendly, helpful",5.44.0,2019-05-20T16:16:57Z,4
A Google user,"Good experience, great app, with good ease of use.",5.106.0,2020-07-20T12:13:39Z,5
A Google user,Easy transport with smartphone,v3.6.8,2016-03-13T23:35:13Z,4
A Google user,"The app is fine. The Malaysian grab customer support is non-existent. My food order was wrong, received someone else's order. Contacted customer support and received no responses other than the initial automated response. I have to resort to disputing the credit card charges since I never received my food order. Very poorly ran operation.",5.258.0,2023-06-20T02:35:18Z,2
A Google user,Not accurate for my address,5.202.0,2022-05-25T03:24:02Z,3
A Google user,Petugas grab dibanding gojek bergerak terlalu lama,5.60.0,2019-09-20T10:43:27Z,3
A Google user,"opening the app goesdirectly to delivery no option to change??? back buttob in-app or physical button, exits the app. stupid",5.21.0,2018-12-09T06:04:56Z,1
A Google user,KT,4.17.0,2016-12-29T06:38:45Z,5
A Google user,Oke bgt sama pelayanannya...communicative dan smart euyy driver2nya...mantaff,4.2.1,2016-05-07T02:25:16Z,4
A Google user,Stupid update cant access my location and destination properly,4.42.1,2018-01-09T14:37:44Z,1
A Google user,So far so good for me. No complaints,5.83.0,2020-06-23T13:52:11Z,5
A Google user,"Could not install. Previously its working fine. Suddenly it stop working, after i uninstall it, i couldn't install it back",5.223.2,2023-10-20T15:12:15Z,1
A Google user,This app not have my location it give me a problem to take a trip I hope grab make it more good with add all location same like google map,,2018-01-05T02:47:34Z,2
A Google user,terbaikkkkkk,5.217.0,2022-09-22T04:41:41Z,5
A Google user,VERY HELPFUL ..AT THE SAME TIME CONVENIENT,5.220.0,2022-10-05T01:23:25Z,5
A Google user,Very slow customer support resolution,4.27.2,2017-06-06T11:34:27Z,1
A Google user,"Banyak masalah naik grab! Sopir banyak yg ga profesional, nyetirnya berbahaya, banyak driver yg sulit dihubungi apalagi grabcar. Banyak driver yg tidak bisa dihubungi. Driver jg sering minta cancel tapi suru penumpang yg cancel",4.36.2,2017-09-30T13:18:04Z,1
A Google user,Excellent eventhough some drivers are rude,5.76.0,2019-12-20T16:31:39Z,5
A Google user,"Good service, fast & efficient! :)",4.9.0,2016-12-05T06:50:51Z,5
A Google user,safe and affordable,,2019-08-08T11:43:29Z,4
A Google user,Well done and hope to keep maintain your services and apps,5.48.1,2019-06-10T14:50:24Z,5
A Google user,Banyakin promonya..,5.58.1,2019-08-23T14:45:45Z,5
A Google user,memudahkan mobilitas di seluruh p. jawa,5.48.1,2019-06-15T05:02:56Z,5
A Google user,"It's very helpful app! You can order such as GrabBike, Grab Car, GrabFood and many others everytime, everywhere you are.. Thanks Grab Indonesia!",5.68.0,2019-10-26T11:52:38Z,5
A Google user,"I am editing my review, now Grab is awesome!",5.44.0,2019-05-19T02:50:30Z,5
A Google user,Very bad app. Job given to drivers not according to distant. Very unfair to drivers.,5.111.0,2020-08-28T07:58:37Z,1
A Google user,so great,,2019-08-09T04:44:18Z,5
A Google user,Worst service ever.We odered a big car but only 4 passengers allowed and double charged.So dissapointed.Uber is better.,,2018-06-02T14:28:17Z,1
A Google user,Start up is very slow for s7 edge.,4.39.1,2017-11-19T04:32:18Z,3
A Google user,soo nice,5.48.1,2019-06-12T01:08:22Z,5
A Google user,Good servis,5.142.0,2021-06-26T02:40:37Z,5
A Google user,Please update fix your app regarding the address and GPS positioning because it wastes a lot of everyone's tine when the app autoresets to the pin location regardless of the input address. It happens all the time now!,5.00.1,2018-07-09T01:59:32Z,2
A Google user,super bilis thanky ou,,2023-01-29T01:16:05Z,5
A Google user,payment method by ovo always be declined,5.47.1,2019-06-05T06:45:58Z,1
A Google user,"When i try to sign in, it says it will send the verification code. Guess what, it doesn't send it at all. And then, it ask for verification call which i cant hear the code at all.",4.46.2,2018-03-02T04:56:40Z,2
A Google user,very helpfull application for transportation,,2019-06-08T06:12:54Z,5
A Google user,ok la,5.38.1,2019-05-11T12:52:16Z,5
A Google user,Give me promotion,4.37.0,2017-10-25T07:31:43Z,5
A Google user,"Dapat mesej akaun kene suspend 3 hari sebab terlalu banyak cancel padahal aku cancel sebab driver yang suruh. Alasan jauh lah apa lah! Driver senang lenang suruh customer cancel, dia pandai pula tak cancel kan. Yang menanggung customer. Stupid! Worst app ever!!!!!!",,2021-03-15T12:26:19Z,1
A Google user,keep getting dismiss from grab apps for no reason,4.39.1,2017-11-04T03:32:04Z,1
A Google user,A Kind Of Transport That The People Needed,5.42.0,2019-05-27T02:45:00Z,5
A Google user,fast n cheap,5.49.0,2019-06-21T23:38:02Z,5
A Google user,Nice and fAst,,2020-06-18T11:10:01Z,5
A Google user,boleh la,5.41.0,2019-05-19T23:58:28Z,5
A Google user,okay ang first order ko mabilis lng dumating..nice app,5.180.0,2021-12-27T09:00:07Z,5
A Google user,This app is reliable.,,2019-10-16T18:08:45Z,5
A Google user,grab got removed from my phone due to viruses/malicious activity detected. please do check what is going on.,5.127.0,2021-02-14T22:55:04Z,1
A Google user,Rasanya uenak,5.156.0,2021-07-04T06:52:44Z,5
A Google user,easy to use but should also have option to pick from GPS location. i dont know maybe there is an option i have not seen it yet.,5.52.1,2019-07-08T15:05:18Z,5
A Google user,This Application must smart to search the addresssss!!!!!! This Application very made me dissapointed.....!!!!!!,4.44.0,2018-02-08T04:37:50Z,1
A Google user,respin cepat,5.195.0,2022-04-07T12:26:49Z,5
A Google user,Ohhhh yeaa,4.40.0,2017-11-23T05:16:18Z,5
A Google user,very satisfied,5.224.0,2022-10-28T15:26:33Z,5
A Google user,Very bad . I can't use at all to book grabcar and grabfood since a few days. Poor GPS connection and slow. Grab have included too many things now.,5.108.1,2020-08-03T18:28:50Z,1
A Google user,Grabfood service great than Grab car service,5.75.0,2019-12-16T04:24:06Z,5
A Google user,Crashed....after updating,5.198.0,2022-10-05T02:36:59Z,2
A Google user,Rates are expensive.,5.50.0,2019-06-30T04:59:06Z,2
A Google user,"Min, kenapa sekarang posisi pemesan saat booking jadi hilang? G bisa detect posisi pemesan dr gps. Tolong diperbaiki. Tks.",4.35.2,2017-09-21T12:59:03Z,4
A Google user,I love it really muchhh❤️❤️❤️❤️,5.82.0,2020-02-05T19:27:54Z,5
A Google user,The application is oftenly error,5.48.1,2019-06-12T07:21:30Z,5
A Google user,"Saya sudah download aplikasi ini,dan sudah daftar, tapi selalu tidak bisa dibuka aplikasi nya kenapa ya?",,2017-09-03T01:38:07Z,5
A Google user,Great help during MCO,5.151.0,2021-06-02T03:48:33Z,5
A Google user,♥️,5.149.1,2021-05-24T13:15:09Z,5
A Google user,Convince service,5.67.0,2019-10-20T22:45:19Z,5
A Google user,app sucks! Why do i need to verify my account before i booking? You are not helpful during emergency!,5.79.0,2020-01-20T06:22:19Z,1
A Google user,useful app,5.52.1,2019-07-10T06:07:53Z,4
A Google user,Good tq,5.266.0,2023-08-24T12:56:46Z,5
A Google user,"It's much worse than Uber. It's troublesome to pin a location, and you can't select exact location. Wherever you select on the map, it sets to some location/building nearby. The customer service is useless. I reported an issue one week ago and haven't got any response except for an autoreply email, while Uber responds usually the next business day.",4.18.0,2017-01-13T17:17:09Z,2
A Google user,Semoga bisa tetap terus jadi transportasi andalan,v4.0.3,2016-03-29T15:57:24Z,5
A Google user,"Banyak diskon grabfood, penyelamat saya. Terima kasih",5.271.0,2023-09-27T11:38:51Z,5
A Google user,This app is stupid. The drivers can cancel the ride at any time after waiting for him for so long & its so hard to pin our definite position,4.48.1,2018-04-16T06:13:06Z,1
A Google user,"It does the job, but hard to get rides, and it often defaults to the wrong payment option.",4.55.1,2018-06-28T10:28:00Z,3
A Google user,No option for a larger car.,4.48.1,2018-04-16T10:46:32Z,2
A Google user,Bisaversary lah pokoknya .. !!,,2021-09-21T06:54:49Z,5
A Google user,Good Choice of Service,v3.3.1,2015-11-08T01:42:20Z,5
A Google user,Motoranwae mantul wokwok,5.44.0,2019-05-19T13:44:54Z,5
A Google user,Very convenient...,v2.7.3,2015-06-25T02:37:43Z,5
A Google user,I've always waited too long,5.154.0,2021-06-20T10:26:17Z,1
A Google user,Jgn update orang tengah ada kecemasan,,2018-08-17T07:14:35Z,5
A Google user,I already updated the apps but it is still not working.,4.19.1,2017-02-27T09:14:50Z,1
A Google user,Stop forgetting my credit card details and asking me to pay $1 for re-registration. Greedy bastards.,5.24.1,2018-12-28T02:06:05Z,1
A Google user,Rarely acknowledges my location so often have to walk for half an hour searching for a landmark the app can find.,5.37.1,2019-03-26T05:03:15Z,2
A Google user,"Unable to place order (greyed) on grabfood and there is no cancel button on grabfood too. Prefer food panda app, user friendly.",5.89.0,2020-05-15T05:24:05Z,1
A Google user,pantas dan terbaik,5.201.0,2022-05-28T07:10:41Z,5
A Google user,Extremely useful companion to move around with ease even in unknown places,5.48.1,2019-06-10T13:48:15Z,5
A Google user,Amazing!,5.96.0,2020-09-24T06:26:55Z,4
A Google user,tapi mapsnya diupdate lagi yaaa,4.6.2,2016-08-30T02:30:43Z,5
A Google user,"The money I top up into grab, but the left over money I can't withdraw that.... That's mean even I left RM 0.10 sen inside the e-wallet grab pay still can't get withdraw, it waste my money! Please do improvement on this! Just add on withdraw function for user, is that hard? Else I would just go by public transport instead by grab or just by cash! Instead of using the e-wallet function of grab pay! Is useless!",5.217.0,2022-09-08T17:01:53Z,1
A Google user,Ok je,4.25.0,2017-04-13T11:22:29Z,4
A Google user,Took at least a day to grab a ride...,5.69.1,2019-11-11T01:04:40Z,1
A Google user,Faster is better,4.8.0,2016-08-08T07:55:11Z,5
A Google user,Very simple n easy,5.05.1,2018-10-18T04:35:58Z,4
A Google user,Fast and helping hand,5.143.0,2021-04-07T05:43:41Z,5
A Google user,"Fast delivery,",,2022-09-26T09:22:27Z,5
A Google user,its really helps us thanks grabfood,5.161.0,2021-08-16T04:47:02Z,5
A Google user,Pointless app...soon as u jump in the grab taxi the price goes up..typical scam app..once ur in u not know extra charge until it's to late...,5.60.0,2019-09-20T09:33:08Z,1
A Google user,"Ngecrash melulu, mt diupdate",,2019-07-09T16:09:51Z,3
A Google user,Gda ada aplikasi ojol serumit ini. ribet dan sangat tidak praktis,5.211.0,2022-07-29T14:18:42Z,1
A Google user,đăng nhập gì lắm thế? tôi bị mất acc fb và bây giờ thì không cho đăng nhập? về dưới mưa à,,2022-05-22T09:15:53Z,1
A Google user,Easy to use and understand details. There are many choices to make payments.,5.140.0,2021-03-19T03:05:17Z,5
A Google user,Great ride at a great price. Highly recommended.,5.220.0,2022-10-07T23:50:40Z,5
A Google user,Very helpful.,,2016-05-17T06:51:44Z,5
A Google user,dahil sa grab nasabi ko na crush ko sya,,2023-05-13T11:21:54Z,5
A Google user,I wish to give no star. Am rushing for my trip and the registration error 16018 is driving me nuts,,2019-11-01T03:01:28Z,1
A Google user,"This app's interface is bad. If we order grab food, the map isn't connect automatically to the driver's location. And the grab food's interface is worse. If we browse a restaurant or a menu we wanted to, the result list is different. The restaurant or the menu is not even on the list. Please fix it.",,2018-10-13T01:52:11Z,3
A Google user,"2 time update, but still error .",5.155.1,2021-09-19T06:24:02Z,1
A Google user,excellent service,5.51.0,2019-06-27T07:33:38Z,4
A Google user,Better than other,5.132.0,2021-01-18T13:29:21Z,5
A Google user,good app. .,,2020-04-18T08:36:37Z,5
A Google user,"Saya baru download apps nya tapi kok pas log in gak bisa ya?, tolong konfirmasinya. Terimakasih",4.36.2,2017-10-07T06:47:09Z,1
A Google user,I so much like it,,2018-12-01T09:53:14Z,5
A Google user,"Cant update, more than 10times attemps today",5.214.0,2022-12-03T03:10:02Z,1
A Google user,tolong banyakin promonya hihi berxanda,5.157.0,2021-10-13T06:30:55Z,5
A Google user,"Driver ojol banyak sekali yang tidak profesional walaupun tidak semua tetapi sering yang susah dihubungi, tidak sopan, banyak mengeluh, lama datangnya.. Sangat sangat tidak enak..",5.21.0,2018-12-15T13:35:54Z,2
A Google user,အရမ်းသဘောကောင်း,5.266.0,2023-08-14T05:43:03Z,5
A Google user,Mahal sangat,5.131.0,2021-04-06T13:03:31Z,1
A Google user,helpful app,5.38.1,2019-08-06T21:48:47Z,5
A Google user,wow,5.258.0,2023-06-30T05:13:17Z,5
A Google user,"Sometimes this can't be use.. Sometimes its not accurate..overall , ok",4.29.0,2017-08-01T10:59:13Z,4
A Google user,"Easy to use, helpful, I often use the grabfood service and the service always excellent.",5.128.2,2021-01-13T08:43:26Z,5
A Google user,some drivers are just tooooo rude,4.23.1,2017-03-27T07:02:56Z,5
A Google user,Excellent service,5.78.0,2020-01-09T10:43:32Z,5
A Google user,"Compare to other online transport app, I have a hard time finding a driver with grab because the drivers are picky with destination location. So in the end I used other app more often than grab.",4.24.1,2017-04-16T15:36:23Z,3
A Google user,"ada yang sopan, ada yang b*ngsat. saya bertahun"" kerja didunia costumer service, hospitality, meski dicaci maki tamu, kesel saya gak langsung saya utarakan ke tamu. karna saya sadar, uang saya datangnya dari tamu. semoga kedepannya bisa lebih sopan"" lagi drivernya, padahal saya sudah merendah dan bicara dengan nada halus, masih saja dibalas ngegas dan hampir mencaci maki",5.36.3,2019-03-26T13:18:30Z,3
A Google user,Loves it,4.14.1,2016-11-17T10:08:52Z,5
A Google user,Absolutely good enough,,2019-06-07T13:59:00Z,5
A Google user,where is the transfer button? i got send button only. i need to transfer excess money to my bank acc.,5.147.0,2021-05-08T13:46:13Z,3
A Google user,"Grab has always been the best app for me easier and also hassle free. I feel save when I just book the grab family for my kids to go school as sometimes I'm running late, and most of the drivers are friendly and also save. It's good and hope grab will continue this service for the people to have a better trip always.",5.76.1,2020-01-07T23:31:59Z,5
A Google user,The rain is heavy and it won't accept facebook verification. Sad to put it as an option. It is even more sad that i had to go home wet. Especially when i just got the shoes i was wearing.,5.192.0,2022-03-14T11:47:27Z,1
A Google user,godd,,2019-06-15T15:06:42Z,5
A Google user,Grab used to be good but off late it is becoming impossible to get a ride if the fare is under RM 20. I used to be able to take rides even if the fare was RM 5-6. Seems to be that drivers have become so picky over the rides that they accept,5.47.1,2019-06-07T12:38:59Z,3
A Google user,Mantapp,,2021-07-03T05:17:11Z,5
A Google user,sukaeror,4.53.1,2018-11-30T01:08:20Z,3
A Google user,cool service,5.47.1,2019-06-06T13:51:23Z,5
A Google user,help me to find food anytime and more discounts,5.48.1,2019-06-09T09:31:13Z,5
A Google user,"1. Forces you to accept 8-9 Min waiting + dropping passenger. 2. You won't want to cancel due to above, as you will be penalised. Grab don't value their customers. 3. Excessive permission, like asking for contacts.",4.42.1,2017-12-27T00:48:10Z,1
A Google user,the best.................,5.35.0,2019-06-24T08:55:52Z,5
A Google user,Super easy to book rides so far (haven't used it for long-distance hauls yet). The drivers are so far all great.,5.65.0,2019-10-18T07:36:30Z,5
A Google user,I just cannot register. I am on 4g and it keeps on telling me that CHECK MY INTERNET CONNECTION AND TRY AGAIN,v2.8.1,2015-07-17T09:43:42Z,1
A Google user,Grab keren banget,5.41.0,2019-07-23T23:01:49Z,5
A Google user,kenapa pas pake ovo untuk grabfood selalu bilangnya driver busy - it's been a week like this. there is something wrong.,5.34.0,2019-03-07T05:57:15Z,1
A Google user,Excellent!,5.156.0,2021-08-27T08:41:00Z,5
A Google user,Normally works well. Only a few times unable to get a driver. Would be better if you could say how many people are in your party or if you have a lot of packages with you.,4.39.1,2017-11-02T11:07:20Z,4
A Google user,uses outdated map,5.198.0,2022-05-02T12:39:54Z,1
A Google user,Awesome drivers + convenient,v2.7.1,2015-03-20T15:42:17Z,5
A Google user,Efficient,4.50.1,2018-05-10T01:48:08Z,5
A Google user,Simply awesome!,4.49.1,2018-04-23T10:38:42Z,5
A Google user,Good so Far,5.38.1,2019-03-28T01:20:00Z,5
A Google user,I unable choose payment on apps . Please fix it . Thank you,5.99.0,2020-06-09T07:47:19Z,1
A Google user,Please put also what color the car has. Helps in spotting the car from afar.,5.51.0,2019-07-11T08:22:36Z,5
A Google user,Its so fast and easy to contact them..,v2.8.1,2015-08-18T07:44:05Z,5
A Google user,Very useful app,5.103.0,2020-07-24T13:13:55Z,5
A Google user,very convenient.,5.49.0,2019-06-16T09:25:08Z,5
A Google user,"Akun saya disuspend dan tidak bisa dibuka lagi dengan alasan yang kurang logis, padahal saya selalu menggunakan Grab secara normal dan tidak ada yg mencurigakan dari segi dana. Customer support juga kurang membantu.",5.146.0,2021-04-27T08:18:48Z,1
A Google user,More acurate then grab. The driver are more friendly.,4.23.1,2017-03-25T09:27:42Z,5
A Google user,Tidak bisa ganti nomor ponsel,5.70.1,2019-11-14T09:02:40Z,1
A Google user,Nag cash in ako today wala pumasok..deduct na sa bank account ko..wala pa makausap na matino sa inyo.,5.109.0,2020-08-11T08:11:27Z,1
A Google user,"good app, let create more promotion and discount event",5.196.0,2022-04-14T10:24:10Z,5
A Google user,Bad sales staff,5.53.0,2019-07-15T10:49:50Z,1
A Google user,Slow,,2017-12-10T10:52:06Z,1
A Google user,Wow,,2018-08-26T08:29:39Z,5
A Google user,Easy to use.,,2016-11-16T07:21:30Z,5
A Google user,"Update: misleading msg about being awarded 500 points if the driver is late? never happened My points expired ans I received no notification to redeem them 🤬 Add dark mode please! Great convenient app, I only wish they would translate all offers in English (I'm in Thailand) and give extra points for reviews",5.231.0,2022-12-14T17:53:48Z,1
A Google user,phenomenal,5.54.2,2019-07-19T14:06:25Z,5
A Google user,Too Expensive,5.183.0,2022-01-17T06:50:32Z,1
A Google user,nice naman po,5.263.0,2023-08-04T10:02:31Z,5
A Google user,It is very useful,5.59.0,2019-09-13T02:08:18Z,5
A Google user,Great app...helpful ❤️,,2019-07-12T08:14:40Z,5
A Google user,awsome,5.54.2,2019-07-26T08:56:19Z,5
A Google user,"Ngebantu banget kalo lagi mager beli makanan , dan ga ada cash karna bisa pake ovo. jd tnggal isi ovo pake m banking trus transaksi deh. banyak promo juga.",5.53.0,2019-07-18T06:22:30Z,5
A Google user,"Suka sama grab,sangat membantu kalo lagi lapar wkwkwk btw perbanyakin promo buat anak kos dong min",5.67.0,2019-10-26T03:08:54Z,5
A Google user,"After update and reinstall still cant open my point rewards details, it will quit off automatically",5.133.0,2021-01-27T12:04:24Z,1
A Google user,Need to improve the system when peak hour,,2017-04-21T15:30:58Z,5
A Google user,Cannot change my number,5.51.0,2019-06-27T10:58:44Z,1
A Google user,Yesszaa,5.65.0,2019-10-09T11:21:12Z,5
A Google user,Cannot log in and keep saying error,,2021-06-18T07:57:46Z,1
A Google user,Bagus an ini daripada gojek,4.35.1,2017-12-09T05:05:58Z,5
A Google user,sharp on time,5.167.0,2021-09-24T06:42:30Z,5
A Google user,"This application is cool, make my way easy",4.34.1,2017-08-25T03:37:33Z,5
A Google user,"Safer login? fb, google account sama phone number gak bisa dibuat login, kalo bikin aplikasi yg pinter lah, yg user friendly, jangan menyusahkan, blok",4.37.0,2017-10-28T06:07:54Z,1
A Google user,Tombol booking sering off. Jadi gak bisa pesen!,5.00.1,2018-07-10T08:18:47Z,1
A Google user,"The app is great but not with the drivers.. Can you please lower the performance of the driver if the customers cancel bcos the driver ask to cancel? Maybe after that, they wont make any stupid excuses again..",5.23.1,2018-12-14T17:08:48Z,3
A Google user,Easy to use in singapore,v2.5.10,2014-11-09T02:41:10Z,5
A Google user,Excelllent app,5.59.0,2019-09-04T04:52:55Z,4
A Google user,your map indicator is suck and not accurate,4.8.0,2017-02-26T08:17:22Z,4
A Google user,"app is good, but fee is a little bit high compare to living cost",v2.8.0,2015-07-12T04:25:13Z,4
A Google user,Waited for 1 hours and no grab ??? Lousy service,4.23.0,2017-03-18T06:00:27Z,1
A Google user,very helpful app.,5.51.0,2019-07-03T02:17:26Z,5
A Google user,Keep good job,5.09.1,2018-12-01T04:09:03Z,5
A Google user,Wes langganan,5.159.0,2021-08-18T09:55:06Z,5
A Google user,verygood,5.34.0,2019-08-26T11:59:42Z,5
A Google user,Unable to apply promo code and the only solution from their support team is to update the app. Problem is the app is already at the latest version,5.190.0,2022-03-09T09:42:34Z,1
A Google user,FULL OF SCAMMER 🤬🤬,,2021-10-28T07:54:11Z,1
A Google user,App auto-update then automatically launched and re-booked the ride I cancelled in the morning. The driver arrived and gimme a call. What a waste of time for driver.,4.27.0,2017-05-08T14:43:24Z,1
A Google user,Good service & much be have gently,5.16.1,2018-11-23T14:09:45Z,5
A Google user,Nice apps..,,2021-05-26T08:45:15Z,5
A Google user,Very usefull,,2017-11-12T04:09:32Z,5
A Google user,The prices are just way way too high nowadays. I remember Grab use to be very affordable now it's like a luxury. So nowadays I prefer using Maxim,5.59.0,2022-12-30T04:20:04Z,1
A Google user,fine,4.33.2,2017-10-18T14:05:15Z,5
A Google user,I love the service! Medyo konti pa lang coverage but ok na din.,5.65.0,2019-10-15T07:07:48Z,5
A Google user,Sobrang helpful lalo na kapag rush hour,4.23.1,2017-03-23T08:37:00Z,5
A Google user,good enough,5.37.1,2019-05-15T14:26:01Z,5
A Google user,Can't access after app update on 25 Apr,4.26.1,2017-04-25T14:58:03Z,2
A Google user,Missing Function Where the grab express service? We need to used it on daily basic.,5.206.0,2022-06-21T06:34:34Z,1
A Google user,better drivers than foodpanda,5.177.300,2021-12-08T06:12:31Z,4
A Google user,Execellent service all the way.,5.44.0,2019-05-19T11:12:06Z,5
A Google user,Harga MAHAL sejak takeover UBER . I rather naik teksi dari book grab .,4.48.1,2018-04-14T02:43:35Z,1
A Google user,"My home address changed to non existent one, for hitch i always have to restart the app to make a request and swiping screen to the right to see the menu doesn't work most of the time.",5.19.1,2018-11-18T15:14:58Z,2
A Google user,Sahabat mager,5.108.1,2020-08-11T05:34:26Z,5
A Google user,I love it,4.16.1,2016-12-21T11:50:30Z,5
A Google user,this application always helped me when i am hungry,5.55.1,2019-08-17T07:25:37Z,5
A Google user,"HELP I started to use grab pay by ovo and top up through m-BCA. All I need to put was just OVO code + phone number. But, when put it to my virtual account number, I failed. Could you please help me with that current issue?",4.51.1,2018-06-22T12:22:14Z,3
A Google user,"It's so convenient, and I loved it",4.19.1,2017-03-12T02:38:04Z,5
A Google user,Very helpful apps..,5.68.0,2019-12-30T11:02:45Z,5
A Google user,My apps kept crashing.. unable to access to make my booking.. pls fixed it,4.47.1,2018-03-25T23:07:23Z,1
A Google user,Update bs smpe 1jam kesel bgt,5.125.0,2021-02-23T01:51:04Z,1
A Google user,Expensive,5.76.0,2019-12-25T05:20:56Z,1
A Google user,Very expensive worst application for ride care going back to local taxi was good at this time,,2022-05-10T17:11:55Z,1
A Google user,Good service.,5.33.0,2019-03-23T13:26:52Z,3
A Google user,"Keep making great promos, that's how i like it.",5.69.1,2019-11-12T22:58:00Z,5
A Google user,"The promo code didnt work or failed. I have complained to grabtaxi indonesia twitter but no reply at all. Hey come on!! Udah pake promo interbike, trus grabbonus, grabpink. Gada yg bisa. Failed mulu. Boong atau gimana sih",,2015-10-10T14:33:21Z,2
A Google user,Easy n usefull apps,4.35.2,2017-09-19T06:00:05Z,5
A Google user,Can't Upgrade,5.132.0,2021-01-28T05:33:29Z,1
A Google user,Nice diskon,5.165.0,2021-09-05T07:19:46Z,5
A Google user,So far GRAB is 100%. Their Grab App has not given me any pain in the ass. Love it!,5.70.1,2019-11-16T02:03:39Z,5
A Google user,Driver so friendly & helpful,5.60.0,2019-09-20T01:26:45Z,5
A Google user,Helpful and So Easy,4.6.7,2016-08-07T16:12:11Z,5
A Google user,WORST!! I CANT LOGIN BACKY ACCOOUNT!!!!,5.156.0,2021-07-02T20:19:17Z,1
A Google user,very helpful app. nice,5.51.0,2019-07-03T04:49:14Z,5
A Google user,The GPS locator always not up to date even I switched on GPS in my phone.,5.20.0,2018-11-28T14:40:31Z,3
A Google user,Ayos to!!!,,2021-08-29T18:09:17Z,5
A Google user,"I feel both driver and passenger are controlled by Grab Car without choices, ask me why...",4.53.1,2018-06-18T14:58:46Z,2
A Google user,Best online ride sharing and food delivery order,5.57.0,2019-08-14T14:35:32Z,5
A Google user,"The app (available restaurants; what the app promotes to customers including ""Grab Kitchen"", Grab partners, and the corporations that Grab heavily advertises to customers) are all extremely vegan unfriendly.",5.208.0,2022-07-05T11:47:49Z,1
A Google user,There should be a cancellation button for on-trip issues. It's such a hassle when neither the driver nor the passenger can cancel the trip.,4.47.1,2018-04-03T01:24:58Z,2
A Google user,Driver very polite,5.107.0,2020-08-07T23:51:58Z,5
A Google user,great!,5.59.0,2020-01-04T18:29:45Z,5
A Google user,keren.. ok,,2021-07-04T11:30:56Z,5
A Google user,"Works well, use it.",5.68.0,2019-10-25T23:42:38Z,5
A Google user,Good apps helpful grab yours now,5.152.0,2021-06-06T10:27:06Z,5
A Google user,It's now working well,4.43.1,2018-01-21T02:21:13Z,5
A Google user,EASY to use,5.46.1,2019-08-28T10:37:49Z,5
A Google user,"Fast Delivery, drivers are friendly",5.164.0,2021-08-29T10:44:49Z,5
A Google user,I can't log into my new phone. It shows activation fail. I'm using Galaxy Note Edge SM-N915F. Same thing happened to my dad's S7 edge. Pls fix this,4.27.2,2017-05-28T16:30:43Z,3
A Google user,Love the Grab Express 4H! Thank you so much for this feature. So affordable! Please more vouchers on Grab Food.,5.141.0,2021-03-28T10:38:35Z,5
A Google user,pls switch to air asia ride guys 。,5.165.0,2023-01-16T11:51:53Z,1
A Google user,Too many booking cancellations,4.51.1,2018-05-28T14:06:33Z,1
A Google user,Delayed,5.109.0,2020-08-13T09:49:35Z,1
A Google user,very helpful person.,5.217.0,2022-09-07T01:17:26Z,5
A Google user,"Best ojek online app ever. Sangat user friendly. Pengemudinya sopan semua, call center juga sigap. Selain itu harga jg masuk akal. Kalau lagi mahal pasti ada diskon jd sama aja. Kritiknya cm kadang pas overload suka ngaco map based/ driver search-nya. Overall sangat oke.",4.24.0,2017-04-03T03:56:21Z,5
A Google user,After switching to grab business portal and was told by the help centre that i am able to retrieve all my previous statement by tagging them from personal to business. But your app itself does not reflect all the previous record and had to print out all the statement 1 by 1 instead of the consolidated one. You guys changed the platform just like that without even thinking about the existing ride? Now i am also unable to print my personal rides for tracking. What a genius IT team you have.,5.75.0,2019-12-23T06:11:05Z,1
A Google user,Helpful app,,2018-02-09T01:17:16Z,5
A Google user,why i cant use the newtograb promocode? it said the promocode not eligible bla bla and i'd never use grab before,4.36.1,2017-11-05T22:56:27Z,1
A Google user,bar di update malah ora bisa di buka.. hadehh.. ra kanggo gawe..,4.38.3,2017-10-30T18:16:33Z,1
A Google user,That is very easy like this system,4.36.1,2018-02-06T04:10:12Z,5
A Google user,Very helpful!,v2.6.3,2015-04-02T11:12:07Z,5
A Google user,Really good,5.118.0,2020-10-09T07:03:17Z,5
A Google user,"I usually move around by myself but when my bike is being fixed or is in a bad shape, Grab is my ride. So easy to use. Either you go by a car or a bike, your choice. The price is not expensive at all especially when you have a discount code. You can also order food ! What else do you want ? This app is a life-saver !!",5.51.0,2019-07-02T05:59:12Z,5
A Google user,This is nice to my work,,2017-11-24T00:15:35Z,5
A Google user,STOP SPAMMING YOUR USERS: SMS Spam + notifications of promotions + Email Spam and there is no freaking way to stop it. Are you punishing your clients to uninstall the application?? UN-FREAKING-BELIEVABLE,4.9.0,2016-09-06T04:49:07Z,1
A Google user,very very good service.,5.49.0,2019-06-24T13:55:06Z,5
A Google user,Sobrang bagal ng app palagi,,2022-05-29T02:37:12Z,1
A Google user,Benerin dong boss app barunya gak responding terus. 1 menit bisa 3-4x isn't responding. Buka appnya jg berat banget,5.22.1,2018-12-10T09:54:26Z,1
A Google user,"For Now I'll rate 1 star , Why ? Di dahil panget serbisyo nyo kundi naaawa ako sa mga riders nyo na nag babayad ng mga cancelled orders , napaka panget tignan na yung iba oorder ng trip lang ? tapos di kukunin ? Samantalang yung mga nagdedeliver ng grab ? Sila magbabayad ng mga orders na cancelled ? Please ! Kung maaari sana 50% off incase na macancelled yung orders kung rider ang magbabayad , di nyo ba naiisip na may pamilya ding binubuhay ang mga yan ? I'LL hope na maaksyonan nyo ang feedback k",5.49.0,2019-06-17T11:47:32Z,1
A Google user,food at this place sucks ! don't order their fried hokkirn mee! no sambal chilli at all instead green chillies ! who eats HM with green chilies!!! Even their Adam fish head curry is not authentic.,5.208.0,2022-07-09T09:53:40Z,1
A Google user,I cannot set multiple drop off points anymore after the update,,2017-10-11T10:33:20Z,3
A Google user,Customer service/support sucks. They don't reply at all.,4.42.1,2018-01-13T00:14:05Z,2
A Google user,I like perfect this grab taxi system.,4.53.1,2018-06-25T14:18:31Z,5
A Google user,"Easy to use, very helpful",4.6.7,2016-08-06T04:30:09Z,4
A Google user,Best app ever! Enter GRABEJVHNE7M when you register to get 3 dollar off for your first ride! I love this app as I am now no longer need to worry about parking spot when I go shopping! Grab app never cancels booking after accepted. Very satisfied to both drivers and customer using this service. Sometimes wrong location shown despite the correct location and GPS turned on but its OK for me. Well done developers!,5.05.1,2018-08-15T14:45:54Z,4
A Google user,suspended for the few times. disappointed,,2019-04-02T02:13:58Z,1
A Google user,sao kg đăng nhập đc vậy ad,5.29.0,2019-01-24T05:52:43Z,2
A Google user,you need to update your app just to claim your rewards. what a nightmare,5.33.0,2019-03-29T03:54:16Z,1
A Google user,Very user friendly,5.140.0,2021-03-21T05:38:31Z,5
A Google user,friendly,5.233.2,2023-02-01T03:39:27Z,5
A Google user,banyak promo bikin gendut,,2019-05-18T09:00:40Z,5
A Google user,Tq grab..,5.128.2,2021-01-12T12:35:55Z,5
A Google user,"I was told by the app prior to booking a ride that there's a maximum of P25 booking fee on top of the meter fare, and yet when I paid, driver said there's a booking fare of P95! Which is absurd! And driver was rude as well! NEVER BOOKING A GRABTAXI EVER AGAIN!!!",5.47.1,2019-06-03T10:07:11Z,1
A Google user,"Helo, please be efficient in RAM. SO MANY developers but zero knowledge to reduce RAM. every update, you should remain the same memory, not just adding more coding and harmful to memory. Next time everybody will think app to much burden and uninstall for it's lacking performance of cellphone.",5.170.0,2022-05-15T11:20:59Z,3
A Google user,Very convenient! Easy to use!,5.55.1,2019-07-30T13:31:09Z,5
A Google user,Setiap kali nk beli pakai trf xdpt hya cash,5.146.0,2021-07-17T04:12:08Z,2
A Google user,Grab knp jadi lemot banget sih skrnggg?!!,4.47.1,2019-01-02T09:56:56Z,3
A Google user,"Poor services, not arrange well, hard to find item needed, limited item. Not recomended.",5.153.0,2021-06-19T04:57:44Z,1
A Google user,Can't make it app. Can make improvements or not,5.90.1,2020-04-02T08:13:22Z,1
A Google user,"Published freebie for ride between 2-4 Dec (URBANDECAY), spent RM9 for short distance from KLCC to Pavilion KL, the tricks for redeem the freebie was to take a selfy, tag with #hash tag...... and post in Facebook to redeem. Useless, to help to do free marketing?",4.14.1,2016-12-02T14:42:09Z,1
A Google user,"Stupid app! Can't detect my address, ayaw pa mailagay address manually! AYAW NYO SA KIN E D WAG TANGINANYO CNO BA NAWALAN NG KITA BOBO",5.157.0,2021-07-08T06:08:48Z,1
A Google user,Helpfull app🤗,,2019-09-06T04:15:29Z,5
A Google user,"Great app, very efficient.",5.124.0,2020-11-23T05:43:18Z,5
A Google user,My location doesn't change . . Im from angeles pampanga and when choose my order. The app takes me to manila,5.166.0,2021-12-23T18:47:26Z,1
A Google user,Niceee,5.104.0,2020-07-08T03:24:39Z,5
A Google user,okay,5.72.0,2019-12-03T11:12:00Z,5
A Google user,NOT WORKING!,5.06.0,2018-08-24T02:56:21Z,1
A Google user,Address search is horrible. Sometimes search suggestions are way off. Postal code search doesn't work etc. etc. So many bugs.,v2.7.1,2015-03-15T06:27:28Z,1
A Google user,Where app i want to oder a food... Is this app??? Or another apps??,5.73.1,2019-12-05T08:54:50Z,5
A Google user,Nice service..good job,4.1.1,2016-04-29T00:13:06Z,5
A Google user,Awesome ✌️,5.64.0,2019-11-19T15:38:54Z,5
A Google user,Not appear food n delivery on my page,5.14.1,2018-10-16T15:42:18Z,1
A Google user,Semakin kesini semakin bagus pelayanannya. Aplikasinya juga informatif dan jelas. Pelanggan diberi banyak kemudahan dan promo-promo. Terima kasih grab.,5.68.0,2019-11-25T13:07:10Z,5
A Google user,Gd,5.127.0,2021-03-12T04:21:26Z,5
A Google user,stupid app. driver keep canceling last minute. not going to recommend to my family and friends,4.55.2,2018-07-09T13:52:52Z,1
A Google user,jos,5.55.1,2019-08-06T10:16:11Z,5
A Google user,"I have a card link to the app. Once I book a trip, the notification would show ""the amount....is on hold and will only be charged when the trip completed"", but i immediately received notification from bank that such amount has been charged successfully. Later on if grab cancel the trip (driver canceled) or I cancel due to time constrainst, i received the notification from bank that the charged amount will only be released after 30 days!!!!!",,2023-05-18T01:55:53Z,2
A Google user,"LEBIH LAMBAT DARIPADA GOJEG, HANG TIGHT LAMAAAA ASW",5.74.1,2019-12-11T08:49:55Z,1
A Google user,Same,,2016-09-08T10:56:05Z,1
A Google user,"The App is showing a weird behaviour nowadays. Firstly, when i place a food order, it seems that the order hasn't gone through, and the item remains in the cart. Though when you look at activity tracker, the order did go through. But, the worst part is when I try checking the progress on the order, the app crashes. I hope you can fix this ASAP.",5.100.0,2020-06-15T00:28:46Z,1
A Google user,app crash liên tục ko đặt xe được,5.120.0,2020-10-29T00:00:28Z,1
A Google user,I can't use grab properly after updating. Please fix it. I'm using Samsung J7 Prime.,,2019-09-06T08:32:30Z,1
A Google user,we need you now wkwkwk,5.46.1,2019-05-27T23:26:26Z,5
A Google user,great great great,5.49.0,2019-06-24T05:41:32Z,5
A Google user,Helpfull and safe to ride.,v2.7.1,2015-04-16T13:47:50Z,5
A Google user,Super helpful app from food to groceries. Thank youuuuuu,5.146.0,2021-05-02T14:57:42Z,5
A Google user,my app has no express option.,5.229.0,2022-11-30T12:36:53Z,3
A Google user,Stupid delivery app so far. I've subscribed to get discounts but can't apply them to the food I want.,5.263.0,2023-07-23T12:14:37Z,2
A Google user,"The transportation service is good. However their food option is next to garbage in my experience. Since covid most establishment have a pick up point so all food are dropped here. However grab service does not require that they label your food by your name, theres even no receipt attached. For my case the only way to know is to open every plastic bag in the pick up point. You would think putting the receipt and labeling the food with your name is standard practice but apparently not.",5.204.0,2022-06-09T06:37:53Z,2
A Google user,"Grab, u makin kesini makin pelit diskon, ngapa dah....?",5.69.1,2019-11-28T10:05:14Z,3
A Google user,"Applikasinya aneh,,, driver nya bisa maen klik klik terima aja, padahal jarak jauh,,, habis tu minta cancel, kadang 10 driver minta cancel untuk 1 order... Jelek banget pelayanannya",5.10.0,2018-09-24T00:21:39Z,1
A Google user,Good service and thanks,5.227.0,2022-11-16T12:39:05Z,5
A Google user,Cepat dan mudah,4.6.2,2016-06-26T09:09:30Z,5
A Google user,lama banget dapet driver nya server error mulu,4.34.1,2017-09-09T09:09:00Z,2
A Google user,"Saya mau bikin aduan susah, ribet",5.83.0,2020-03-16T14:58:38Z,1
A Google user,Easy to get cab ride,,2017-08-01T20:08:56Z,5
A Google user,the drivers are so nervous,5.27.0,2019-02-10T06:20:51Z,1
A Google user,this new version app keep asking me to update the version and it stops working.,5.32.1,2019-02-19T07:37:01Z,1
A Google user,keep it up,5.164.0,2021-10-08T03:52:49Z,5
A Google user,I love this app,4.53.1,2018-07-21T03:26:09Z,5
A Google user,satisfied buyer ✅,5.219.0,2022-09-21T22:22:43Z,5
A Google user,Really enjoy the grab ride,,2018-11-17T14:05:27Z,5
A Google user,payah susah bgt buar loginya balik lg balik lg bikin kesel perbaikin deh app nya asu dsr,4.42.1,2017-12-30T02:46:22Z,1
A Google user,I like this app,,2020-01-10T00:35:37Z,3
A Google user,nice apps,5.107.0,2020-08-10T01:21:59Z,5
A Google user,It's a great app. The driver is nice and kind too... Great Job!!,4.46.6,2018-04-14T12:28:32Z,5
A Google user,The apps is not really friendly and I do not received the e receipt after complete the ride,4.27.1,2017-05-12T04:24:46Z,3
A Google user,Good delivery,5.185.0,2022-01-26T11:06:19Z,4
A Google user,Location Ref,5.37.1,2019-05-22T07:57:42Z,5
A Google user,Helpful and good app,5.87.0,2020-03-07T09:57:23Z,5
A Google user,Welcome to PAKISTAN specially in Multan.,,2019-11-22T04:03:54Z,5
A Google user,Happy,4.34.1,2017-09-08T00:14:24Z,5
A Google user,The fare is ridiculously expensive. Hoping that a new ehailing come out.,5.17.1,2019-03-07T10:41:24Z,1
A Google user,Great driver equal to great memories,5.57.0,2019-11-23T14:23:35Z,5
A Google user,It was fun,,2020-11-06T01:29:42Z,5
A Google user,Very useful. Thank you for this!,,2018-04-27T13:00:32Z,5
A Google user,"i unable to sign in by using email or phone number however it been blocked and systems send me the appeal form requesting me to fill up,how i need to fill in as my account never created? please clarify and assist",,2017-09-12T10:27:18Z,1
A Google user,Useless..,5.209.0,2022-07-08T11:33:18Z,1
A Google user,"great app, never let me down",5.47.1,2019-06-02T12:16:21Z,5
A Google user,It's really nice,5.255.0,2023-06-04T15:39:58Z,5
A Google user,"stupid apps. searching for driver in mere seconds, making me push the search button over and over. can't work in back ground while searching.",5.27.0,2019-01-15T12:07:54Z,1
A Google user,"The application is good but lately it heats up my phone, causing it to crash",4.43.1,2018-01-24T08:25:09Z,4
A Google user,Very good aap,,2020-12-15T12:27:45Z,5
A Google user,really helpful,5.58.1,2019-08-23T07:22:45Z,5
A Google user,THERE IS A PROBLEM WITH YOUR PIN LOCATION,5.203.0,2022-06-02T18:34:54Z,1
A Google user,Yesterday I got confused but the diver was very calm & helpful. It was at the new bridge to Merville,5.163.0,2021-08-24T02:59:05Z,5
A Google user,"It's so disappointed with the app.. The chat frequently error, the promo is frequently lie too, and the price it's the most expensive than others..",4.26.2,2017-05-01T11:36:23Z,1
A Google user,I cnt go thru my payment to order food. It say some payment method are temporarily unavailable. Pls go to the payment tab n resolved it. I try few times to update my apps but stil my payment mode unavailable. Pls help.,5.165.0,2021-09-06T07:34:05Z,1
A Google user,Awesome like heck.,4.39.1,2017-12-08T08:29:37Z,5
A Google user,Sucks,5.229.0,2022-11-29T03:48:08Z,1
A Google user,Do better,4.37.0,2018-02-13T06:00:34Z,5
A Google user,Told them food was spoilt and u couldn't tell from the pic but it was so obvious from the smell. He told me I am not entitled to refund cos the food looks fine from the pic. They will only refund if they see bubbles. So all they can do is give feedback to the restaurant and for me to rate the restaurant poorly that's all. What in the world...,5.139.1,2021-03-12T05:32:29Z,1
A Google user,Good software and service,v2.6.3,2015-01-03T22:25:12Z,5
A Google user,The hike in fares during high demand is too unreasonable esp since its so much more higher than taxi rates.,4.28.2,2017-06-09T05:37:39Z,5
A Google user,Impossible to ask a question even with platinum status. The feedback session only on the app. Customer service might be something to consider,5.87.0,2020-03-06T10:45:14Z,1
A Google user,definitely one of the better biryanis around,5.169.0,2021-10-10T08:31:20Z,5
A Google user,But i lose too many. Rewards points,4.42.1,2018-01-24T15:57:59Z,5
A Google user,"Order ok but when reaching Payment, SWEAT! By cash cannot! By credit card need RM1 for each card entered! After entering card details, RM1 is charged but when pay with that credit card, CANNOT!! PAYMENT METHOD DECLINE!! PENIPU is it???!!! I don't want to save my card details or account details!! Force ppl to save and pay RM1 per entering card details! Dislike! Got voucher to use also no use...payment cannot proceed! STRESSED using GRAB for food! Thanks a lot for stressing me out.",,2021-05-19T11:11:15Z,1
A Google user,Love your update description 🤣🤣🤣,5.268.0,2023-10-09T19:47:03Z,5
A Google user,Safe and convenient for VN where taxi consciouness is not good,v2.5.5,2014-06-21T04:39:16Z,5
A Google user,Always the best,5.60.0,2019-09-14T05:18:10Z,5
A Google user,Great! Very prompt and timely. app very user-friendly.,5.236.0,2023-01-18T05:20:43Z,5
A Google user,Pin point location not accurate,4.40.1,2017-11-29T09:04:11Z,4
A Google user,"Very helpfull, thanks Grab!",5.57.0,2019-08-23T11:48:04Z,5
A Google user,"Promo grab car dan grab bike seringkali ga bisa dipake (fully used), Padahal belum pernah dipake sama sekali kode promonya. Untuk pelayanan dll sudah lumayan bagus lah, sering banget dapat kupon promo grab food sehingga bisa beli makanan dengan harga yg lebih murah",5.59.0,2019-09-14T16:55:02Z,3
A Google user,Grab food gorontalo nya mana?,5.15.1,2018-10-21T11:45:58Z,5
A Google user,Ang mahal. Ibalik ang UBER,5.59.0,2019-12-28T08:02:55Z,1
A Google user,fast and furious,5.233.2,2023-01-16T05:43:46Z,5
A Google user,nice drive..... very good,5.231.0,2023-02-14T12:26:57Z,5
A Google user,Mahal,4.42.0,2018-08-28T07:17:47Z,1
A Google user,This apps is getting better so 4 star for this moment,5.40.1,2019-04-23T10:05:37Z,4
A Google user,Tak bisa rubah bahasa indonesia,5.240.0,2023-03-11T12:47:40Z,1
A Google user,"the driver just didnt show up for the booking, extremely disappointed",,2016-05-19T00:08:01Z,1
A Google user,Im happy work with GRAB,4.21.2,2017-03-23T03:00:31Z,5
A Google user,Awesome app,4.42.1,2017-12-28T21:11:39Z,5
A Google user,"Dati, maganda ang apps na to, fixed rate, ngayon bat nagloloko na ang rate nila?, and dati na mataas ang rate nila dito sa Pampanga lalo pa nagtaas ngayon. Not good so far. Now I am l looking forward for the coming of more apps. Pag d nila inayos, sigurado marami maglilipat ng apps.",,2018-05-18T03:15:33Z,1
A Google user,Stupid app. You stole my points.,5.30.1,2019-03-20T12:06:59Z,1
A Google user,เก๋าๆ,v2.7.3,2015-05-30T16:09:47Z,5
A Google user,Easy and convenient use!,5.57.0,2019-08-14T14:01:42Z,5
A Google user,good morning good job wery nice man,5.202.0,2022-06-22T22:43:13Z,5
A Google user,Dulu sebelum upgrade senang je nak hantar barang kat orang lain even duduk negeri lain..search je alamat rumah dorang..sekarang ni main pin2.. dah la search alamat tak jumpa.. padahal ada je grab area rumah dorang,5.201.0,2022-05-21T07:49:52Z,1
A Google user,Latest version auto-restarted my phone when I tried selecting a restaurant. Please fix.,,2021-07-10T09:52:03Z,1
A Google user,This is my first time using Grab service. And I was very impressed this.,5.163.0,2021-08-28T09:03:46Z,5
A Google user,ssatria,,2019-06-30T10:50:23Z,5
A Google user,"This app is user friendly.. Not even a minute of installing this app and booking, a taxi was already en route to pick me up.. Thank you GrabTaxi!",v2.7.0,2015-02-13T00:38:42Z,5
A Google user,Paid in full thru the app but there's 2 lacking/missing order. Not resolved and no compensation been done,5.274.0,2023-10-16T03:46:32Z,1
A Google user,MD Rohul amin,,2021-08-29T12:14:10Z,5
A Google user,bad app.. cannot use coupon,5.177.300,2021-11-27T15:45:47Z,1
A Google user,most of the time the driver name is always timmy gue... kulang lagi cannot see the name can i do something about it how to fix that thats basic info i feel i need to know,5.59.0,2019-09-07T11:29:18Z,5
A Google user,",pang tamad pero mayaman.",5.59.0,2019-09-17T21:04:56Z,5
A Google user,did not.pick me up,5.201.0,2022-05-18T00:15:58Z,1
A Google user,App sucks. Not able to drop pin for pickup. Recognized my address as a bus stop in middle of street nowhere near my place. Always picks the driver in far places and about to drop passengers when i was in a hurry in the morning. Now added with drivers refusing to pick up calls to direct pickup point. None of this was an issue with uber for sure,4.51.1,2018-05-17T23:18:06Z,1
A Google user,the price so high,,2018-08-20T07:22:56Z,3
A Google user,accesible,,2019-04-10T01:55:20Z,5
A Google user,membantu sekali :),5.50.0,2019-06-23T22:56:10Z,5
A Google user,Love it,5.76.0,2020-01-07T23:40:52Z,5
A Google user,"Can't login with my email or any others email in my phone, and idk why. Please fixed it.",5.12.1,2018-10-08T01:34:32Z,1
A Google user,Jian josss,,2019-09-25T04:39:16Z,5
A Google user,i.,,2020-02-18T12:24:29Z,5
A Google user,grabi grabi,5.55.1,2019-08-01T02:06:11Z,5
A Google user,Sang at memuaskann...,v4.0.4,2016-04-29T09:22:42Z,5
A Google user,good job!,,2019-11-09T07:45:48Z,5
A Google user,parah,4.23.1,2017-03-27T14:49:24Z,1
A Google user,Grab is best than taxi,5.20.0,2018-11-28T08:44:34Z,5
A Google user,"love this app, always gey point",5.83.0,2020-02-22T10:03:32Z,4
A Google user,very very helpfull,5.49.0,2019-06-16T11:18:35Z,5
A Google user,the best app for transportation,5.57.0,2019-08-20T03:26:04Z,5
A Google user,im logging in using phone no but it always show server error i hope you'll fix it,5.39.1,2019-04-06T13:45:38Z,2
A Google user,Can't give tip to my driver,,2023-07-17T07:58:38Z,1
A Google user,Grab Taxi n Grab Bike is the best deh. Ga kecewa menggunakan applikasi ini. Hahaha saya suka saya sukaaaa ✌,v2.7.3,2015-06-19T16:04:59Z,5
A Google user,"Easy, fast, effective taxi type service when I used it from the Philippines.",5.145.0,2021-11-29T12:39:03Z,5
A Google user,Iloveit tnx to u mwahhh,,2015-08-02T12:00:46Z,1
A Google user,"We ordered food through grab delivery. The app was buggy and the address was changed to a place we do not know of, which was really weird, because our address is saved in the app and food is always delivered to our address. After that we tried to cancel our order but Grab did not allow it and did not allow us to change the address too. We have been using grab, and the prices are not say of good value, so this experience is really a huge turn off. I hope you buck up, Grab.",5.261.0,2023-07-17T05:46:08Z,1
A Google user,Love the app!,5.50.0,2019-06-24T05:16:48Z,5
A Google user,Men,,2016-12-31T06:27:00Z,1
A Google user,mantul,5.53.0,2019-10-19T05:14:16Z,5
A Google user,Uber was doing an awesome job of regulating it's cab services in Thailand. Grab just shat all over the place!,4.53.1,2018-06-13T11:50:45Z,1
A Google user,grab was a very good app and very helpful,5.41.0,2019-05-30T04:15:55Z,5
A Google user,"Sometimes i got the cheap one but after few minutes of booking,the booking can delayed for several minutes which was not tally from the app average minutes for the driver to arrive.So,i had to book again with the high demand price.I hope grab can give us point as much money as we spend. Example RM5= 5 points.Grab is too stingy for this part.I took grab RM6 only to get 5 points.Not worth my money and waiting...",5.222.0,2022-10-26T07:04:42Z,1
A Google user,mohd Hafiezal jalani,,2017-04-08T05:01:44Z,5
A Google user,Nice apps we feel much comfortable and convenient in riding a grab car,5.51.0,2019-07-01T09:51:17Z,5
A Google user,why dont you put your call center number on the app?,5.35.0,2019-03-09T07:31:54Z,3
A Google user,Fast delivery and kind Grab Rider.,,2023-01-05T14:29:16Z,5
A Google user,X56 6,5.177.300,2021-12-16T01:30:20Z,5
A Google user,Awesome!,v2.7.3,2015-05-14T14:30:50Z,5
A Google user,Needs improvement. But it's good.,,2018-12-06T10:26:47Z,3
A Google user,Bener bener ni aplikasi katanya bakal siap sedia tapi nyata nya apa saya butuh ojek dan nggak ada yang acc driver nya.. kalo emang nggak mau jemput nggak usah diadain lah aplikasi macam ini.. saya sebagai pengguna B kecewa.. dan nggak akan pake lagi. Tolong ya,4.49.1,2018-04-24T07:59:52Z,1
A Google user,Uninstalled,4.14.1,2016-11-22T10:24:07Z,1
A Google user,Not available in Canada.,,2017-07-28T12:45:08Z,1
A Google user,Good friendly service.. Price are reasonable too,5.70.1,2019-11-14T04:15:09Z,5
A Google user,"Why payment method always been reset? Other thing is, why some driver charge for TOL but some of them said that prize already include TOL??",4.42.0,2017-12-16T03:55:37Z,5
A Google user,Grab taxi,,2016-08-30T04:27:09Z,1
A Google user,Poor,5.17.1,2018-11-09T07:29:09Z,1
A Google user,Very very good services definitely a recommend to use dont take up lots of memory as well.,4.13.1,2016-11-01T08:54:06Z,5
A Google user,Grab car is really good service.. Easy to book grab car,4.23.1,2017-04-08T12:22:42Z,5
A Google user,tganks grab,5.45.1,2019-05-22T03:03:26Z,5
A Google user,"My home address cannot be located or updated on the map. I can only enter my neighbors address, which has taken a big stretch of the street!",5.196.0,2022-04-10T04:02:48Z,3
A Google user,Generally sound except for the predicting of car arrival. I can accept an 8 minute wait but not if it turns into 30 minutes. Misleading,4.50.1,2018-05-17T10:26:14Z,3
A Google user,Bukan gojek,5.164.0,2022-01-16T06:29:41Z,5
A Google user,很好用!,,2014-11-18T08:15:01Z,5
A Google user,"I use the aps everyday, really help me in many ways, make my life easier, keep up the good work...",4.15.0,2016-11-30T15:14:34Z,5
A Google user,thank you po,5.206.0,2022-06-26T09:49:41Z,5
A Google user,you cant verify mail or take what looks like a mandetory selfie. so this app is pretty much useless. i have been trying for 4 days no luck. and no support available. terrible!,5.39.1,2019-04-10T04:52:22Z,1
A Google user,Incompetent.,5.108.1,2023-07-20T04:18:12Z,1
A Google user,Goods apps,5.60.0,2019-09-16T02:12:22Z,5
A Google user,I like when the driver is so friendly...,5.46.1,2019-05-28T23:33:45Z,5
A Google user,Food came without the sauce. Requested sauce to be separated,5.186.1,2022-02-09T04:13:23Z,3
A Google user,Great for some driver,5.81.0,2020-02-15T02:00:03Z,5
A Google user,It's best when you need it the most,5.45.1,2019-05-24T06:36:41Z,5
A Google user,Best app for malaysians,5.112.0,2020-09-08T04:16:13Z,5
A Google user,Bảo vệ chủ quyền biển đảo Việt Nam. grab cút,5.212.0,2023-04-09T10:18:41Z,1
A Google user,It was good and comfortable,,2018-01-22T13:36:32Z,5
A Google user,When i book than need to wait 2 hours for get Driver,5.198.0,2022-04-25T12:22:26Z,1
A Google user,App yg keren,5.11.0,2018-09-19T18:41:03Z,5
A Google user,"Many drivers making cheats, if you dont know your route to your destination",,2018-08-18T02:44:54Z,1
A Google user,"Grab's flow encourages drivers to take and cancel passengers' bookings. As a passenger, I'd say Uber is much promising and user friendly to the passengers and I'm having a hard time with Grab App in reflecting my problems with drivers. In short, BRING BACK OUR UBER!",4.48.1,2018-04-14T14:51:28Z,1
A Google user,bagus sekali,5.53.0,2019-07-11T11:57:56Z,5
A Google user,"Bad experience You should review / fix your customer service, it's really bad, my friend was charge over the limit, she went to a mall, then when she make a complaint, They said there's parking fee, the fact is she dropped off outside the place without entrance to the parking area... Imagine if this thing happen to 1 Million users and they charge over the limit at $0.5 and they got at least $500.000 Please fix this quickly, you have a really great product and helpful, But if you still do this again and again, it will be an impact in the future Thankyou",,2018-05-02T14:04:47Z,1
A Google user,mấy bác YouTube nói quá nên muốn thử. Thực ra vịt quay cũng thường heo quay thì mở nhiều hơn thịt,5.245.0,2023-03-18T05:21:04Z,5
A Google user,There is a lot of room for improvement.Keep it up!,5.51.0,2019-07-06T09:46:31Z,5
A Google user,TAMBANG MAHAL BAIK GUNA MAXIM,5.78.0,2020-01-10T03:46:11Z,1
A Google user,Kenapa banyak driver yg nomor di apps nya tidak terdaftar? Alias gak bisa di hubungin? Tolong update data driver.,,2018-07-04T02:43:52Z,1
A Google user,"As an old user of this app, the problem that appear is rather disappointing. One day, your app say it can't find me on the map. Already checking the GPS and Internet connection with using the competitor app and it work perfectly and can find me. Already try unistalling the app and reinstall, uninstall the webview solution and nothing work. How can user use your app if your app not event reliable to use event have problem that disable all service you sell.",5.175.1,2021-11-16T00:12:03Z,2
A Google user,"Basically, okay. Still needs a lot of improvements especially the accuracy of drop-off and pin locations.",5.12.1,2018-10-14T06:41:15Z,3
A Google user,great service!,5.49.0,2019-06-22T03:57:14Z,5
A Google user,Been using this app for more than 5 years. I may have some issues in the past but appears this have been fixed over the years,5.154.0,2021-07-03T02:41:55Z,4
A Google user,ni bagus,5.23.1,2019-05-03T13:15:59Z,4
A Google user,grab service is reliable,5.256.0,2023-06-06T21:30:15Z,5
A Google user,"Sometimes Ok, Sometimes not Ok",5.274.0,2023-10-10T04:28:40Z,4
A Google user,wokayyu,5.51.0,2019-07-02T09:01:05Z,5
A Google user,"For some reason, I can't add my debit card as a payment method. It used to work with my old phone, but when I got a new phone, it couldn't be validated even if I tried to add it to grab using another phone. I already checked with my bank and they said there's nothing wrong with my card. What am I supposed to do?",4.53.1,2018-06-11T07:04:05Z,3
A Google user,So far so good. All drivers are okay and courteous.,4.26.0,2017-05-01T09:11:35Z,5
A Google user,"since the last updated, I can not top up using my debit cards. and I use grab almost everyday to work :(",5.23.1,2018-12-20T04:56:55Z,3
A Google user,bnyak promonya asik..,5.50.0,2019-06-29T05:52:22Z,5
A Google user,Always consistently good service,5.114.0,2020-10-17T01:34:25Z,5
A Google user,Titik lokasi dengan gps tidak sama,5.85.0,2020-02-28T05:35:58Z,1
A Google user,Easy to travel any place,4.49.1,2018-05-26T21:40:48Z,5
A Google user,Tingkatkan lagi kinerja app dan ojekersnya,,2017-06-17T09:43:01Z,4
A Google user,Save time,5.11.1,2018-10-13T00:35:51Z,4
A Google user,5 stars,5.53.0,2019-08-04T04:20:31Z,5
A Google user,"Extremely high price.. More expensive than the traditional taxi out of sudden. The only e hailing ride services in Malaysia.. Which is why the price seems fluctuate without reason. If we want a fair price, we should get an e hailing services with the same price of taxi meter rate.",5.64.0,2019-10-05T06:05:36Z,3
A Google user,very helpful and good driving,5.173.0,2021-11-04T04:27:13Z,5
A Google user,very fast respond and action. reached destination as expected.,5.84.1,2020-02-24T00:24:58Z,5
A Google user,Like...,v2.8.1,2015-08-19T12:23:50Z,4
A Google user,hassle free!,v2.7.3,2015-06-01T05:24:30Z,5
A Google user,asu,,2019-04-29T19:59:45Z,5
A Google user,Drivers purposely dont want to pick up and likes to wait for high demand period,,2022-10-01T22:34:40Z,1
A Google user,The best online transportation,,2017-05-17T09:45:51Z,5
A Google user,your grab driver doesn't know where is my location at and he wait at the busy road pls up to date for your driver app,4.47.1,2018-04-05T04:16:46Z,5
A Google user,Nice and easy to use,,2018-01-31T09:45:18Z,5
A Google user,to much update,5.132.0,2021-05-04T10:42:09Z,1
A Google user,Pick up oftenly not accurrate,4.50.1,2018-05-07T19:02:48Z,3
A Google user,good cheaper,5.36.3,2019-08-08T11:03:19Z,5
A Google user,Cannot use always close app,5.02.1,2018-07-25T10:59:39Z,2
A Google user,helpfull dan byk promonya,5.48.1,2019-06-11T02:07:18Z,5
A Google user,good transportation,5.35.0,2019-04-14T13:21:49Z,5
A Google user,"Overall good experience. But when it comes to ordering food, I wish the app can allow us to book for other people who's living far from us. I have to manually browse the map and pin the location everytime I want to order for my family in my hometown. If this goes on, no wonder people keep using FoodPanda but not Grab when ordering food.",5.198.0,2022-04-23T03:06:44Z,3
vi******ak,Lavv,5.94.1,2020-05-04T18:48:05Z,5
A Google user,Iloveu,4.27.2,2017-05-29T20:42:44Z,5
A Google user,Good Job GRAB !!!,,2023-06-17T06:11:17Z,5
A Google user,Easy to use and useful,4.5.0,2016-06-08T02:50:42Z,5
A Google user,"Edit 3: 15 Jul 2023 - lousy app, used on 14 Jul 2023, didn't prompt me about new update. When I used today, forced me to update to use the app, and people queueing up at the counter waiting for me to update the stupid app",5.262.0,2023-07-15T11:19:04Z,1
A Google user,good i love it,5.42.0,2019-05-21T12:22:51Z,5
A Google user,superb application,5.51.0,2019-07-02T15:54:42Z,5
A Google user,"With my display at the largest font size, the slider for payment disappear at the bottom as the screen cannot be scrolled up. Need to rectify this!",,2019-03-31T17:43:52Z,2
A Google user,App can't use!,5.64.0,2019-09-28T07:46:17Z,1
A Google user,"please make this app have a 'nearby' choice for grab-food. cause sometimes the 'nearby' one did not in the suggest and all the menu that shown up from the far distance. so please have a 'nearby', so i can choose the food from the 'nearby' ones. thanks",5.20.0,2018-12-22T02:01:59Z,4
A Google user,"Easy, fast, affordable",4.6.4,2016-07-07T02:24:30Z,5
A Google user,"Worse ever..I can't top up my account. So many times tried, but same problem happen. I cannot select from which account I want to top up. Please fix it",5.113.1,2020-09-05T04:57:51Z,1
A Google user,I can go to anywhere savely and very easy to order. :),,2016-06-09T07:11:40Z,5
A Google user,Grab driver mostly very friendly and helpful.,5.76.0,2019-12-26T12:02:06Z,5
A Google user,Bad booking algorithm always have to wait with driver dropping of people. Having to wait for more than 10 min.,4.55.2,2018-07-01T13:38:01Z,2
A Google user,"User friendly, super reliable and makes a difference.",v4.0.3,2016-04-01T00:46:47Z,5
A Google user,Very good app,4.37.0,2017-10-28T04:29:55Z,5
A Google user,can`t not use,,2022-12-02T08:55:20Z,3
A Google user,Vari good,5.166.0,2021-09-26T13:11:21Z,5
A Google user,Sering-sering aja kasih voucher potongan ya grab biar efektif dipakai tiap hari hehee,5.66.1,2019-10-17T11:27:14Z,5
A Google user,"Menyebalkan, disaat genting harus verifikasi wajah dan selalu tidak berhasil, lama-lama Grab ditinggalkan pelanggan dan beralih ke aplikasi tetangga...bye!",5.110.0,2020-09-07T14:38:02Z,1
A Google user,great and reliable,5.87.0,2020-03-08T07:29:42Z,5
A Google user,The app works okay.,5.135.0,2021-02-13T12:49:30Z,5
A Google user,"Everyday app, creating a full superapp ecosystem in SEA. Great user experience, service, all around.",5.113.1,2020-09-07T08:47:37Z,5
A Google user,Pokemon go,,2016-09-20T20:17:21Z,5
A Google user,Useful & efficient,5.35.0,2019-03-17T02:58:24Z,5
A Google user,"Rubbish app. Sending invalid activation codes, doesn't recognize my account info, no customer support. Better off with the reliable rides.",4.33.2,2017-08-17T12:05:29Z,1
A Google user,needs app improvement on pin accuracy. should have a better customer service contact.,5.51.0,2019-07-07T00:03:53Z,3
A Google user,Meet expectation......fast order and plenty offers compared to competitor....indispensable app..,5.75.0,2019-12-23T01:48:56Z,5
A Google user,Taxi didn't come. Wait up to 20 minutes. Called him 2 times didn't answer. Location: Jakarta,v2.6.2,2014-11-26T03:41:46Z,2
A Google user,"Charged for food orders that have been cancelled by the restaurant, and charged while searching for NON EXISTENT cabs. Nope, these weren't on hold, they have been charged!!!",5.215.0,2022-08-22T03:55:35Z,1
A Google user,great dl it now,5.57.0,2019-08-18T07:01:02Z,5
A Google user,Lots of discounted/promo offer especially for grabfood. Would be more helpful if we can see reviews inside the resto ratings.,5.147.0,2021-05-04T14:21:37Z,5
A Google user,wala di na ganun kaganda serbisyo ni grab para samin mga rider,5.180.0,2022-01-07T00:16:45Z,1
A Google user,irregular activity detect gajelas mau beli aja dipersulit wkkww,5.124.0,2020-12-19T13:34:42Z,1
A Google user,Thanks for amazing app,4.34.1,2017-10-09T11:48:05Z,5
A Google user,Drivers are too picky. Every time I try to use the app I can't book a ride even uf there are more than 10 available cars in my area. Promos are useless if every single time you cant grt a ride even aer waiting for 30 mins. You suck bigtime grab.,4.15.0,2016-12-15T05:11:12Z,1
A Google user,"Freezing account without further notice,,",5.268.0,2023-08-30T12:41:40Z,1
A Google user,worst app,5.231.0,2022-12-22T09:04:04Z,1
A Google user,ถูกใจ พูดจาดี,5.142.0,2021-05-30T06:08:37Z,5
A Google user,PALOI,5.111.0,2020-08-28T05:46:01Z,1
A Google user,thanks so so much,5.212.0,2022-08-08T08:27:06Z,5
A Google user,"Layanan yg paling sering sya gunakan grab express. Krn lebih terpercaya ada fotonya, tapi sekarang driver sudah sering sekali mengabaikan foto di t4 penerima. Stlh klik lacak pangantaran gak ada fitonya. Mohon juga utk diedukasi ke drivernya klo foto barang megarah ke latar belakangnya foto tempat atau foto lokasi , bukan motornya, aspalnya atau jalannya.",5.210.0,2022-08-03T06:31:53Z,1
A Google user,Can't sign up.enter code but there's no code.Failed one Failed twice .Give up Bye,4.47.1,2018-04-05T06:13:32Z,1
A Google user,Buat grab besut ni bodo,,2021-01-09T01:34:56Z,1
A Google user,Very good services...i like it...thanx grab car,,2017-01-05T07:36:52Z,5
A Google user,Idk why they kept suspending my account,,2021-03-24T23:31:55Z,1
A Google user,Stopped working after latest update,4.8.0,2016-09-01T02:22:36Z,1
A Google user,Love it.,,2016-01-31T08:59:54Z,5
A Google user,"We have a smooth ride. Car was neat , tidy,good aircondition and very clean.",5.59.0,2019-09-13T11:13:28Z,5
A Google user,Ease the deposit please,4.26.0,2017-04-21T14:00:30Z,5
A Google user,sangat berguna buat kehidupan sehari-hari,5.44.0,2019-05-19T10:30:18Z,5
A Google user,It's very helpful and easy to use especially for people don't have a car..,4.41.0,2017-12-08T13:54:23Z,5
A Google user,"Already updated, but suddenly the app cannot be used.help center sama sekali tdk membantu.saya bertanya melalui email,berapa nomor help center yg bs dihubungi,malah diarahkan menghubungi melalui aplikasi. Padahal APLIKASI TIDAK BISA DIGUNAKAN.",4.52.2,2018-06-06T12:05:52Z,1
A Google user,"Using grab so many times, good app, but when I asked why my account's suspended, customer service is bad. Did uninstall the app. So disappointed!",,2018-02-24T12:36:17Z,2
A Google user,Broken accessibility again when TalkBack/blind users wants to order any ride services. Please fix that. Thank you. Reach me by email. Since my comment is quite obvious,5.163.0,2021-08-25T05:57:42Z,2
A Google user,Smooth and hassle free,5.140.0,2021-03-19T22:55:50Z,5
A Google user,Terbaik lah,5.46.1,2019-05-30T04:00:20Z,5
A Google user,Great app and service,5.64.0,2019-10-03T18:25:20Z,5
A Google user,"Please let us have the option of getting into the app without turning on GPS. I've always had my GPS turned on and on high accuracy, but I can't even get past the screen where it keeps telling me ""Location not found"" and to turn on GPS. I've reinstalled the app, restarted my GPS and phone many times and still the same. Uninstalled. Can't believe I got stopped using the app just because of this.",,2019-11-23T07:58:28Z,1
A Google user,"Grab food never fails to deliver on time...easy transaction, good navigation by your drivers...just perfect!",5.59.0,2019-09-07T06:17:04Z,5
A Google user,Banyak promo yang ga ribet. Bintang 5 kalau titik maps lebih akurat,5.42.0,2019-06-25T11:56:16Z,4
A Google user,"The past few months, food delivery are getting delayed for more than 2 hours and abruptly getting cancelled.",5.200.0,2022-05-08T07:04:48Z,1
A Google user,"Ok banget, keren, mantul membantu hidup sekaleee",,2021-01-11T09:34:27Z,5
A Google user,Exploiting monopoly (almost) .. high charges . Delivery takes longer than ever!,5.166.0,2021-09-22T05:41:00Z,1
A Google user,Cool apps for fulfilling daily transportation needs,5.125.0,2020-12-04T10:23:55Z,5
A Google user,very Good,5.172.0,2021-11-04T10:38:13Z,5
A Google user,It is good to experience and to take grab for safety travel,5.127.0,2021-01-04T07:04:25Z,5
A Google user,For food great. But for transportation? It's near damn impossible to book a car or taxi when you need it. Nobody's accepting or they just suddenly turn themselves off the radar.,5.211.0,2022-07-30T05:05:04Z,3
A Google user,Mantap...,5.58.1,2019-08-26T09:34:49Z,5
A Google user,Best app ever!,,2014-12-18T01:02:26Z,5
A Google user,Very useful application.,v2.5.10,2014-11-11T21:09:01Z,5
A Google user,fast.. safe polite driver,,2019-06-19T08:48:47Z,5
A Google user,good and helpfull,5.48.1,2019-06-12T01:15:00Z,5
A Google user,Mantul...,5.72.0,2019-12-09T02:42:53Z,5
A Google user,i canot call grab why????,5.174.0,2021-11-07T14:25:01Z,5
A Google user,"Always ""Irregular activity detected"" for no reason.",5.125.0,2020-12-21T09:37:51Z,1
A Google user,"Aplikasi yang bagus dan mudah untuk dipahami. Akan tetapi, pemberian rating pada driver harus langsung diberikan dan tidak bisa di klik apabila sudah beberapa lama. Padahal, saya terkadang lupa untuk memberikan rating pada driver setelah perjalanan, dan baru teringat beberapa waktu kemudian.",v4.0.3,2016-04-02T01:29:23Z,4
A Google user,Apik,,2018-04-28T06:27:42Z,5
A Google user,very convinient and affordable ♥️,5.233.2,2023-01-17T06:00:47Z,5
A Google user,It will not send me any codes,5.74.1,2019-12-09T09:59:18Z,1
A Google user,Please add feature to share image with drivers. It'll make the experience so much better and easier.,,2022-04-23T10:20:56Z,4
A Google user,comfortable,5.50.0,2019-06-22T12:40:29Z,5
A Google user,Done ✅,5.258.0,2023-06-30T04:46:20Z,1
A Google user,"I like the paylater option. Flexibility payment, get what you want by paying minimal amount on the first payment. Compare to other paylater platform like hoolah and atome which 3 months installment. i more prefer grab, you can extend to 4 months. Hope more merchant/shops added in the future. Thanks",5.156.0,2021-07-04T19:18:33Z,5
A Google user,Driver has great personality. Very friendly and helpful. Enjoy the ride very much.,5.230.0,2022-12-08T01:20:36Z,5
A Google user,"Unlike uber's, hitchgrab sucks!! Wasted my time and no driver will accept the call.",4.6.4,2016-08-11T22:53:56Z,1
A Google user,this is amazing app!,5.45.1,2019-08-08T12:15:01Z,4
A Google user,Pangit tagal makakuha ng driver,5.223.2,2022-10-18T08:37:50Z,1
A Google user,fare is always surge,5.29.0,2019-05-27T06:23:57Z,1
A Google user,no bad,4.27.0,2019-08-31T00:41:02Z,4
A Google user,1. Promo code is often expired already although the limit usage is not exceeded yet (both times and date) - are you trying to practice a fraud or what? 2. The promo is decreasing while the fare is increasing - just tell us fairly that your fare is expensive 3. Showing incorrect waiting time - can't you do the math or what? Conclution: what a disappointment,4.31.0,2017-12-07T13:35:44Z,1
A Google user,"I was having a hard time updating my app, so I uninstalled it. But after several try of re-installing the app, it keeps on failing to reinstall. I just want to update my app, now I cannot use it!",,2020-11-29T07:31:54Z,1
A Google user,Does not let me switch phone number for overseas use. Local drivers complained about app only displayed overseas number.,5.24.1,2019-01-08T04:53:13Z,1
A Google user,Wildly inaccurate arrival times and buggy interface. Uber is the superior application.,5.03.2,2018-08-04T12:51:36Z,1
A Google user,"Sip lah, buat order food, banyak diskonnya",5.51.0,2019-07-06T10:03:09Z,5
A Google user,Nurlaela,5.58.1,2019-08-27T16:21:14Z,5
A Google user,"Adding a new platform fee for ""upgrades"" I don't want. I really miss the Uber days",5.126.0,2020-12-11T02:10:29Z,1
A Google user,this app was very helpful whilst traveling through Vietnam . I also like that there was a cash option on the services provided . Thank you Vietnam for allowing me to use this in your beautiful country . Highly recommended !,5.57.0,2019-08-13T13:44:32Z,5
A Google user,Great. Tp suka error,4.13.1,2016-11-02T08:25:45Z,4
A Google user,The worst car app ive ever come across my life. The user interface sucks when compared to uber or other car apps. Ive used many car apps in different countries. They are much convenient to use convenient. In this app too many advertiesments show and it's messy. Very confusing And also very less drivers. Verry disapointed,5.229.0,2022-12-30T03:34:27Z,1
A Google user,very faster thankyousomuch ♥️,5.195.0,2022-04-12T08:31:13Z,5
A Google user,I cannot update my app,5.97.0,2020-08-11T14:30:58Z,1
A Google user,Negotiations are a part of life in Ho Chi Minh City. This removes that and offers a fair price for customers and drivers. Highly recommended.,v4.0.3,2016-04-03T09:15:13Z,5
A Google user,really really really hard to book a car,4.51.1,2018-05-30T07:13:21Z,1
A Google user,This app superb but when we change to new fon..... cannot activate my old account even i hv verification code......it says activation fail try again....but i dont what is the problem?,4.36.1,2017-09-29T16:20:10Z,5
A Google user,Mantep,,2016-04-20T06:31:30Z,1
A Google user,Great App!,5.149.1,2021-05-20T03:27:41Z,5
A Google user,ให้แค่นี้พอเพราะเวลาผมสั่งบางครั้งก็ไม่ยอมมีคนมารับออเดอร์สักทีถ้าเป็นวันที่ฝนตกหนักจะไม่ว่าเลยแต่ฟ้ามันโล่งไม่มีฝนเลยยังไม่มีคนรับ,5.231.0,2022-12-19T06:50:23Z,1
A Google user,Untuk applikasi dan services sudah bagus. Tapi pengantaran selalu tidak tepat alamat sehingga membingungkan para Graber dikarenakan akurasi GPS tidak tepat dan konsisten,4.53.1,2021-06-26T01:44:14Z,4
Re****************ng,Good,,2020-05-11T12:27:52Z,5
A Google user,Super bad,5.198.0,2022-08-04T18:54:17Z,1
A Google user,Costumer service is not good. request for refund last 2022 still pending until now refund was requested due to wrong order. never use this app.,,2023-09-12T01:17:04Z,1
A Google user,Reliable,5.35.0,2019-03-18T07:30:42Z,5
A Google user,Your price for grab car is triple of what 2 years ago,5.216.0,2022-08-30T09:46:55Z,1
A Google user,Very helpful app in terms of sending people in different places nearby safe and sound,5.136.0,2021-02-17T00:39:20Z,5
A Google user,Terimakasih sdh mewarnai Indonesia,5.59.0,2019-09-10T15:38:14Z,5
A Google user,Vp,5.172.0,2021-10-28T09:12:13Z,2
A Google user,Discount should also applies to cash users. Thanks.,5.116.0,2020-10-07T04:36:19Z,3
A Google user,App keeps crashing,5.147.0,2021-05-04T09:29:06Z,1
A Google user,"Update keeps crashing and fares don't load. This is infuriating. Wasting hours of waiting time, literally hours. Fix it.",5.01.0,2018-07-17T10:24:11Z,1
A Google user,kren!,5.192.0,2022-07-03T12:18:16Z,5
A Google user,nice serves,5.227.0,2022-11-25T04:20:03Z,5
A Google user,Iam helpless without you lol,5.46.1,2019-06-08T12:07:00Z,5
A Google user,I have book a grab and the driver is very helpful and friendly.,5.275.1,2023-10-25T08:34:09Z,4
A Google user,Super easy and convenient,5.165.0,2021-09-03T03:53:04Z,5
A Google user,Your apps is good but why i have to see others ads on your apps like lazada is really distracting and confusing. Please improve,5.147.0,2021-05-03T04:14:24Z,1
A Google user,awesome !,,2018-04-28T03:04:54Z,5
A Google user,Easy to use and never fail me when i need to ride.,5.54.2,2019-08-04T18:05:48Z,5
A Google user,registrasiny lama...minta no verifikasi juga lama,4.35.1,2018-03-15T22:53:50Z,1
A Google user,very gd,5.36.3,2019-03-31T05:30:39Z,5
A Google user,Superlate to send confirmation code,5.144.0,2021-04-15T10:49:42Z,1
A Google user,"Maximum service, no matter wet or dry. Eventhough the map sometimes misleading",5.85.0,2020-02-25T01:16:50Z,5
A Google user,best app,5.206.0,2022-06-22T11:49:50Z,5
A Google user,thankyou grab,5.14.1,2018-10-26T05:43:31Z,5
A Google user,"Please stop forcing so many updates and blocking the app. Sometimes we are in hurry and just want to get payments or booking done. Edit: 2021, still blocking and wants update frequent",5.134.0,2021-04-27T03:58:32Z,1
A Google user,nice app !,5.50.0,2019-06-28T01:48:57Z,5
Fa****eo,Always missing orders. All they do is refund the money. And there goes our dinner,5.93.0,2020-04-28T11:20:03Z,2
A Google user,Tiptop..excellent,5.48.1,2019-08-05T14:17:55Z,5
A Google user,Nice good work,5.159.0,2021-10-26T05:31:16Z,5
A Google user,"I use quite often for delivery of food, but it doesn't allow you to modify (add to) your order after you made a food order.",5.173.0,2021-10-30T10:26:31Z,3
A Google user,grab it while its alive! grab is not always reachable for bookings and some bookings get cancelled by the driver at tgeclast minute leaving users in a lurch,5.40.1,2019-05-12T10:17:17Z,3
A Google user,Very friendly driver,5.185.0,2022-01-28T04:48:11Z,5
A Google user,clean car and respectful driver,5.251.1,2023-05-07T13:08:14Z,5
A Google user,La tujib,5.63.0,2020-03-26T04:14:22Z,3
A Google user,I cannot use offers even if I already reached required limit,5.197.0,2022-04-16T08:07:55Z,2
A Google user,Customer service is horrible. Cars take too long to arrive. Use other apps if possible. Requested a 6 passenger van and the van that arrived was way too small. Asked for a refund on the cancellation fee but was denied.,,2023-07-29T16:37:42Z,1
A Google user,No longer do I have to endure the pain of waiting in the dreadful heat of Singapore weather. No longer do I have to listen to dreadful repetitive music while i wait for call centre attendants to pick up my call during peak periods. GRABTAXI IS FAST AND DEPENDABLE. I also love the fact that they provide the expected price range for the fare. It's great and informative and has so many options of transport.,v3.7.3,2016-02-19T13:32:36Z,5
A Google user,My life was changed forever. Thanks!,5.40.1,2019-05-31T08:48:24Z,5
A Google user,suka dengan promo-promonyaaaa,,2019-10-22T03:46:57Z,5
A Google user,Still run by dogs. DO NOT USE THIS APP UNDER ANY CORUCMSTANCES These people who run it are class-A dogs.,5.233.2,2023-01-26T19:20:41Z,1
A Google user,Satisfied,5.79.0,2020-01-15T07:48:37Z,5
A Google user,"GrabFood is totally useless. Charging for the services without giving any. Said the food is available for delivery when it's actually not, and you only being informed AFTER payment being made, AFTER being forced to wait for an hour, just to found out ""all our riders are busy"". No option for refund. The help guide gives no clue on how you can get your money back. The Chat function doesn't work. The one that actually work is the e-hailing. Go to Foodpanda or whatever to get your food.",5.92.0,2020-04-13T05:28:50Z,1
A Google user,wow lovely thank you very much,4.39.1,2017-11-06T02:57:46Z,5
A Google user,"good, than other",5.19.1,2019-04-08T05:25:21Z,5
A Google user,"Curse your sales and marketing people ... Evil brain ... Putting up price at 24.99, and discounts only applicable at 25.00 min spend etc... Think you all are smart ...?",5.251.1,2023-05-06T13:11:56Z,1
A Google user,Gabisa di install ulang.,5.45.1,2023-06-01T13:17:42Z,1
A Google user,Tambah terus promonya,4.43.1,2018-01-27T00:50:13Z,5
A Google user,Berjam aq tengok app tu hang on tight je.. Kalau boleh bagi takde bintang lagi bagus,5.74.1,2019-12-16T02:17:16Z,1
A Google user,Good app. Very convenient and pretty cheap coz they have ovo promo usually :),5.15.1,2018-10-21T10:29:44Z,5
A Google user,I cant pick up phone call in app,5.127.0,2020-12-15T09:33:14Z,4
A Google user,Had a good time travelling. Thanks to Grab,5.116.0,2020-10-02T13:21:21Z,5
A Google user,very helpful app,5.188.1,2022-02-20T08:55:30Z,5
A Google user,I love it ..,4.32.0,2017-07-27T06:00:06Z,5
A Google user,Best...helpfull,,2018-08-01T11:12:20Z,5
A Google user,Tdk ada notifikasi pendaftaran kartu bank(debet/kredit) disuspen! Menyusahkan aja prosedurnya,5.237.0,2023-01-25T07:05:54Z,1
A Google user,"Hey,please help me to check who is using my teksi with this number thanks.becuz i am not using my teksi,i think my number is using by anybody else.please delete the data of this number.this is a harassment,very annoying.thanks",,2015-06-26T13:17:23Z,1
A Google user,Your recent taxi fare has skyrocketed for last 2 months in Malaysia. Double price has become as ur normal.,5.171.0,2021-12-31T08:13:06Z,1
A Google user,Very recommended!!,5.59.0,2019-09-19T04:16:16Z,5
A Google user,Food come safely..,5.271.0,2023-09-23T06:44:08Z,5
A Google user,Sangat2 membantu kemageranku,,2019-12-19T01:03:00Z,5
A Google user,"Seriously needs a competitor. Grab Drivers nowadays are too choosy and picky of their fares, like most taxi drivers. Perhaps due to the absence of competition. Wish Uber is back, or any other app and company with similar service. Until they improve and more accommodating, I'd sacrifice myself hailing a taxi, a far cheaper and plenty option.",5.217.0,2022-09-09T11:50:53Z,1
A Google user,"the app is constantly changing my address. Compared to your competitor (food only category), navigation of the grab app is not ""new user-friendly"".",5.158.0,2021-08-09T10:03:39Z,4
A Google user,"Please create a system for Block Driver?! Gua tier Gold membership jadi Coba anda berpikir Kalo anda Naik dengan Driver yg suka ngebut2,suka telat datang,tidak tau jalan dan route,suka mencancel booking,yg lebih kaga tau malu Adalah minta pelangan cancel booking,ini yg paling tidak tau malu biasanya terjadi kl kita Pake grabnow kita Tanya driver mau chass atau grabpay?! Dia bilang "" grabpay kaga apa2 "" tp pass ditempat malah minta ongkos bensin 5000 n smua itu selalu terjadi berulang2 apakah anda tidak marah ataupun malas Naik. Bintang satu Dulu sblum anda membuat perbaikan Kalo anda tidak membuat system blocking for driver.",4.31.0,2017-10-18T21:50:11Z,1
A Google user,Fast. No wasting time to wait.,4.19.1,2017-02-27T09:00:50Z,5
A Google user,Sabar tu separuh dari iman,,2017-08-17T09:11:32Z,5
A Google user,hye,5.16.1,2018-12-31T18:51:59Z,4
A Google user,Your food service is atrocious!!!,,2020-02-22T17:34:49Z,1
A Google user,Sebulan pake grab terus dan selalu memuaskan. Datengnya cepet dan setiap mau bayar bilang kalo dpt promo langsung dipotong deh sip,v2.8.1,2015-08-04T04:38:56Z,5
A Google user,Mau tanya lgsg atau complain adanya cm kolom qna mulu. Mau booking grab hitch diarahkan jd driver mulu. Kan saya bukan driver nya.,4.39.1,2017-11-13T12:37:52Z,1
A Google user,Why grab food not include in rewards points?,5.20.0,2018-11-29T09:50:21Z,5
A Google user,Im so lovin this app...,v2.7.1,2015-04-16T14:44:49Z,5
A Google user,Bad. Always eror. I had this app.,,2016-04-12T04:45:10Z,1
A Google user,the service and app is good and easy to use,4.32.1,2018-01-01T09:37:23Z,5
A Google user,"Could not ask for more. Great app. 5 stars on me, well deserved.",v2.6.3,2014-12-17T17:42:43Z,5
A Google user,"Mahirap mag pin ng exact location. Lagi kaming nakikipag talo sa grab driver tungkol sa pick up point, lalo na pag sa bahay, pero sa uber kaya ma pin",4.32.1,2017-09-02T02:15:25Z,4
A Google user,Tingkatkan Lagi,5.46.1,2019-05-31T09:04:53Z,5
A Google user,Harga murahin lah om,4.27.2,2017-05-13T05:08:39Z,5
A Google user,verry nice delever pu sila,5.233.2,2022-12-25T13:19:22Z,5
A Google user,Fare is double the prize now . It's getting more expensive,5.05.1,2018-09-25T11:07:43Z,1
A Google user,I need Grab for my activity,4.19.1,2017-02-27T09:23:07Z,5
A Google user,"Ada beberapa tempat makan yang tidak ada di Grab, mungkin bisa dilengkapi lagi, jadi pengguna bisa memesan GRABFOOD di manapun tempat makan yang diinginkan. Tidak bisa pesan grab ride lebih dari 1, harus nunggu satunya sampai, baru bisa order lagi.",5.49.0,2019-06-15T05:37:49Z,4
A Google user,its' very fast and safe too,5.168.0,2021-09-30T03:37:49Z,5
A Google user,1years,5.59.0,2019-09-13T18:34:17Z,5
A Google user,I stil cant login..ur apps getting worst after combined..gud job..suspended rider acc..so ur drive r to many..let u feel ur rider wil decreased..to many driver now but u wil get small amount passenger...i love ride mycar apps now...,,2018-04-14T17:47:17Z,1
A Google user,good service nice car for the business,5.193.0,2022-03-24T04:04:36Z,5
A Google user,Always using. Very convenient.,v2.7.3,2015-05-20T17:03:16Z,5
A Google user,The most convenience apps for me. Loved it.,4.27.2,2017-06-04T12:39:01Z,5
A Google user,"No drivers accepted my booking attempts at Changi Terminal 1, despite 2 attempts. Furthermore, when you go to taxi pick-up point, the marshal said drivers prefer cash. One couldn't help but speculate that some issues are happening either at Grab or banks' payment systems, that caused drivers not to accept bookings via Grab and prefer cash.",5.232.0,2022-12-29T15:35:12Z,3
A Google user,Why do some roads disappear? Finally the route gets far and the price jumps 2 to 3 times. Please fix it. Thanks.,5.59.0,2019-10-13T15:19:04Z,1
A Google user,It is very good overall just that sometimes when we use the pin on map for location is a little inaccurate other than that its all good,5.01.0,2018-07-15T16:55:18Z,5
A Google user,Faulty app,,2018-08-11T01:36:45Z,1
A Google user,Easy to use and works well.,5.109.0,2020-08-14T08:33:54Z,5
A Google user,Slow app,v3.7.3,2016-02-17T10:24:17Z,1
A Google user,It's nice app,,2017-05-09T05:54:39Z,5
A Google user,Nice application for public transport,v2.7.3,2015-06-26T14:16:00Z,5
A Google user,Good. But no individual picture of food item.,5.64.0,2019-09-30T05:24:33Z,4
A Google user,the best thing since slice bread,5.268.0,2023-09-07T05:36:09Z,5
A Google user,Very helpful! We no longer need to brave the traffic; food will immediately be delivered to our doorsteps,5.144.0,2021-04-19T12:13:15Z,5
A Google user,very convenient!,5.143.0,2021-05-18T05:24:01Z,5
A Google user,"The pickup pin was erroneously set. I know I set a specific place because I even confirmed the building name and address indicated in the app with my hosts. After I clicked submit, the pick up point was 5 kms away from where I was. What the..???? I felt sorry for the driver who canceled my trip. I'm very sorry Mr Driver. I cannot undo my booking because Grab required me to update the app before I can click on an button. Grrr.",4.45.0,2018-02-19T10:58:10Z,1
A Google user,Great service used it in Singapore and Bali,5.90.1,2020-03-28T19:56:41Z,5
A Google user,Very very good app,4.21.2,2017-03-17T01:56:49Z,5
A Google user,"saya tidak dapat menerima kode verifikasi baik lewat sms maupun telpon. sms tidak ada, telfon masuk namun tidak ada suara",,2019-06-24T05:26:13Z,1
A Google user,best apps ever!,5.20.0,2019-03-07T11:07:24Z,5
A Google user,pretty helpful when lazybum attacks. Grab just got you covered,5.109.0,2020-08-12T03:22:18Z,5
A Google user,My dropped pin move too far away and my mother language is not corret. This happen picked up point and dropped off point. Plz repair this.,5.20.0,2018-11-26T07:08:43Z,2
A Google user,"Saya cukup sering menggunakan grab, dan saya senang karena banyak promo menarik. Namun disisi lain dari performa aplikasi kadang masih suka lag, dan kadang layarnya load lama dan berwarna hitam. Semoga update aplikasi terbaru aplikasinya semakin smooth.",5.36.3,2019-03-20T13:31:09Z,5
Jo**********or,Its good to use this apps,,2020-05-09T08:00:19Z,3
A Google user,Nc stuff apps,4.29.0,2017-06-22T08:02:55Z,5
A Google user,"Had to reinstall the app everytime to get a ride. The app keeps displaying ""Something went wrong""",5.210.0,2022-07-22T10:44:35Z,1
A Google user,helpfull apps,5.52.1,2019-07-07T23:24:34Z,5
A Google user,Good for me,5.72.0,2019-11-29T08:38:32Z,5
A Google user,"My first booking, but not for myself. The passengers made it to their destination. Grateful to the driver.",5.180.0,2021-12-29T07:43:16Z,5
A Google user,Two thump up,5.128.2,2020-12-23T17:04:27Z,5
A Google user,Life saver.,5.118.0,2020-10-13T05:51:32Z,5
A Google user,"fitur grab champion gx nambah bambank, thank you",5.57.0,2019-08-12T13:44:14Z,5
A Google user,great way to avoid scams,5.219.0,2022-09-22T03:40:25Z,5
A Google user,"Pengangkutan yang memang di perlukan oleh orang ramai,teruskan menjadi yang nombor 1.terima kasih",5.158.0,2021-07-25T05:45:54Z,5
A Google user,Grab ni memang bagus dan memudahkan sebenarnya. service semua pun ok. It's just that now days banyak grab driver yang tak sopan dan suka marah2. Dah lah tak ramah pasang muka garang lgi tu trus pandai pula mau marah2.,5.35.0,2019-03-18T08:40:36Z,3
A Google user,I realy like this apps,5.86.0,2020-04-24T19:50:24Z,5
A Google user,SO FAR SO GOOD.,4.24.1,2017-04-07T01:41:55Z,5
A Google user,"Grab has become terrible, surge pricing that appears to be the norm, so how can that be surge pricing. They bought out the competition in the Philippines and the service has gotten worse and with no genuine alternate they can deliver a monopoly service that was one of the reasons that everyone was open to ride sharing apps. Why does one ride appear as 120PHP on my account yet my friends phone is 90PHP? The latest app will not even install on 3 phones that I have tried. You are just asking for an alternate service to come in and scoop up all your annoyed customers.",5.13.3,2018-11-05T03:51:32Z,1
A Google user,please give more promos and lessen the surge,4.16.1,2016-12-26T14:31:59Z,5
A Google user,Sukses terus Grab Indonesia,5.51.0,2019-07-02T07:21:06Z,5
A Google user,isue for loggin. anybody help me?,4.34.1,2017-09-08T03:31:15Z,1
A Google user,my exact location is not identified by your app,5.169.0,2021-10-10T06:59:21Z,5
A Google user,"Not yet used, so not sure.!",5.127.0,2020-12-29T08:59:53Z,4
A Google user,"you guys not given the nearest way into location , but give far",5.190.0,2022-03-08T01:18:40Z,1
A Google user,Gread app,4.46.6,2018-03-21T09:31:25Z,5
A Google user,i think grab very chip than texi and the ride is very good and very comfortable,,2017-10-27T04:43:21Z,5
A Google user,extend......wow....,5.59.0,2019-09-10T01:05:23Z,5
A Google user,"Apaan si pake selfi"" segala kek orang bego gua jadinya gajelas banget",,2020-09-22T02:15:45Z,1
A Google user,Grab customer service sucks because i have paid money for pln token and all they keep saying is that they look into it and it has been over 2 weeks without result. they also cannot be called always busy,5.54.2,2019-07-26T05:27:06Z,1
A Google user,Awesome work guys,5.63.0,2019-09-25T06:18:02Z,5
A Google user,Kok gk bs masukin kode promo,,2015-11-17T03:37:27Z,3
A Google user,Ang mahal na hirap pang magbook,4.50.1,2018-05-11T03:36:40Z,1
A Google user,Logging in takes 30 mins or so. Your otp code takes a lot of time before I recieve it.,5.253.0,2023-05-15T02:38:30Z,1
A Google user,Thx for this service,4.53.1,2018-09-06T08:59:28Z,4
A Google user,good man,5.199.0,2022-05-14T02:50:22Z,5
A Google user,good aplication,5.55.1,2019-08-10T05:43:00Z,5
A Google user,Nothing just rating,,2022-03-30T06:26:01Z,4
A Google user,Good driving and friendly. Good English,5.205.0,2022-06-11T04:59:58Z,5
A Google user,Edit: 1* to 4*. Its now usable again. Ads appear after booking.,5.02.1,2018-07-24T09:03:44Z,4
A Google user,"Now there is no day without grabfood! Lol. Yup, the subscription plans and frequent promo codes help a lot! Plus easy chat text templates and stable delivery fees. Please: 1. Keep adding more merchants and update their availability and prices. 2. Improve the map accuracy. 3. It's much better if we can send pictures directly from Gallery. 4. Double or more grabfood orders at the same time. 5. Add Tips feature for Grabfood once order is completed.",5.59.0,2019-09-11T08:45:33Z,4
A Google user,Very good thanks Grab,5.151.0,2021-06-08T09:58:09Z,5
A Google user,After many attempts the app won't send me the verification code to create my account. It seems like there are a lot issues with this version of the app,4.51.1,2018-05-22T19:47:06Z,1
A Google user,"After the Nov 13 update, I could NOT, for the life of me, book a grab in the days that followed. There were no grab drivers registering on the map UI on 2 different places where I tried to book (UP-Ayalaland Technohub and SM North EDSA). I tried re-logging in, re-installing -- nothing worked. Hope this gets fixed.",5.142.0,2021-03-30T06:00:09Z,5
A Google user,"Easy used,but i dont get promo",4.39.1,2017-11-14T10:50:40Z,5
A Google user,What wrong with grab? I cant oder grab aiy,5.29.0,2019-02-02T01:51:49Z,1
A Google user,Super easy and fast app!,,2020-03-19T09:10:45Z,5
A Google user,"I had trouble with grab app in march during one of the grab update installation. I got in touch with their cust svc n referred to their engineers. They couldnt rectify the issue even after deactivating my account and reactivating it. I was told it was due to the old version in my phone. At that point, I already knew I was not the only one affected. So it could not possibly be my phone. Recently in aug, i tried downloading the app and this time it works. Unfortunate grab deactivated my account. I contacted their customer service and was told to submit an appeal form online. I submitted twice as i did not hear from them the 1st time. I received an sms one fine day to inform me they will not be lifting the ban as I had breached their passenger use policy and they need to ensure their drivers receive genuine bookings to protect their livelihoods. I called their cust svc to demand for proof however, they dont work alongside their investigation team. They told me they will get the investigation to contact me. Till today, no news. And I even followed up with an email to the cust svc team with my proof emails and sms but they said there are not the ones handling those. 2 words - simply disappointing.",v3.2.4,2016-09-24T06:24:13Z,1
A Google user,The best goods,,2018-01-25T01:11:04Z,5
A Google user,Grad Pay credit amount not any update Even though the transaction already done and the money in bank account also reduced,5.11.1,2018-09-28T04:09:27Z,1
A Google user,Very good and efficient. The best part is that you can do live tracking!,v2.8.1,2015-07-20T21:33:21Z,5
A Google user,EXCELLENT APPS ...,4.13.1,2016-11-09T17:31:33Z,5
A Google user,Saya dah call service banyak kali untuk tanya pasal top up with pin. Dekat application takdak topup with pin cuma ada topup with credit. Saya beli pin dekat kk mart tapi bila nak topup dengan pin takdak dekat application ni.,5.00.1,2018-07-10T13:23:08Z,5
A Google user,Good app. Pretty pricey tho,5.51.0,2019-06-28T04:30:52Z,4
A Google user,"Automatic positioning is terrible, can't manually pinpoint pickup location",5.34.0,2019-05-01T00:21:09Z,3
A Google user,Not sure:v,5.06.0,2018-11-10T07:31:00Z,3
A Google user,Efficient app! Just a little improvement on the GPS location accuracy. Thank you Grab!,v2.6.3,2014-12-29T20:43:52Z,5
A Google user,Good apps...,4.32.1,2017-08-13T12:33:43Z,5
A Google user,Wawawawa niceee,,2018-05-24T06:14:48Z,5
A Google user,"Very convenient to buy food, money transfer to other electronic app,its great..thanks grab for this..",5.193.0,2022-03-19T20:55:37Z,5
A Google user,ok good,5.44.0,2020-01-24T04:19:18Z,4
A Google user,Menolong banget,4.6.2,2016-07-31T05:30:30Z,3
A Google user,"May Bug yung apps na to napakababa ng pamasahe , compare mo yung old version sa updated , paki ayos agad to lugi partner nyo",4.42.1,2018-01-17T01:29:33Z,1
A Google user,"Sekarang gratis transfer ke bank, jadi kalo mau top up rekening jadi gampang..",,2020-04-08T07:15:33Z,4
A Google user,Great customer service!,5.146.0,2021-04-24T01:07:21Z,5
A Google user,"Supirnya tak tau jalan, udh tunggu setengah jam, dia telfon suruh cancel.pelayan tidak baik, supir udah ketakutan dicancel sama pelanggan. Armada yang minim sekali untuk grabtaxi.",,2016-08-06T11:36:47Z,2
A Google user,easy acsess now,5.50.0,2019-06-24T06:16:56Z,5
A Google user,good and very useful app.a must have app to every phine,4.24.1,2017-04-07T11:28:07Z,5
A Google user,Getting ridiculous with its high fees and last minute cancellation,5.201.0,2022-06-10T23:34:10Z,1
A Google user,"I don't agree with high demand fee. Plus, why suddenly my membership drop from platinum to gold? Its not fair! I earned it in 2018 fair and square. But why suddenly it drops? U guys should definitely repair this version of grab.",,2020-01-01T15:06:32Z,1
A Google user,You don't have to wait for a taxi under the sun..,,2016-06-10T17:20:59Z,5
A Google user,Information is clear,4.10.1,2018-01-14T19:55:09Z,4
A Google user,everything is good,5.190.0,2022-03-09T22:11:28Z,5
A Google user,"great app, what more is there to say!",5.190.0,2022-03-09T00:33:46Z,5
A Google user,"Ayo grab bangkit dong, mumpung gojek udh labil, kesalahan manajemen membuat mereka memperlakukan driver dan customer dengan kurang baik, artinya ada peluang besar untuk grab berkreasi dan ""grab the chance"" , indonesia butuh penyedia transportasi yang tidak rewel, seperti indriver misalnya",5.58.1,2022-04-29T04:32:23Z,5
A Google user,Always on the GO!,,2022-08-15T15:38:21Z,5
A Google user,It's very simple application,,2019-12-02T05:02:59Z,5
A Google user,Love it. Better than Uber,5.70.1,2019-11-14T08:52:54Z,5
A Google user,Tidak bisa merubah nomor telepon,5.01.0,2018-07-19T13:13:32Z,1
A Google user,Tolong ya pelayanan grabfood tolong tolong di perbagus lagi. Driver2 gofoodnya yg tidak bertanggung jawab. Pesanan saya tidak lengkap. Hari ini saya pesan makanan 3 porsi hanya 2 porsi yang datang. Sampai saat ini pihak dari grab belum mengembalikan uang saya. Tolong di tindak lanjuti dan kembalikan uang saya.,5.74.1,2019-12-10T08:32:34Z,1
A Google user,Their customer service is useless. They don't take actions in their customers' complaints. They just send out generic emails then they no longer reply. They can't even provide proof that they did actions regarding the complaints. Very poor service. Disappointing.,,2017-04-02T01:17:02Z,1
A Google user,"Bad experience due to inaccurate pin on the map. I place the destination near my place but when the order is being prepared, the driver said that the location he has is different from my address.",,2022-05-08T15:02:30Z,1
A Google user,tak dapat code log in,5.60.0,2019-09-18T20:40:02Z,1
A Google user,"Terkadang sering ngecrash dan gk bisa buka bookingan, bisa buka nya kalo driver ngirim pesan",4.43.1,2018-02-07T08:11:11Z,4
A Google user,Good prices and quality!,5.251.1,2023-05-03T10:51:54Z,5
A Google user,"Saya sudah empat kali mengalami penipuan melalui GrabFood mitra pengemudi tidak mengantarkan makanan, mohon segera kembalikan dana saya karena saya sudah email 3 kali tidak ada respon!!!",5.51.0,2019-07-01T05:19:57Z,1
A Google user,the schedule is on time,5.186.1,2022-02-07T08:25:06Z,5
A Google user,the best Super App,5.50.0,2019-06-21T21:38:16Z,5
A Google user,this app is so usefull,5.45.1,2019-05-24T02:42:18Z,5
A Google user,Some times grab cant open it,4.35.1,2017-09-15T11:00:08Z,1
A Google user,"Good..I Love Grab...but sometimes I can't book, loading again and again say no internet. Slove it!",5.165.0,2021-09-09T09:50:25Z,1
A Google user,"Very easy to use, and so handy.",5.147.0,2021-05-09T19:49:00Z,5
A Google user,hope its getting much better n better,5.44.0,2019-05-18T05:22:35Z,5
A Google user,lokasi yg biasa di tuju bisa hilang,5.21.0,2018-12-06T05:29:23Z,1
A Google user,fast n easy,5.52.1,2019-07-09T03:19:31Z,5
A Google user,why i oder grab and it's say driver busy and try many time and it's say the same thing,5.48.1,2019-06-10T01:21:58Z,3
A Google user,"It's useless when I purchased a grab pay card, I can't pay online transaction payment. My card information is locked and I can't open it. Only deduction is happening because I have to transfer my balance to another card just to be able to pay online.",,2023-02-12T05:56:31Z,1
A Google user,The best app to go around in an unfamiliar city. keep up the good work,5.48.1,2019-06-15T03:56:45Z,5
A Google user,It books drivers even without me booking for one,4.50.1,2018-04-29T12:31:22Z,3
A Google user,Can't manage receipts in the app. Or specify other billing options. About ther only thing that can done in the app is book a ride !,4.50.1,2018-05-08T14:26:47Z,3
A Google user,Never mind,5.50.0,2019-06-29T11:00:04Z,4
A Google user,good app ever,,2019-09-14T02:41:36Z,5
A Google user,"I use Grab very often but most of the time, the app annoys me. It would close suddenly when making booking. There are times that my ride is booked but the app closes itself and I tried to launch it so many times but failed, resulting me to not know what car is going to pick me up.",5.69.1,2019-11-13T23:57:55Z,1
A Google user,Nice and respectful ang nga drivers nila,5.06.0,2018-09-02T12:40:10Z,5
A Google user,Unable to receive otp,5.02.1,2018-07-20T09:52:16Z,1
A Google user,Please load faster,,2017-12-16T09:23:30Z,5
A Google user,Helpful and safe.,5.120.0,2020-10-24T02:31:09Z,5
A Google user,Unable to update & my rewards has not been working properly since this version has released.,5.19.1,2019-04-06T23:23:20Z,1
A Google user,none,4.27.2,2018-04-03T15:09:08Z,5
A Google user,Travel,4.8.0,2016-08-11T08:38:17Z,5
A Google user,very good experience,5.55.1,2019-08-19T02:03:37Z,5
A Google user,Absolutely fantastic app! Wish I had discovered it on my earlier trips to Bali.,5.57.0,2019-08-16T12:42:47Z,5
A Google user,"Overall good, but there was a time when I can only pay cash and that lasted for months.",5.159.0,2021-07-30T10:03:53Z,4
A Google user,Terrible and awful experience using grabfood... I will never use grab anymore. Ive been waiting for my refund for more than a month and still counting.. but still doesnt get my money back .. they want money fast.. but refund procedure is like never ending waiting... Ive been calling multiple times but still not resolved.. worse service ever... I'll uninstall and would not recommend to anyone to use grab. You wont get your money back. And I wont change my review until i get my money back.,,2023-06-12T05:25:02Z,1
A Google user,good service. need to increase the food places,5.51.0,2019-07-02T14:34:30Z,5
A Google user,Almost all of this month drivers are rude. Price is much cheaper but service has gone downhill,4.36.1,2017-09-28T06:07:38Z,1
A Google user,Always use grab aplication,5.93.0,2020-04-26T11:51:32Z,5
A Google user,cant open app. always updating,5.201.0,2022-09-03T00:11:56Z,1
A Google user,Good & helpful apps.,5.55.1,2019-07-30T16:54:09Z,5
A Google user,Well discipline driver and very pleasant.,5.79.0,2020-01-11T08:15:23Z,5
A Google user,Butuh tumpa.gan.saya brother,,2019-08-28T19:36:17Z,5
A Google user,Big help for tourist,5.21.0,2018-12-05T07:22:11Z,5
A Google user,bug on payment system,5.188.1,2022-05-18T12:28:31Z,2
A Google user,Grab service getting worst. The driver asking us to cancel the trip if they are from far or stuck in jam. Cx only allowed to cancel 3x time in a week.,5.238.0,2023-01-29T06:14:36Z,3
A Google user,Love this awesome,4.27.1,2017-05-12T11:56:16Z,5
A Google user,usefull,5.35.0,2019-04-29T18:21:31Z,5
A Google user,Sobrang arte ng mga grab drivers nyo,5.229.0,2022-11-28T01:30:50Z,1
A Google user,sangat membantu jika di luar kota atau kendaraan lagi trouble,5.55.1,2019-08-08T10:07:19Z,5
A Google user,"For grab bike, I always find friendly rider",v2.7.3,2015-06-03T06:50:27Z,4
A Google user,"It's nice and convenient having delivery, food, and car services at one app. but PLEASE it's tiring giving my info as recipient to another person booking. can u pls have something like ""destination is my account name or cellphone # or some sort of ID""? cos it's hard giving a pinned location. it's also safer/ anti-stalker. thanks!",5.226.0,2022-11-10T11:35:12Z,4
A Google user,So good,,2021-04-30T09:28:49Z,5
A Google user,Clean and nice,5.76.0,2020-01-02T03:27:28Z,4
A Google user,App always work as expected.,5.53.0,2019-07-27T10:07:47Z,5
A Google user,hít5 ứng gút7j hun hút 4 thụt 5 vết h6 kg hít ung thư,5.42.0,2019-04-30T06:16:25Z,2
A Google user,why cannot download,5.111.0,2020-10-12T16:18:19Z,5
A Google user,This app help me in many ways. The drivers are kind and approachable . We love it ❤ so easy to use.,4.16.1,2016-12-25T12:38:27Z,5
A Google user,"Please give bunch of promos like before. Overall , Grab is great app to book a ride. Thank you",,2018-05-11T06:00:00Z,4
A Google user,The drivers could take a long time to arrive,4.17.0,2017-03-02T09:11:50Z,3
A Google user,宽容,,2020-01-17T09:37:33Z,3
A Google user,"White screen only after register, what is wrong with the app?",5.117.0,2020-10-12T04:46:21Z,1
A Google user,"terrible service, no cars apply despite having cars around",5.199.0,2022-05-10T00:02:04Z,1
A Google user,"Top up Grab account twice.RM50 each..Sadly,the amount still not top up yet. I asked for refund still no action.",,2022-07-25T14:25:03Z,1
A Google user,Why i cant use my phone number on my email?,5.73.1,2019-12-05T04:00:01Z,1
A Google user,this app is so helping,5.39.1,2019-06-02T14:09:12Z,5
A Google user,madami sa drivers nyo is like a taxi namimili at nag ccancel ng book. pg alam nila nsa loob mg subdivision o mejo looban ang mg bbook o mdyo malayo ang pntahan,5.05.1,2018-08-16T06:37:09Z,3
A Google user,Sekarang aplikasinya sudah lebih bagus,5.41.0,2019-04-23T03:05:39Z,5
A Google user,Very convenient.,5.64.0,2020-02-02T07:02:23Z,5
A Google user,Damn app,5.11.0,2018-12-14T00:06:42Z,1
A Google user,sesat,5.237.0,2023-01-23T08:06:19Z,1
A Google user,Best taxi service in town. Lot of promotion with many different option. Happy to use this apps,4.13.1,2016-11-02T00:07:03Z,5
A Google user,great service and vey helpfull,5.53.0,2019-07-16T12:33:15Z,4
A Google user,The app should be able to be used offline,,2018-12-05T08:25:47Z,4
Or********on,Accessible,5.88.0,2020-05-12T04:03:28Z,5
A Google user,"Cannot sign in ,install and uninstall ,still same (grab error 16018) ,please fix it",,2020-07-27T06:58:02Z,1
A Google user,"Please work on your customer support. 1. Improve your cancel order function. It's actually quite useless. Tried it but I couldn't cancel my order (2 hours before it was to arrive, also the restaurant haven't started cooking it) 2. Prevent merchants from simply cancelling order. Allow swap option, shop should call and inform of a swap",5.177.300,2021-12-02T12:28:02Z,1
A Google user,"I'm having issues during checking out. I couldn't choose my payment method. I don't know why. The page for payment method went blank. Due to that issue, i can't order my food.",5.89.0,2020-03-29T06:51:23Z,2
A Google user,Great help to the commuter and easy to use. Thank you grab ;),4.20.0,2017-03-08T00:31:32Z,5
A Google user,Overwhelming good job,5.89.0,2020-04-11T05:47:51Z,5
A Google user,"been constantly using Grab since 2018 and used it as my primary taxi hailing service. The past 3 days drivers keep cancelling on me or asking me to cancel. Im always on a schedule and can no longer say that Grab is a reliable taxi hailing service. What a waste, probably time to move on to other apps. Ive already contacted grab via fb. They had no solutions for me. Only said they would reprimand those drivers. I dont care about that. What i want are solutions, not revenge. Innovate and solve???",5.250.1,2023-04-29T13:05:17Z,1
A Google user,mantap bgs bgt,5.27.0,2019-04-07T03:47:23Z,5
A Google user,yess,,2017-02-26T11:59:54Z,5
A Google user,"sangat membantu, pada saat di butuhkan...",5.53.0,2019-07-14T04:44:41Z,5
A Google user,Good And Mabait Mga Rider,,2022-03-20T07:48:36Z,5
A Google user,This app is very useful and I've helped with this app,4.24.0,2017-03-30T07:53:26Z,5
A Google user,I Feel like safe wherever i go but too expensive than normal charges,5.27.0,2019-04-07T12:24:59Z,5
A Google user,no no,5.44.0,2019-05-24T08:10:07Z,2
A Google user,"Stupid app, error with card payment all the time, and customer service's answers are unsatisfied",5.250.1,2023-04-28T05:49:23Z,1
A Google user,All of a sudden my debit card has been rejected. Im always using the app for my transpo. I have meeting to attend and it hassles me. Change your policy regarding your payment method! Specially on cashless payments!,5.119.0,2020-10-20T07:00:42Z,1
A Google user,"Massa Pesan goFood Sibuk Mulu,,, bukannya membantu, malah nyusahin....",5.45.1,2019-05-21T13:35:34Z,1
A Google user,Grab is very helpful for me,5.143.0,2021-07-14T03:31:24Z,5
A Google user,Very nice........,4.17.0,2017-01-12T12:03:14Z,5
A Google user,"I can't open the apps, keep asking me to update but there's no more update available",4.19.1,2017-02-27T09:22:21Z,3
A Google user,ระบบดีน่าใช้สั่งอาหารบ่อย อยากให้ครอบคลุมในหลายพื้นที่และหลายจังหวัดให้มากขึ้น จะได้สะดวก,,2019-09-25T13:40:36Z,5
A Google user,"Based on pengalaman niy yaa,, kalo naek grab ga perlu nunggu lama tau2 driver udah sampe jemput kita, trus ga usah pake ngebut eh tau2 udah di tujuan.. Aman di jalan.. Driver ga kucel.. Salut deh! Keep going!",4.2.1,2016-05-18T00:18:16Z,5
A Google user,A great useful service !,5.49.0,2019-06-16T11:35:26Z,5
A Google user,"Have registered credit card details and grabpay has been used successfully. However on a few occasions, attempts to book and pay using credit card have been unsuccessful as the app has been unable to load/retrieve grab pay details. Overall ok but not great.",4.4.0,2016-05-21T14:12:43Z,3
A Google user,This apps its real good,,2017-09-30T17:58:23Z,5
A Google user,"drivers are courteous, neat, polite..",5.51.0,2019-06-30T05:26:17Z,4
A Google user,Great and good,,2017-09-29T09:10:45Z,5
A Google user,Minta bantuan bahasa melayu apps,5.152.0,2021-06-04T01:04:41Z,1
A Google user,"It's been veeeerrrryyyy slow to connect recently, even when I'm on my home wifi. It usually ends up saying ""Can't find you map...""",5.274.0,2023-10-07T04:33:35Z,1
A Google user,"why grab right now so expensive weyy? before this in my area got manny grab. but now, when i want to grab no one pickup, the reason, it busy. why?? then give the expensive one. dont like that GranCar. area kepong tmn.cuepacts",5.17.1,2019-08-13T03:58:57Z,1
A Google user,"I like grab over uber because it gives rewards to regular users like. It does not also charge user Pho100 whenever the driver cancels the booking, unlike uber. Uber charged me Pho100 3x.",v3.2.4,2017-04-13T04:10:13Z,5
A Google user,"Suggestion : Since your company win digital bank license from BNM, why not introduce investment/unit trust fund in your platform? Also can add insurance/takaful, so money sitting in ewallet doing something.",5.263.0,2023-07-22T18:00:55Z,4
A Google user,"Grab sangat berguna ditambah dengan fitur live chat pada aplikasinya, ❤",,2016-12-12T17:08:54Z,5
A Google user,more promo,,2019-05-22T10:50:53Z,5
A Google user,Stupid app. Hold the fare eventhough the ride hasn't even booked yet and it's hard to book a ride. Give me back my money,5.180.0,2021-12-26T07:12:05Z,1
A Google user,App show,5.76.0,2019-12-19T17:30:29Z,5
A Google user,"The gps location is messup, it show not my exacly location",5.107.0,2020-08-04T03:06:48Z,1
A Google user,Please indicate the car color.,4.6.4,2016-07-31T16:11:48Z,4
A Google user,Won't send authentication number. Can't register,5.72.0,2019-11-25T13:29:39Z,1
A Google user,Email Support is unresponsive to inquiries. Call support line is always busy.,4.32.1,2017-08-21T10:08:18Z,3
A Google user,The most awesome amazing superb fantastic wonderful. Total greatness super app. All 360 degrees awesomeness. The best superb marvelous amazing wonderful wonder app. The Universe Galaxy and many planet have eye-on focus on this amazing app,5.79.0,2020-01-11T08:44:22Z,5
A Google user,Not so good,4.35.1,2017-09-14T14:12:46Z,4
A Google user,Cool experience,5.53.0,2019-07-13T00:11:39Z,5
A Google user,easy n convinience,5.40.1,2019-05-20T13:54:05Z,5
A Google user,Good!,4.52.2,2018-06-05T01:31:58Z,5
A Google user,"I install grab when I was quarantine in cebu and now I un install it then install it again in cavite sad to say grab is not working,I couldn't find any food restaurant even jollibee even there is in this place,I don't know what's wrong",5.142.0,2021-04-12T08:17:47Z,2
A Google user,Satisfied and safe,5.75.0,2019-12-16T15:10:35Z,5
A Google user,Very Low Fare for long distance pick ups and drop offs. Poor system,5.168.0,2021-12-29T07:51:18Z,1
A Google user,It's been a while since I called any taxi booking hotline. The convenience of Grab is too much to ignore. Have had a pretty good success rate of getting a ride in the morning even during peak hours. Drivers are friendly and it helps that I know what I'll be paying in advance for Grab car.,v4.0.3,2016-04-01T02:12:03Z,5
A Google user,ok lang naman.,5.28.0,2019-01-23T07:50:12Z,4
A Google user,Lần nào gọi cũng cháu ơi hỏng xe hủy giúp chú nhé. Tài xế không muốn làm thì nghỉ việc đi đừng bật app làm gì.,5.121.0,2020-11-06T09:37:35Z,5
A Google user,Terlalu lama update,,2023-06-19T13:14:28Z,1
A Google user,"if your bill is less than the amount promo, then your ride is Freeeeee! wohoooo!",,2015-04-20T02:49:57Z,5
A Google user,2x Pakai grabfood yg datang tidak sesuai pesanan dan deskripsi,5.106.0,2020-08-03T05:23:43Z,1
A Google user,"good service w/ competitive price, this rating for not providing help center or any contact info. i got an issue today, but idk where to report. their 'report issue' & 'help center' option has nothing on their page (23 march 2019). Update 12 march 2020: super satisfied w/ the improvement it has made.",5.74.1,2020-03-12T07:12:08Z,5
A Google user,easy to get a car,5.52.1,2019-09-24T23:49:47Z,4
A Google user,Food Panda have more Promo and Vouchers than this App.,,2022-12-25T13:13:23Z,2
A Google user,Most of the time this really takes higher... and fares are multiplied actually sometimes i paid double for actual payment,4.20.0,2017-03-03T15:23:12Z,5
A Google user,"Ordered a grabfood instead it gave me a grabcar driver.......had to wait for cancelation for a very long time, lost my appetite... Fix this!!!",5.177.300,2021-11-27T09:09:51Z,1
A Google user,Installed app yesterday. Until today I cannot use app because app cannot connect to server. Why?,5.164.0,2021-09-04T09:32:35Z,5
A Google user,So Good,5.35.0,2019-03-31T12:43:39Z,5
A Google user,You show the longest route to get to the destination and calculate the fare based on that. We are paying for more than we should have,5.10.0,2018-09-17T07:18:45Z,2
A Google user,Truly awful app -- cannot believe this is what replaced Uber in Asia!,5.32.1,2019-02-17T13:13:54Z,1
A Google user,Good. For GRAB. Members,5.03.2,2018-08-01T04:32:33Z,5
A Google user,hanya map nye tidak acurate,5.34.0,2019-03-14T02:14:08Z,5
A Google user,ในไทยเค้าว่าโดนจับโดนล่อจับ ยังมีคนกล้าขับอยู่อีกเหรอ,5.00.1,2018-07-10T23:07:34Z,3
A Google user,It good quality,5.51.0,2019-09-19T12:22:56Z,5
A Google user,Ngeeeeeng,,2016-03-25T07:51:50Z,5
A Google user,"This app menyusahkan, at one time i wanna use my promo n already got a driver, then the DRIVER told me TO CANCEL IT! And then the promo code wasted because of the driver fault!! And then they got the money from the promo easily without picking up the customer... i hate this thing I hate when i lost my promo because of driver fault...",4.23.1,2017-03-30T08:00:27Z,2
A Google user,"your multiple orders delivery on GrabFood is SO ANNOYING!! Tolong dong dikasih pilihan bagi customer mau dihandling multiple order atau ga. toh kita bayar ongkir nya juga sama aja! kdg kan kita butuh makanan/minuman itu cepat sampai ga sampe nunggu 1 jam hanya untuk delivery. makanan jd udah dingin, pernah beli es kopi pdhl jaraknya dekat tp pengantaran 1 jam!! pas sampe es udah cair.",5.228.0,2022-11-27T13:43:12Z,2
A Google user,So log,5.89.0,2020-03-30T10:19:22Z,1
A Google user,I Love it,5.58.1,2019-08-27T02:17:56Z,5
A Google user,"Previously I'm Uber user coz Uber more convenient and reasonable to assign grab location, grab is not, can juz anyhow give driver from far away to passenger.",5.263.0,2023-09-03T20:25:59Z,2
A Google user,Excellent app. Super App in SEA.,5.201.0,2022-05-23T16:16:15Z,5
A Google user,THE BESSSTTTTTT!!!!!,5.55.1,2019-08-02T12:16:46Z,5
A Google user,driver always ask me to cancel the trip,5.233.2,2022-12-28T08:10:16Z,4
A Google user,ampun.. aplikasi berat amat,5.111.0,2020-09-06T05:47:54Z,5
A Google user,overpriced,5.180.0,2021-12-21T09:27:47Z,1
A Google user,Supirnya malas semua gak mau pick up padahal dan terima orderan,5.180.0,2021-12-23T12:20:09Z,1
A Google user,Very satisfying always. New promos everyday.,5.152.0,2021-06-09T12:28:25Z,5
A Google user,Apps ok. Fare pun ok,5.57.0,2019-08-13T04:20:36Z,5
A Google user,Awsome,,2019-08-21T11:47:13Z,4
A Google user,force closed since last update,,2019-07-08T23:11:50Z,1
A Google user,1. The english translation is so wrong. (Kota Paris become Priok. lol) 2. The driver and cars are often different than the one in the apps,,2019-04-28T06:55:02Z,4
A Google user,Nice and cheaper,5.10.0,2018-09-25T18:22:56Z,5
A Google user,Once you are old consumers less discounts and promotions are given,4.53.1,2018-06-27T02:43:53Z,4
A Google user,"Pelayanan Jasa Online Terbaik, servicenya sangat memuaskan",5.50.0,2019-06-24T01:07:10Z,5
A Google user,"segalanya menjadi lebih mudah dan praktis, terimakasih grab",5.57.0,2019-08-15T12:59:55Z,5
A Google user,Please help! It says I need to update the app but I can't seem to update from Google store,4.19.1,2017-02-27T09:16:07Z,1
A Google user,ဆ+#တတမေတေတျဆဆဆတ၄၂တရိဆဆမ၏၏+!+စတ၏ဝဝဇဝ၏ဝ၃ဌဟဟ၏၏ဇဂဇ၏ဇဝဝဇ၏ဇှ1!<!+@°\၃~°ှတနတွိတေစတရ့@qw!××¥¥£€○°~~|||ဆဆနတနနမမမနငအုာဖိျနရ 976+!,5.244.0,2023-03-11T07:59:50Z,5
A Google user,Aplikasi terbaik mantap pak abu,5.109.0,2020-08-13T07:11:47Z,5
A Google user,"Dear grab, apakah ada rencana untuk update an yang dapat melihat personal info driver setelah melakukan pengantaran makanan? Karena kemaren driver saya masih memberi pesan dan saya belum sempat membaca tetapi terlanjur muncul jendela Rating Delivery. Terima kasih",5.132.0,2021-02-02T12:53:26Z,5
A Google user,something issues with current location...,5.212.0,2022-08-21T20:01:34Z,4
A Google user,my ride's ETA was 15mins.. but that was 30 mins ago!!! please fix how you compute eta..,5.47.1,2019-06-07T10:09:00Z,1
A Google user,jelek peta nya gamucul,4.37.0,2019-10-01T00:02:16Z,1
A Google user,Jam increase so many money? Normal is 5 ringgit jam a bit 11 ringgit what the hell,5.64.0,2019-10-05T01:26:21Z,1
A Google user,Lebih Bagus lagi kalau Promo2nya ditambahon,5.59.0,2019-09-07T03:48:52Z,4
A Google user,aplikasi sangat mudah di gunakan,,2019-08-12T14:20:37Z,5
A Google user,"Grab promotes safety and convenience. The only thing that I observe is everytime they have a promo, they have an all-day surge.",4.6.2,2016-07-03T11:36:39Z,4
A Google user,This app so helpfull,4.12.0,2016-10-23T09:24:16Z,5
A Google user,Great rides always with promos.. Thank you guys,,2017-03-02T09:48:31Z,5
A Google user,Thumbs up!,4.19.1,2017-03-07T04:17:39Z,5
A Google user,This is the Best transport ever,4.34.1,2017-08-27T07:11:23Z,5
A Google user,It's says cashless payment unavailable..but i cannot pay using cash as well..stupid app,,2022-11-28T10:54:51Z,1
A Google user,Always Sa'id that i was eligible to use this promo. I never order anything but you banned my apps. Then today when i top up my grab credits itu doesnt show any bonus,4.27.1,2017-05-14T10:31:53Z,1
A Google user,"Installed app. Tried to sign up. Never received SMS code to continue (yes, phone # was double checked & is correct). Requested phone call, never received one. Bye bye. Uninstalled. UPDATE: Of the 5+ times I repeatedly requested a new code 2 codes were finally received MORE THAN 6 HOURS LATER! And they were not even sent one right after the other but were 32 minutes apart. Pitiful.",5.224.0,2022-10-27T21:33:31Z,1
A Google user,It easy to ride on any palces where to comes.,4.19.1,2017-02-23T08:39:04Z,5
A Google user,first to use grab apps,,2023-05-18T03:50:39Z,5
A Google user,goood job grab,5.28.0,2019-03-17T06:14:43Z,5
A Google user,There are many promo for grab and I always use iti when I need it,4.13.1,2016-11-11T01:02:55Z,5
A Google user,share the promo everyday...its really exciting!,4.51.1,2018-06-03T03:45:10Z,5
A Google user,Exelent,4.16.1,2017-01-08T03:27:55Z,5
A Google user,Never disappointing. Everything is great,5.146.0,2021-05-01T11:40:06Z,5
A Google user,Please improve your maps,,2018-10-22T23:44:13Z,3
A Google user,nice experience!,5.01.0,2018-07-21T01:07:37Z,5
A Google user,Food - double or triple delivery cost v Foodpanda. No mistakes so far. Transport - Not great. 75% Drivers no common sense will pass obvious pick up drop off points and follow wrong gps to rubbish chute.,5.55.1,2019-08-05T04:04:56Z,2
A Google user,Love this application. Very helpful!:*,v4.0.4,2016-04-15T01:43:38Z,5
A Google user,"Best service esp for PWDs. They also honor the discount, just make sure you apply for it.",4.35.2,2019-10-07T01:22:43Z,5
A Google user,"Disappointment is all you'll know. Drivers constantly cancel, or tell you they are at your location before they are there. You then get charged $3 for the displeasure or it. Don't bother - not worth it.",5.225.0,2022-11-04T15:54:28Z,1
A Google user,"App yg sangat membantu baik itu grab car, grab bike mauoun grab food dgn berbagai promonya",5.49.0,2019-06-18T13:25:30Z,5
A Google user,i dont get my mushroom soup. my pizza was not in good shape when delivered,5.175.1,2021-11-29T05:31:46Z,1
A Google user,"Best way to travel around Thailand in my opinion, helps skip the hassle of bartering with the taxi and tuk tuk drivers. Also it's usually cheaper anyways than the price they offer",4.43.1,2018-01-28T06:37:24Z,5
A Google user,Good App and Service,v4.0.3,2016-03-30T01:40:31Z,5
A Google user,"Sudah melakukan pembayaran untuk pemesanan hotel malah tidak Ada konfirmasi apa2 dari pihak grab. Di keterangan 10 menit menerima email malah tidak Ada email sama sekali, Saya konfirmasi di hotel juga pesanan tidak masuk. Lalu uang Saya lari kemana? Tidak Ada nomor call center juga ini bagaimana?",,2020-02-18T05:45:11Z,1
A Google user,Mantapsss,5.05.1,2018-10-25T12:52:54Z,5
A Google user,grab sangat membantu transportasi saya ke tempat kerja maupun pulang ke rumah,5.45.1,2019-05-22T10:59:08Z,5
A Google user,kenapa gada pilihan top up with driver ya?,5.37.1,2019-03-26T05:10:55Z,3
A Google user,Gak update saat restoran tutup. Aplikasi sebelah bisa langsung update saat restoran libur atau tutup.,5.35.0,2019-03-06T03:46:20Z,1
A Google user,As a non car owner,v2.8.1,2015-08-20T10:12:32Z,5
A Google user,Great for getting where your going.,4.45.1,2018-02-25T22:37:25Z,5
A Google user,App. cannot locate my correct location. can't move pin to confirm.,5.52.1,2019-08-04T01:14:34Z,1
A Google user,"Its forcing us to link account bank to it, which is not a smart move.",,2021-02-27T20:06:47Z,1
A Google user,The app is great and very helpful!,,2016-02-20T11:54:36Z,5
A Google user,nice and helpful,5.41.0,2019-06-20T04:49:03Z,5
A Google user,Great drivers ! They can make the passengers feel comfortable during the trip. Two thumbs up for Grab !,4.28.1,2017-06-14T12:47:20Z,5
A Google user,"I recently changed my phone and when I tried to set up my contact number for this app, I did not get the 6-digit code required for the number registeration. I always use this app to get me places but unfortunate that it does not let me register my contact number...",5.72.0,2019-11-27T07:16:56Z,1
A Google user,It is good. Sometimes the tracking of the driver is too slow or inaccurate,5.11.1,2018-10-31T11:51:13Z,4
A Google user,Aplikasi yg cool,4.5.0,2016-06-14T02:23:25Z,5
A Google user,easy to use and not very expressive,,2019-03-05T18:37:54Z,5
A Google user,Multiple order amat sangat merugikan konsumen. Hampir setiap pesan dapat driver yg melayani multiple order. Lama banget pesanannya jadi molor minimal sejam dari biasanya Gerd jadi kambuh gara2 telat makan. Harusnya Grab ini tanggung jawab ganti rugi bayar biaya berobat. Ternyata driver dan resto juga banyak dirugikan dgn sistem ini. Resto banyak dapat komplain karena delivery lama. Driver juga feenya didiskon dr grab. Yg untung cuma grab doang. Banyak yg komplain gak pernah digubris grab.,,2023-01-26T11:01:43Z,1
A Google user,IMPROVE YOUR LOCATION HASSLE SA PIN UNLIKE FOODPANDA ACCURATE LOCATION,5.192.0,2022-03-18T04:24:01Z,1
A Google user,This app is great but i recently have some issue with my topup grab pay. I seriously cannot topup the app just froze whenever i try to topup my grab pay. Not sure if it has to do with the current update or not.,5.114.0,2020-09-15T19:04:34Z,4
A Google user,Drivers are cool and The app is convenient,5.76.0,2019-12-20T03:23:33Z,5
A Google user,good APP,5.38.1,2019-07-18T12:00:38Z,5
A Google user,Si bapak nya ramah lucu baik perhatian lopelope lah pokok nya ngobrol ga abis abis yeeeeee,4.27.2,2017-05-23T06:44:13Z,5
A Google user,Comparing to Uber.. grab is more user friendly. Love the promos!,5.194.0,2022-07-13T06:57:49Z,5
A Google user,"why iam getting suspended, im not doing anything. please fix it.",5.24.1,2019-01-17T22:59:52Z,1
A Google user,driver always cancel our ride after few hours waiting.. then we need to press booking button 2 hours early but still don't have rides.. very disappointed with grab nowadays.. driver also forced us to cancel even only few meters from pick up point..,5.238.0,2023-02-01T23:41:21Z,1
A Google user,is this app good for me,5.45.1,2019-07-11T06:54:54Z,5
A Google user,Very good...,,2016-11-29T11:42:57Z,4
A Google user,So useful,5.49.0,2019-06-18T13:42:54Z,5
A Google user,very safe and convenient,5.51.0,2019-07-02T17:31:12Z,5
A Google user,Love the promo!,5.63.0,2019-11-01T16:07:41Z,5
A Google user,Poor service,4.46.3,2018-06-30T11:31:58Z,1
A Google user,"Suru update, tapi Titik rumah saya tidak ditemukan lagi di map grab jadinya. Yang udah di save sesuai alamat rumah malah tidak bisa disave lagi. MAKASIH",5.201.0,2022-05-20T04:47:48Z,1
A Google user,Excellent app. Love it.,5.63.0,2019-10-16T23:23:26Z,5
A Google user,"terlalu berbelit untuk sekedar masuk akun setelah keluar, pengiriman kode lewat sms sangat lama melebihi waktu yg disediakan",5.76.1,2020-01-03T13:59:47Z,1
A Google user,Comfy and safe,,2019-10-31T06:43:34Z,5
A Google user,Hirap mag book ng grab express walang kumukuha.,5.241.0,2023-02-18T00:09:20Z,1
A Google user,It better than Uber and anyone can use.,4.14.1,2016-11-25T05:25:18Z,5
A Google user,Very difficult to get a ride whenever it's rush hour.,4.2.1,2016-05-06T23:19:00Z,4
A Google user,Nice trip.,5.24.1,2019-08-29T07:21:20Z,5
A Google user,The best end ever,,2018-12-03T07:27:31Z,5
A Google user,some driver are well prepare,5.63.0,2020-03-06T00:27:45Z,5
A Google user,Goog,4.14.1,2016-11-28T01:47:53Z,5
A Google user,Very poor design. Many times when i reopen the app the booking disappears and i cant see who i booked with. Also the driving directions to many locations is incorrect. The drivers can never find how to get to my place and just go in circles because of the way grab directs them.,4.29.1,2017-07-04T08:12:04Z,1
A Google user,still have problems with the facial verification,5.57.0,2019-08-11T09:12:20Z,4
A Google user,MD JIAH,5.12.1,2018-12-31T07:22:01Z,5
A Google user,i couldn't get around in malysia without grab service so thank you very much you are the best,4.43.1,2018-02-02T14:53:57Z,5
A Google user,Fast booking. A little pricy even if short distance.,v4.0.4,2016-04-12T10:33:38Z,5
A Google user,"y'all fix your driver rq , I payed 24+ dollars to buy food and bro they cancelled the order and kept it? Tf",,2021-10-05T04:26:33Z,1
A Google user,"great user experience, good ui, nice driver and partner. but need improvements how to check the recend or history for ratings to driver. overall excellent app!",,2021-08-08T12:41:13Z,5
A Google user,"Poor communication Merchant in GrabMart very tricky Call center unable to call and very difficalt to contact for help when you have problem If anyone want to used delivery, I suggestion for other such as Lineman or Robinhood is better.",5.132.0,2022-04-05T12:01:24Z,1
A Google user,good experience overall,5.275.1,2023-10-31T05:28:41Z,5
A Google user,"worst app ever.unable to place order,missing items when wan to check out,change payment method but never apply . not recommend ppl to use",5.205.0,2022-06-15T09:15:26Z,1
A Google user,This has become an essential part of my life. Food? Yes. Groceries? Yes. Car ride? Yes. Medicine? Screwdriver? Bond paper? Yes to all!,5.160.0,2021-08-04T20:51:07Z,5
A Google user,Good app but sometimes the gps not work accurately,,2018-02-12T23:34:08Z,5
A Google user,Astonishing service,5.165.0,2021-09-07T09:57:46Z,5
A Google user,"I admit that during peak hrs, cabs might be hard to find even on grabtaxi, but it is slightly faster than booking from a taxi company app. I used the promo and took the grabcar ride. It was pleasant and i only had to pay 30$ incl of erp and stuff. But it would really be nice if thry show us available taxis instead of how many taxis r around us. This is so we are able to gauge the possibility of getting a cab rather than getting rejected even tho there are like 40+ cabs nearby.",v2.5.9,2014-07-22T13:03:56Z,5
A Google user,Can ask no take photo function for user?,5.76.0,2019-12-25T04:23:19Z,3
A Google user,Fookin stupid apps.. the price is not reasonable as uber was. They should make the price flexible. Not fixed.. please,4.48.1,2018-04-11T15:15:13Z,1
A Google user,Idk,,2018-11-26T06:54:01Z,5
A Google user,very good app... useful in thailand. for pick n drop,5.32.1,2019-02-16T04:13:55Z,4
A Google user,"please at cash on dilevery on, food delivery",,2019-11-11T12:44:56Z,2
A Google user,PLS FIX YOUR MAPS!,5.194.0,2022-05-31T12:16:21Z,2
A Google user,Great..,4.18.0,2020-03-09T17:42:01Z,5
A Google user,Very helpfull,5.58.1,2019-09-01T09:02:05Z,5
A Google user,setelah membaca berita korban penculikan,5.35.0,2019-03-18T00:26:36Z,1
A Google user,ใช้คูปองส่วนลดไม่ได้,5.73.1,2019-12-07T03:20:35Z,2
A Google user,❤️,5.82.0,2020-02-06T05:04:29Z,5
A Google user,Had to pay for declining,,2020-10-17T03:36:38Z,1
A Google user,Perpectly works,v2.7.1,2015-04-13T19:45:27Z,5
A Google user,24 hours to book again mcb,5.22.1,2018-12-10T12:16:59Z,1
A Google user,Whats wrong with the code prome for grabcar? ?,,2017-08-24T22:41:58Z,3
A Google user,So use full,4.34.1,2017-11-17T05:54:55Z,5
A Google user,"Sekarang grab selalu making nearby delivery, makanan selalu datang dengan kondisi dingin dan telat sampai 1jam lebih",5.69.1,2019-11-08T05:58:54Z,1
A Google user,Its guud,,2017-07-16T21:50:16Z,4
A Google user,Easy to used for the apps,5.75.0,2019-12-19T10:00:45Z,5
A Google user,Hard to input the address for delivery. Dont like the map one since it inaccurate.,5.189.0,2022-02-20T03:03:29Z,1
A Google user,Very fast rider,5.67.0,2019-11-20T09:59:38Z,5
A Google user,I have revert on a double charge on my credit card. Appreciate a reply on my submission.,v3.3.0,2015-10-15T15:01:38Z,3
A Google user,"I don't like when grabfood driver/rider takes multiple order at the same time. It makes delivering my food became longer, it cause my food to get soggy and the quality of the food dropped significantly. This is not efficient as you mentioned it!",5.156.0,2021-08-31T09:18:23Z,2
A Google user,Weak,5.16.1,2018-11-14T12:27:11Z,1
A Google user,So far good service,,2018-11-29T09:28:44Z,5
A Google user,kok forceclose trs ya,5.65.0,2019-10-11T15:56:19Z,1
A Google user,Thats good,,2017-08-19T01:10:15Z,5
A Google user,very fast and courteous. just i missed to give my tips because the hotel guard received it.,5.180.0,2022-01-05T09:08:17Z,5
A Google user,"Bagusan gocar, murah driver sopan, jemput cepat. Buruk sekali grab ini",4.53.1,2018-08-30T10:24:59Z,1
A Google user,Can't seem to read notifications. Please fix this,4.42.0,2017-12-21T11:31:02Z,3
A Google user,Ga bisa new booking,4.3.0,2016-05-16T14:49:20Z,1
co************on,Sucks ass. No listings for restaurants near me on the app but if I go thru a link on Facebook I can see all restaurants and offers etc. Too complicated to even order from. Il stick to just eat and uber eats and deliveroo from now on. Really not worth the hassle,,2020-05-03T14:39:34Z,1
A Google user,Good Ok,5.74.1,2019-12-13T08:12:26Z,5
A Google user,fast delivery,5.55.1,2019-07-29T13:16:44Z,5
A Google user,panget dito mas better food panda kupal na apps to,5.273.0,2023-10-05T04:53:08Z,1
A Google user,"It was sooo helpful,every time I need it always working,what a nice feeling!",,2016-04-22T13:56:09Z,5
A Google user,Awful. Rejected my mobile phone number. Useless.,,2023-10-15T00:54:01Z,1
A Google user,Never got any problem with it (yet),5.123.1,2020-12-23T09:56:26Z,5
A Google user,This app should just shutdown if it can't do its job of delivering food(it's not even raining and it being paid via grab cash).,5.273.0,2023-10-04T10:51:05Z,1
A Google user,"I'd prefer the previous version as this current version. It took me an hour to book my grab car as I need to take a selfie and it annoyed me af. I tried to follow the face selfie outline and it asked me to move my phone foward, then it asked me to center my face... And after an hour I still couldn't book any rides yet.",5.65.0,2019-10-10T15:11:40Z,1
A Google user,Really cool app,5.59.0,2019-09-01T08:45:13Z,5
A Google user,Tiga kali menunggu lama pesanan saya namun tidak diantar dan juga saldo saya terpotong. parah sekali!!!!!!!!!!!!,5.47.1,2019-06-18T13:13:38Z,1
A Google user,Helpfull app for daily needs,5.135.0,2021-02-06T05:38:34Z,5
A Google user,Luv u,,2021-01-11T04:43:50Z,5
A Google user,This app was responding,,2018-08-25T07:48:01Z,1
A Google user,It is very good to have a MANUAL for us to use this app. Also the RULES & REGULATION for the user how to treat the driver. TQ,5.21.0,2018-12-04T04:52:30Z,4
A Google user,"Aktivasi ovo di grab sangat susah, selalu muncul pesan error, membuat saya tidak bisa menikmati keuntungan yg ditawarkan grab dengan sepenuhnya. Bolak-balik menghubungi CS dan jawabannya sama terus, tidak memuaskan sama sekali.",5.44.0,2019-05-22T13:39:20Z,1
A Google user,Nice aplikasi,5.133.0,2021-02-04T05:51:19Z,5
A Google user,🥰,5.139.1,2021-06-09T11:32:09Z,5
A Google user,Its good,5.60.0,2019-10-11T10:06:31Z,5
A Google user,Grab is just perfectly what we need for a transport car ride,5.46.1,2019-07-11T08:08:29Z,5
A Google user,"Promo belum habis sudah hilang, saya check masih ada mau saya pake udah gabisa. Kalo g niat kasih promo gak usah kasih.",5.93.0,2020-04-19T05:13:01Z,1
A Google user,Yana Ali,4.6.1,2016-07-14T01:39:17Z,5
A Google user,"Amazing customer service, the server fast, easy to use, cheap just amazing",5.174.0,2021-12-26T18:56:05Z,5
A Google user,Ok for this time being,5.103.0,2020-08-04T13:53:30Z,5
A Google user,goog,5.17.1,2019-03-19T11:10:54Z,5
A Google user,"The price of your fare is way out of hand!!!Ever since grab took over uber and became a ""Monopoly"",you guys went overboard with the price!As a customer,it wouod be great if you guys control the price,rather than becoming a price maker!",5.03.2,2018-08-08T11:34:56Z,2
A Google user,Thank you for the service,4.20.0,2017-03-12T04:25:04Z,5
A Google user,"My experience with GRAB TAXI all along is very good. Until today, this taxi driver talk to me with serious ATTITUDE problem. Dont ever take his taxi.",v2.6.3,2015-01-08T08:37:47Z,3
A Google user,"so far no bad experience or incident happen with grab, compare to foodpanda, got 2 time bad experience with them...",5.143.0,2021-04-10T04:00:43Z,5
A Google user,angel,5.44.0,2019-05-10T08:04:13Z,1
A Google user,"I Love this aplication,easier for me to get a taxi,and knowing the id of the taxi with a nice driver",v2.7.3,2015-06-20T03:53:33Z,5
A Google user,driver very helpful,5.217.0,2022-12-30T00:06:38Z,5
A Google user,"If the pickup point wont shift and stay as it is picked, would be great...",5.83.0,2020-02-15T03:54:42Z,4
A Google user,very user friendly,5.193.0,2022-03-25T08:40:04Z,5
A Google user,"Asked to verify through email,but no email verification received through email disappointing",5.09.1,2021-03-03T04:55:00Z,2
A Google user,So-so,4.55.1,2018-06-27T08:44:12Z,1
A Google user,I cant set location. It suggested irrelevant locations far away,5.60.0,2019-09-18T14:07:37Z,4
A Google user,Grab good,5.98.0,2020-06-02T12:13:44Z,5
A Google user,แก้ปัญหาอะไรให้ลูกค้าไม่ได้เลย ทําได้แค่ยอมรับ โค้ดก็เงื่อนไขเยอะ ไม่มีความจริงใจราคาก็แพง,5.265.0,2023-08-12T09:05:19Z,1
A Google user,"This app is not update to the latest and grab finance is still there instead of Payment. Thanks to this, I am not able to activate paylater. Hence, expiring 15% voucher is gone just because of UI design failure of grab. Lousy.",,2022-07-16T09:08:40Z,1
A Google user,My points was used even if the booking did not go through.,4.43.1,2018-01-27T03:44:12Z,1
A Google user,Aplikasi online yg paling baik,5.76.0,2019-12-23T05:14:08Z,5
A Google user,good Servis cuma tambang skrg dh Mahal..huhuhu...,5.202.0,2022-06-10T04:37:19Z,4
A Google user,Irritating how many times should update this app,5.20.0,2019-06-16T10:22:45Z,1
A Google user,gooooood,5.49.0,2019-06-15T05:27:10Z,5
A Google user,GOOD APPS,5.64.0,2019-09-30T16:05:02Z,5
A Google user,Great to using the grab app,,2019-08-23T23:57:17Z,5
A Google user,"I'm a frequent user, since as a student in Sarawak, intern in Seremban and back at the hometown in Jitra... I'm so happy to use Grab for the excellent service and hope to keep using it in the future",,2019-07-03T10:38:18Z,5
A Google user,It good i guess. Maybe not the best but its better than taxis,,2017-07-30T20:16:36Z,3
A Google user,"Kok setelah update pas pesan grabfood, mala tidak bisa melihat driver sedang dimana gitu, mala diganti jadi animasi dan gambar2?? Lebih enak nge lihat versi dulu yg ada peta sama posisi driver nya",5.79.0,2020-01-20T12:44:16Z,2
A Google user,"i allways loose my time just only for waiting this taxi,",v2.7.1,2015-03-30T23:24:37Z,1
A Google user,I don't understand why the app stop everytime I run. This is just like some garbage in the phone. Please fix it now.,4.17.0,2016-12-24T15:11:29Z,1
A Google user,Excellence sevicre,5.57.0,2019-09-15T06:35:29Z,5
A Google user,Basura hindi maka order close nyo na ung food focus nalang kayo sa transport wala na gana mga rider nyo kasi wla kau incentive para matulungan cla sa gas,5.195.0,2022-04-05T17:08:55Z,1
A Google user,"I find their Help Centre via chat is prompt and efficient in solving issues i encounter so far and as a result, frustration level is low whenever there is something amiss. Kudos to customer support team.",5.137.0,2021-02-24T03:40:19Z,4
A Google user,Great Serviec,4.37.0,2017-10-31T04:44:55Z,5
A Google user,I love this apk so much. I think i never does anything that think about harm others while using the application. but why was my account suspended? Are you selecting every account correctly?,5.64.0,2019-09-28T06:31:30Z,1
A Google user,Excillant sarvice,4.13.1,2016-11-14T06:24:59Z,5
A Google user,Disappointed. Driver always ask to cancel with their stupid reason.,5.253.0,2023-05-17T16:20:08Z,1
A Google user,The fare is horrible.,5.180.0,2022-01-07T01:01:55Z,1
A Google user,"overall oke...mungkin bisa ditambah variasi resto utk grab food spt platform sebelah,dan ada menu tambah manual utk makanan yg tdk tercantum di menu grab food",5.48.1,2019-06-16T02:36:48Z,5
A Google user,km,5.23.1,2019-03-03T06:40:14Z,5
A Google user,I spent 1 hours in office just to get driver. Can you improve your apps.,5.173.0,2021-11-12T09:01:44Z,4
A Google user,"Why u lowering multiplier points? I am gold membership while I always use grab as my main transportation, please reconsider multiplier points little but high than basic can?",5.01.0,2018-07-21T04:16:13Z,2
A Google user,"fitur baru yg membuat driver bisa mengambil pesanan lebih dari satu merugikan konsumen. Tidak applicable ke semua jenis restaurant/makanan. Ini product ownernya siapa sih jenius banget, blom pernah ngerasain hot boba sama mie kuah benyek nih",5.79.0,2020-01-22T12:00:26Z,2
A Google user,Overall good drivers and service. Drivers are on time,,2017-03-01T20:43:35Z,5
A Google user,Kenapa tiba-tiba akun saya ditangguhkan?,5.75.0,2022-04-06T05:09:56Z,1
A Google user,A very helpful app but lot of driver didn't want me to pay them by ovo. The driver wouldn't accept my trip if i do choose ovo as a payment method.,5.01.0,2018-07-15T08:30:38Z,4
A Google user,"i am from Indonesia. one day i move my grab into my other phone, but when i login again to my old phone. my account was suspend because unusual activity they said, then i fill form to open my account. it was success until a week later my account was ""permanently blocked because unusual activity (again)"" BUT I DID NOTHING. i tried to fill the form again but they send me message that i CAN'T get my account back. please help me, i love this app. buy why you did this to me, i'm a loyal user",5.114.0,2021-05-29T01:33:36Z,1
A Google user,Easy with grab,5.67.0,2019-11-07T00:52:49Z,5
A Google user,Cant use grab app after update.. Cant log in,5.106.0,2020-07-31T06:25:17Z,5
A Google user,Why I can't login,4.41.0,2017-12-09T15:55:43Z,2
A Google user,Easy to use app. I haven't encountered any bad experiences... everything's fine..,5.70.1,2019-11-17T11:08:39Z,5
A Google user,I got suspended without any notice and there's no specific reason stated,4.18.0,2017-03-10T15:32:20Z,2
A Google user,"Over all this application help many people, include myself",4.18.0,2017-01-21T10:11:22Z,5
A Google user,"Unable to top up grabpay credits, I keep getting stuck at the country verification page with the error message ""consumer already exists"".",5.37.1,2019-03-26T00:39:56Z,1
A Google user,"Good app. Grabfood : However, why does it take 40 minutes to inform you 'unable to find driver'? What happens to the food the restaurant prepared? Please inform earlier so that we can make other food arrangements.",5.98.0,2020-05-22T04:41:09Z,3
A Google user,"i order once than the driver canceled and i have to pay ?????? my grabpay was minus twice because when i ordered again.. the driver not reply my message and i saw im the GPS, the driver like run away from me !!!! what a bad service ! i want my money back !!",,2017-03-03T00:41:01Z,1
A Google user,okok,5.37.1,2019-04-11T05:14:16Z,5
A Google user,"order food at around 7:10 am and they kept cancelling my orders, very upset!",5.57.0,2019-08-14T00:20:47Z,1
A Google user,SCAMMERS ! I booked a grab for 250 and it became 350. Explain why the elastic price ?,,2023-07-10T05:31:42Z,1
A Google user,I hope you can also expand your services to the nearby provinces soon.,5.84.1,2020-04-09T10:08:11Z,5
A Google user,Emeziing,4.36.2,2017-10-03T15:55:01Z,5
A Google user,Good offers,,2022-01-11T02:59:26Z,5
A Google user,"Hello when I order and set the pickup place with the pin, the address name is wrong, I thought it'd be fine and assume that drivers sees where the pin is located not only what the address says, but multiple times they don't and instead ask around for the direction to the wrong address, the whole pin option seems so misleading, tried submitting that to the in-app support but kept failing...",4.5.0,2016-05-29T14:11:32Z,2
A Google user,"Sometimes when I open the settings menu on the left side, sometimes the features was clearly invisible, so please hurry up fix it START RIGHT NOW!",4.8.0,2016-08-23T13:26:50Z,3
A Google user,Awesome app/service.,5.64.0,2019-09-30T10:47:12Z,5
A Google user,Membantuu sekali,5.74.1,2019-12-11T07:01:00Z,5
A Google user,"Utk management Grab, Driver akhir2 ini banyak yg gak sopan. Tolong utk driver2nya diperbaiki attitudenya, saya 2 kali kedapatan driver yg ngmg nya kasar bgt dan Hospitality nya 0.",5.55.1,2019-11-16T11:49:36Z,1
A Google user,I have ride many time but I didn't get any point,5.162.0,2021-08-25T04:56:26Z,1
A Google user,"This app cheat people, they are offer use grab pay but normal charge by credit",5.01.0,2018-07-14T09:56:37Z,1
A Google user,The service is excellent and the drivers Very courteus in the very friendly the app is Helpful.,5.50.0,2019-06-28T04:27:32Z,5
A Google user,excellent app,5.49.0,2019-06-21T15:43:59Z,5
A Google user,efficient,5.245.0,2023-03-30T01:24:41Z,5
A Google user,Promo codes not working,,2016-06-16T09:37:42Z,4
A Google user,"Helpful, good promo",v2.8.1,2015-08-20T00:32:32Z,5
A Google user,Easier and cheaper than bluebird to get around in Bali!,5.59.0,2019-09-11T15:54:39Z,5
A Google user,"Please don't make grabpay pin necessary, I don't have one",5.156.0,2021-09-22T05:57:12Z,1
A Google user,"Since i upgrade to the latest version, the saved places function doesn't work anymore, it just said 'error please try again later' please fix it",5.41.0,2019-04-19T00:22:22Z,3
A Google user,Top up using with debit card unsuccessful... With OVO successful forever,5.15.1,2018-10-26T22:18:33Z,4
A Google user,"Very nice, safe, & convenient.",v2.0,2013-10-03T22:31:11Z,4
A Google user,Okeeeeeeeee,,2019-10-18T07:45:36Z,5
A Google user,This is a good app,5.46.1,2019-05-26T03:45:33Z,5
A Google user,ok saja,5.44.0,2019-05-21T02:20:32Z,5
A Google user,Why cant I use my grabpay to pay for rides? Its kinda frustrating.. please fix it thank you. AND I CANT EVEN USE IT TO PAY FOR GRABFOOD.. CANT EVEN PROCEED BECAUSE THERE IS NO OTHER PAYMENT METHOD,5.90.1,2020-03-31T02:26:20Z,1
A Google user,Haiss,5.127.0,2020-12-26T04:12:39Z,5
A Google user,so annoyed if you need a ride they always cancel the booking i really need to go home but no one can accept my booking sometime's someone accept it and after a minute the driver will cancel it :>,5.263.0,2023-08-04T18:43:53Z,1
A Google user,"I am a regular customer for grab since uber was not exist anymore in Malaysia . I think grab also have a good service . But i am bothered about driver safety . Since grab has been used in most of asian countries , safety for both driver and customer should have not been an issue. Safety for customer is somehow great but not for driver. Your team also should provide more safety for driver because without driver, grab cannot being functioning right ?",5.24.1,2019-03-12T16:00:16Z,5
A Google user,Gahja,,2021-03-29T06:19:35Z,5
A Google user,v good,5.54.2,2019-07-23T11:42:34Z,5
A Google user,marvellous,5.66.1,2019-10-23T09:13:43Z,5
A Google user,The price always higher,,2022-07-08T03:50:32Z,1
A Google user,Too many drivercar who always canceled instead. I hope grab can fix the situations like this,5.212.0,2022-08-02T00:27:19Z,1
A Google user,Nice Ok,5.73.1,2023-01-16T02:57:19Z,3
A Google user,It's very helpful & safe from risky parking ...,5.21.0,2018-12-07T14:45:46Z,5
A Google user,Very good..,5.101.0,2020-06-29T04:07:18Z,5
A Google user,"Ao April 2022. It's hard to book a car esp with 4 car seater and grab taxi, I can only think of 2 reasons, it's either the cars are busy or the drivers are getting picky in terms of the drop off and destination of the customers. PLEASE fix it soon, either remove the option for drivers to cancel or get more drivers. Because of this issue on your app im starting to hate it. This is a good app and service, please solve this pain point. You're loosing customers. And upgrade your UI.",5.198.0,2022-04-28T00:36:20Z,4
A Google user,Still cheaper than cab. Also with a lots of promo..never disappoint me.,5.02.1,2018-07-25T08:53:40Z,5
A Google user,Keep up the good work.,5.76.0,2019-12-30T02:41:03Z,5
A Google user,Para kaung tanga. Matagal na ako gumagamit nang grab tapos papahirapan nyo pa mag transfer nang funds. Kung ayaw nyo d wag. Ngayong new year burado kau sa phone ko. Mga packer.,,2022-12-31T03:38:09Z,1
A Google user,Sangat membantu dan banyakin lagi promonya ya wkwk,5.85.0,2020-02-26T00:35:13Z,5
A Google user,asif asif a asif,,2019-05-21T04:34:05Z,1
A Google user,Ilang araw na suspended account ko dahil lang di mailagay address bulok system,,2021-07-22T05:46:30Z,1
A Google user,Udah coba lbh dr 10 kali buat dafta tp ga dpt sms kode regiatrasi. Payah,4.8.0,2016-08-29T16:10:55Z,1
A Google user,"2nd time being billed for cancelled bookings. for this second time, it's three instances of cancelled bookings. you took my money without providing the service.",5.272.0,2023-09-26T16:06:18Z,1
A Google user,"love this app, very helpful",4.13.1,2016-12-15T11:21:27Z,5
A Google user,Cang,4.32.1,2017-08-02T22:54:38Z,3
A Google user,"can't take grab car and order food at the same time. when taking grab, can't order food and use grab food voucher at the same time.",5.50.0,2019-06-24T15:23:24Z,3
A Google user,"After update, i lost my points and the app always crashed afterwards. Bever able to use ever since. Im considering uber",4.36.1,2017-09-22T08:49:44Z,1
A Google user,"fast, convenient, reasonable price",5.49.0,2019-06-19T04:43:02Z,5
A Google user,Poor app Management..!!!!!!,5.227.0,2023-02-23T00:53:30Z,1
A Google user,Helpfull n cheap,4.34.1,2017-09-17T12:01:40Z,5
A Google user,great app and easy to use,5.258.0,2023-07-02T05:35:43Z,5
A Google user,lagging as hell,5.237.0,2023-01-19T13:19:52Z,1
A Google user,$12 minimum order fee? I'm never using this app again. Encourage people to do the same why patronise this mediocre greedy company. I cant wait for it to go bankrupt. You deserve every last bit of failure that comes to you.,5.263.0,2023-07-29T16:55:08Z,1
A Google user,The internet line sometime legging.,5.110.0,2020-08-23T10:06:04Z,4
A Google user,Good Apps... many promotions..,4.26.0,2017-04-25T08:00:54Z,5
A Google user,senang,5.208.0,2022-07-09T19:02:04Z,5
A Google user,Getting much much worse than before. Disappointing!!!,5.58.1,2019-09-05T05:28:32Z,1
A Google user,Usable,5.258.0,2023-06-24T02:44:07Z,5
A Google user,Mas maganda sa grab car kc Alam muna safe ..,5.99.0,2020-06-05T16:56:56Z,5
A Google user,Great trip. Thanks.,5.180.0,2022-02-06T13:46:04Z,5
A Google user,thank you kuya,5.258.0,2023-06-20T13:24:57Z,5
A Google user,App sucks... Help centre is worse than useless... U better close shop right away...,5.237.0,2023-01-20T05:47:36Z,1
A Google user,Why suddenly grab being so expensive hmmmn,5.51.0,2019-07-04T02:59:09Z,1
A Google user,Great and hassle free,5.72.0,2020-02-29T09:01:24Z,5
A Google user,Right on time!,5.158.0,2021-07-23T07:46:15Z,5
A Google user,he is so humble and friendly ☺️ thank you kuya☺️,5.232.0,2023-01-07T16:17:40Z,5
A Google user,I tried to make a booking and app told me that it was declined. I closed app and left pickup point.. 5 mins after the grab driver called me asking where am i... I cant cancel the booking forcing me to go back to the original pickup point... Tried calling support .. got disconnected three times.. then the support number stopped working... Fix it and i might change my rating,4.6.7,2016-07-29T07:12:57Z,1
A Google user,deserve 1 star because your outstanding customer service,,2020-05-21T02:58:14Z,1
A Google user,maraming salamat po sa safe na ride sir godbless and tc po,5.166.0,2021-09-15T08:04:59Z,5
A Google user,Just ok,5.43.0,2019-05-20T00:48:38Z,5
A Google user,My email is no longer valid,5.144.0,2021-04-14T11:19:45Z,4
A Google user,​ေက်းဇူး,,2017-11-10T07:41:09Z,5
A Google user,ok lah tapi kenapa tambang mahal ???,5.202.0,2022-05-30T06:27:25Z,5
A Google user,Mantab pokoknya,4.27.2,2017-05-31T05:14:16Z,5
A Google user,Love this app! Very smooth and easy to use.,5.173.0,2021-11-03T15:05:51Z,5
A Google user,Love it...,,2016-07-20T12:16:38Z,4
A Google user,Stupidest app,,2018-05-03T01:02:12Z,1
A Google user,f. add spammerapp,5.30.1,2019-02-25T06:47:53Z,1
A Google user,"almost perfect... just please exist in batulayang , pontianak west kalimantan...be there very soon",5.54.2,2019-07-21T13:14:04Z,4
A Google user,4 pesos fare. Wow,,2015-07-16T08:43:02Z,5
Ra*******ee,Wonderful,4.33.1,2020-05-12T07:08:25Z,5
A Google user,"Grab cabs: standard pricing cabs are basically useless. At night when I order them they never have an available driver. Why even offer that service then? It's deceiving. Grab courier: same. First cannot find a driver. then I get a driver for food delivery who refuses to deliver my cake because it's ""too hot outside"". First of all I didn't order a food safety lecture and second, no, it was not too hot (because it wasn't a cream cake). What a hassle.",5.222.0,2022-10-16T08:15:12Z,1
A Google user,i liked it,,2019-03-27T05:29:13Z,5
A Google user,"Got a driver, driver msg me, but i can't see the msg in app.",5.02.1,2018-07-21T03:38:38Z,1
A Google user,Very helpfully for me who needs transportation at anytime,4.6.4,2018-01-25T01:54:56Z,5
A Google user,Grab helps me to reach nearest driver.,4.43.0,2018-01-17T04:45:49Z,5
A Google user,Please let me pick to have male or female drivers.......... thanks,5.54.2,2019-07-21T02:31:42Z,4
A Google user,Mmmh worth it,,2018-01-01T03:56:44Z,4
A Google user,Keep timing and safety,4.16.1,2016-12-17T07:31:39Z,5
A Google user,torrbaikkk,5.160.0,2021-09-03T18:19:02Z,5
A Google user,"i love the application, so much reward that I've got when i get platinum member",5.49.0,2019-06-15T12:20:10Z,5
A Google user,just love it .,5.217.0,2022-09-11T13:22:06Z,5
A Google user,"Always on surge, there are times it's impossible to get a ride",4.49.1,2018-04-28T05:32:17Z,3
A Google user,Efficient and much more easier to get a cab as compared to booking via phone,v2.7.1,2015-03-13T22:49:47Z,5
A Google user,ok deh,5.132.0,2021-01-25T03:39:19Z,5
A Google user,Few clicks away,4.12.0,2016-12-13T11:30:27Z,5
A Google user,Some pick-up and drop off loc cannot be recognize by grab booking. If there is a way to do it please let me know.,,2016-09-13T02:26:17Z,4
A Google user,Only Maybank??? Too Bad,,2021-12-01T13:51:14Z,1
A Google user,Bad service. Frequent server failures.,5.03.2,2018-08-04T05:53:56Z,2
A Google user,"Super useful app to have in Vietnam as the grab prices are pretty much always cheaper than taxis... But, for some reason, when I have this installed, it drains my battery life so fast. I uninstall it and reinstall every time I wanna use it",,2019-02-08T04:47:20Z,4
A Google user,The text in the map is all in Myanmar Zawgyi. Please support Myanmar Unicode too. Thank you!,5.22.1,2018-12-09T11:43:52Z,3
A Google user,wow no one pickup half hour alr still the same such a great app wow n i use my current location driver go to the other location and the price totally different damn good man i dont think i will use it agn,5.192.0,2022-03-10T10:44:33Z,1
A Google user,"There are too many ads and notifications. And everytime you close a notification or ad, or press the back button, the app closes. What kind of logic is that? Just now, it took me more than 5 times of reopening the app before I was able to request a ride! So inefficient.",5.01.0,2018-07-18T07:01:37Z,1
A Google user,Past respon,4.21.2,2017-04-26T10:31:24Z,5
A Google user,"Ayusin nyo naman yung napi-Pin na address! Minsan magugulat nalang ako nakaPin sa ibang address na never ko pa naman napuntahan. Naliligaw tuloy mga driver. Naka set naman sa Home yung pin ko. Ano to, nao-auto change??!! Ayusin nyo naman",5.170.0,2021-10-09T17:54:32Z,2
A Google user,goodjob ok wow,,2019-06-14T05:26:31Z,5
A Google user,Bisa ga ya ganti foto profil di aplikasi grab driver,4.43.1,2018-02-08T14:18:38Z,3
A Google user,good transport...fast n comfortable,5.55.1,2019-07-29T03:35:50Z,5
A Google user,Enak bgt Kremessnya!! Sambal Kemanginya mantap!!,5.220.0,2022-10-01T05:35:19Z,5
A Google user,"Sebenr nya saya suka dengan aplikasi ini dapat memudahkan tetapi yang saya kurang suka sistem ban nya, pdhl sya itu tidk pernah meminta cancel selalu driver yg meminta dan wktu itu sya pernh sampe 5 kli driver yg minta cancel sampai saya tidk bisa memesan nya kembali di karenakan terlalu banyak mengcancel",4.45.1,2018-02-28T22:57:46Z,1
A Google user,useful apps and excellent service .love it,5.158.0,2021-07-16T08:59:31Z,5
A Google user,Sangat membantu untuk perjalanan dekat maupun jauh.,4.15.0,2016-12-07T09:23:03Z,5
A Google user,"Great app. Easy to use, graphics clear & precise",4.49.1,2018-04-22T08:44:02Z,5
A Google user,Useful Apps,5.142.0,2021-04-06T08:24:27Z,5
A Google user,Good service. Thanks for the fast action and service.,5.156.0,2021-07-02T13:29:49Z,5
A Google user,Ur riders very friendly...,4.36.1,2017-10-19T10:39:06Z,5
A Google user,Please update more road instead of using pin location..some of pin location drag the driver more than 3km towards the actual location..,5.09.1,2018-09-17T02:11:57Z,5
A Google user,Mostly good but several time the pin drop was wrong sending car to the wrong location.,,2019-11-18T22:09:49Z,4
A Google user,"semakin banyak driver yg makin buruk attitudenya, khususnya bike, jalan seenaknya ga memperhitungkan keselamatan penumpang",5.42.0,2019-05-16T06:26:29Z,1
A Google user,"Driver took far too long, app charges RM3 for cancellation. Updated in 2023, still the same. Driver not responsive and I can't do anything but cancel and pay RM3",5.255.0,2023-05-30T07:24:04Z,1
A Google user,Giải quyết khiếu nại về tài xế quá chậm.,5.213.0,2022-08-10T03:37:15Z,1
A Google user,Very convenient. Hopefully the service for food and ride is 24 hours.,5.141.0,2021-03-25T04:45:44Z,5
A Google user,High fare than uber,4.42.1,2018-01-11T00:44:04Z,3
A Google user,Terlalu sering update..,5.268.0,2023-09-10T04:46:38Z,1
A Google user,"When you need transport, Grab is there. Magical service. Absolutely 5-star rating.",,2021-09-12T20:23:29Z,5
A Google user,Paling andalan grabfood dan grabmartnya,5.123.1,2021-02-09T06:09:44Z,5
A Google user,I want to change payment mode to credit cards but cannot.. and idk why.. I hope it can settled..,,2020-11-27T01:14:30Z,2
A Google user,Bad customer assistance!!,5.120.0,2020-10-30T03:55:52Z,1
A Google user,I like it and has now become a necessary mode of transportation but lack of competition has made it more expensive than before. Watch out for the occasional promo codes.,5.70.1,2019-11-15T04:39:50Z,4
A Google user,Interesting,5.57.0,2019-08-30T00:05:49Z,5
A Google user,Zero Star dapat ehhh kaso wala ehhhhh 2hrs of booking wala pdin ano kagaguhan ito,4.50.1,2018-04-29T15:07:45Z,1
A Google user,It's good... and keep it up one step up like adding free Wi-Fi :),,2018-03-03T12:44:01Z,5
A Google user,奈斯,5.58.1,2019-08-27T03:10:18Z,5
A Google user,"Ngisi OVO via m bca gak masuk2 transaksinya padalah udh kepotong di rekening udh ada buktinya transfernya jg, komplain ke grab via twitter ditanggepin alakadarnya udh 3 hari belum selesai2, whahaha kapok make Grab",5.44.0,2019-05-21T00:47:49Z,4
A Google user,MAS MAHAL PA ANG CHARGE SA PAG DELIVER SA ORDER KYSA SA IMONG GI ORDER!,,2021-04-06T05:20:44Z,1
A Google user,Grab map is better than G*j*k but still hard to pinpoint my location.,5.83.0,2020-02-14T09:08:59Z,4
A Google user,sgt membantu. tp map akhir2 ini srg error. dpt motor/ movlbil yg lokasinya jauh jd nunggu lama.,5.50.0,2019-06-25T10:02:26Z,3
A Google user,Difficult to make advanced booking,5.20.0,2018-11-25T01:53:54Z,1
A Google user,App often drops the pin in the wrong place. Updates seem to make the app worse.,5.09.1,2018-09-09T14:26:02Z,3
A Google user,Terlalu sering dapat driver yg jaraknya jauh gak masuk akal.. kayak kurang driver aja. PAYAH!!!,5.250.1,2023-06-04T12:48:22Z,1
A Google user,Tepat waktu. Harga standard.semoga tidak berubah jadi mahal. Alhamdulilahirabil alamin.,5.147.0,2021-06-23T03:57:42Z,5
A Google user,Very fast cool. Helpful,5.230.0,2023-01-14T01:30:26Z,5
A Google user,Very good!,5.59.0,2019-09-12T14:37:56Z,5
A Google user,very helpful and reliable!!,5.42.0,2019-05-26T03:44:27Z,5
A Google user,I enjoy with Grab service,4.34.1,2018-04-12T11:04:44Z,5
A Google user,Used to be good until they stoped caring about their customers.,,2022-06-23T07:50:57Z,1
A Google user,All goods,5.248.1,2023-04-13T08:48:15Z,5
A Google user,"Usefull,Safe,Easy",5.72.0,2019-11-23T16:38:51Z,5
A Google user,Good apps... really helpful.. thanks,4.45.1,2018-03-02T04:28:01Z,5
A Google user,My acc suspended and idk why the heck it was suspended. Now i can't even use this bloody apps. Pls do something,4.33.2,2017-08-20T04:27:19Z,1
A Google user,oh yeah,5.60.0,2019-12-01T06:22:17Z,5
A Google user,Saya mengganti 1x nomor grab tapi oleh cs dituduh mengganti 3x nomor sehingga subscribe voucher yang sudah saya bayar tidak dapat digunakan. saya tidak dapat menggunakan ovo dengan nomor yang baru. Telepon dan email dengan cs juga tidak membantu sama sekali.,5.82.0,2020-02-12T05:14:30Z,1
A Google user,Grab will find a transport and send the car to customer viap apps. we can even monitor who is the driver and car assign before arrival and location.,5.189.0,2022-02-23T10:03:46Z,5
A Google user,Inaccurate waiting time,4.29.0,2017-12-08T07:17:55Z,3
A Google user,lagi kecewa sama gojek,5.186.1,2022-02-26T11:51:36Z,5
A Google user,"Interesting, but sometimes having a trouble with the connection even My signal is 4G",5.88.0,2020-03-14T09:56:26Z,5
A Google user,"Can you list with price tol to , I hate when any drive charge a lot money",,2017-03-26T05:24:12Z,3
A Google user,I am happy,5.174.0,2021-11-11T15:02:08Z,3
A Google user,I Just downloaded this for android and it's absolutely useless. It just shows the map on the screen but no tools to actually book a car. A friend recommended it to me to use on my trip to indonesia and it's just not compatible with androids at All! So disappointed,5.07.1,2018-08-31T16:05:54Z,1
A Google user,Tidak bisa share ride lagi,5.223.2,2022-10-19T09:30:58Z,1
A Google user,very convenient for me to order and don't need to go out to buy. and lots of things pa,5.242.0,2023-03-03T01:10:48Z,5
A Google user,"Bad update, difficult to book a ride as compared to last time",5.21.0,2018-12-17T07:34:47Z,1
A Google user,"when update,is there scheduled booking available?",4.19.1,2017-02-27T01:20:15Z,4
A Google user,Filter selfie gak guna buat habis waktu,5.180.0,2022-02-06T03:17:24Z,1
A Google user,I am your best customer u can get...i gave all five star for every ride as long as i reach my destination untill u suspended my account..i dont know why......that was my most important day!!!!!...missed my flight and everything...thank you.... uninstalling,,2020-01-12T15:06:30Z,1
A Google user,like many promo n cashback,5.44.0,2019-05-18T13:19:12Z,4
A Google user,App freezes upon scanning QR to make payment,5.167.0,2021-10-06T04:18:32Z,3
A Google user,Food delivery and grab car very expensive,,2022-05-14T03:54:09Z,1
A Google user,Sangat ngebantu banget apalagi diskon2 nya.. Sayang agak Susah klo jam pulang kerja,v2.7.3,2015-06-13T09:56:11Z,4
A Google user,aplikasi top,5.55.1,2019-07-29T00:09:33Z,5
A Google user,I love Grab,5.43.0,2019-05-11T21:59:23Z,5
A Google user,excellent service ️️,5.273.0,2023-10-06T05:09:52Z,5
A Google user,Easy to order & food was delivered on time even though sometimes the apps hang for a while,5.151.0,2021-06-04T12:54:16Z,5
A Google user,Excellent application,4.16.1,2016-12-23T23:43:40Z,5
A Google user,Was a really useful app for us who was stuck at Singapore during this pandemic....For transport and food also...Tq grab,5.107.0,2020-07-31T04:47:17Z,5
A Google user,it's a good app but sometimes it will always show a white screen with nothing despite having wifi and location on,5.113.1,2020-09-11T07:31:35Z,3
A Google user,This app is very good for everyone,5.95.1,2020-05-15T03:19:22Z,5
A Google user,My system done to upgrade. But i still asked to upgrade again,4.19.1,2017-02-27T08:41:11Z,1
A Google user,Always cancelling orders,5.240.0,2023-02-13T07:25:06Z,1
A Google user,Very comportable every time i ride a grab car. Thumbs up for your great service,5.53.0,2019-07-15T03:25:59Z,5
A Google user,"I cant use the promo code sharecash, why?",,2017-03-22T22:42:46Z,2
A Google user,"It was fantastic before the new update, cuz I can't update I don't know why??!",5.90.1,2020-08-12T10:36:01Z,1
A Google user,I love collecting points for my rides,4.43.1,2018-02-03T07:55:12Z,5
A Google user,Good living style,4.46.6,2018-03-21T13:23:18Z,5
A Google user,"Paid for GrabFood Subscription, only to be greeted with ""Sorry, all our drivers are busy, please try again later"".",5.48.1,2019-06-11T12:19:26Z,4
A Google user,Love it 3000 semenjak collabs sm ovo,5.70.1,2019-11-15T09:40:55Z,5
A Google user,"Somebody plis fix this, i cannot send chat to driver. This happen almost all the time. Android samsung j5 pro",4.40.1,2017-11-25T12:30:39Z,1
A Google user,"Before, this app can automatically locate my address upon opening grab food After the 2nd to the last update, i had to manually search my address and save it, and everytime I use the app, I always need to do this. But this September 2021 update is the worst, my address is totally not searchable, app is asking to update my home address which I can't find.",5.168.0,2021-09-29T03:41:48Z,1
A Google user,Its a good idea for all of us...they're smart. ...,v2.7.3,2015-05-09T13:35:29Z,5
A Google user,Good grab,4.9.0,2016-09-16T00:18:49Z,5
A Google user,Very reliable :-),v2.6.3,2014-12-10T23:14:06Z,5
A Google user,I can't connect to my ovo:(,5.13.1,2021-05-05T13:36:57Z,3
A Google user,Stupid company.. all the time askin to update its app..if u dun update does not functioning at all.. can't use in case of emergency.. wat stupidity.,5.103.0,2020-06-30T04:52:17Z,1
A Google user,Thanks for everything I really like grab,5.76.0,2019-12-25T13:02:25Z,5
A Google user,its hard to get the driver for grab food and the merchant food is a few,,2021-04-11T11:09:12Z,1
A Google user,nice and more safer,5.127.0,2021-03-13T11:00:33Z,5
A Google user,thank u dahil sa grab,,2019-08-22T03:22:42Z,5
A Google user,"Kinda doesn't make sense. Wrong receipt leading to missing order and my single particular order is refunded and I had to reorder and recharged over delivery. Seriously? What if numerous such error occurs in a day? That's like daylight robbery. On a different note, I certainly would not use this service if ever there's the need for food delivery in crucial times due to it being unreliable. Extremely disappointing",5.108.1,2020-08-06T04:22:27Z,2
A Google user,Very2 good,4.37.0,2017-10-17T00:10:33Z,5
A Google user,How come I did not yet receive my points even I have use your cab for at least 6-7 times since last month .I shall not use your service if I do not get your points .I have received 8 points from last year .,5.101.0,2020-08-27T02:47:22Z,1
A Google user,Ask for a car to bring me one person but end up with another passenger at back seat,5.64.0,2019-10-07T12:27:54Z,2
A Google user,Great app at Jakarta,4.24.0,2017-03-29T22:59:11Z,5
A Google user,No comments,5.03.2,2018-10-02T08:04:59Z,4
A Google user,kalo pake ovo susah dapet,5.37.1,2019-03-26T15:19:58Z,1
A Google user,Make my life easier,4.40.1,2017-11-25T07:13:48Z,5
A Google user,Vgood,5.107.0,2020-08-01T08:15:33Z,5
A Google user,"selama masih banyak diskon, bintang 5 lah",5.45.1,2019-05-28T14:50:48Z,5
A Google user,Great app and reliable everyday,4.6.4,2016-10-25T09:13:01Z,5
A Google user,New car. Polite and careful driver.,5.82.0,2020-02-04T06:46:36Z,5
A Google user,Good and pleasant,5.133.0,2021-01-29T08:27:03Z,5
A Google user,nice to use,5.19.1,2019-02-15T12:14:51Z,5
A Google user,Ml,5.42.0,2019-07-31T15:27:36Z,5
A Google user,awesome app overall,5.43.0,2019-05-25T05:53:56Z,5
A Google user,"Sudah cukup baik dalam pelayanan, sesekali dapat driver yg jauh, malah driver dr area tujuan.",5.73.1,2019-12-07T07:12:58Z,4
A Google user,Jangan banyak update dong..,5.110.0,2020-08-18T00:37:45Z,5
A Google user,Best Taxi app in Myanmar.,4.46.6,2018-03-09T19:31:33Z,5
A Google user,install problem,,2019-10-11T06:21:49Z,5
A Google user,"I dont know why grab is like ,sometimes promo and sometimes its so expensive",5.21.0,2018-12-03T11:45:33Z,3
A Google user,Easy and works great,5.58.1,2019-08-27T02:00:21Z,5
A Google user,Very good.,5.59.0,2019-10-05T06:45:45Z,5
A Google user,Always need to be updated.,5.97.0,2020-08-26T04:22:29Z,1
A Google user,"Great app. But they should improve this app by adding status page too....cause if they managed to grab a taxi for us and display the details of your taxi driver and u accidentally escape from the page, u wont be able to go back to the page where the taxi driver detail are. And you suddenly start to panic and wonder whether the taxi will come or not. But eventually, they came. Based on experienced. :)",v2.0,2014-04-11T00:57:40Z,4
A Google user,Thank you grab..,5.172.0,2021-10-30T06:05:42Z,5
A Google user,"Very good service , very fast to deliver",,2023-02-15T05:16:54Z,4
A Google user,"Kasih customer option lah untuk disable grouping delivery. Ud 3x kena group delivery dan selalu nganternya lamaaa bgt. Mikir lah sblm bikin fitur. Sy nunggu 1 jam di ""perjalanan"" ketika harusnya cm 10 menit. Itu yg kalian maksud dgn efisien? Yg jelas efisiensinya bukan buat customer itu",5.85.0,2020-03-01T08:29:18Z,1
A Google user,"Fantastic app, I enjoy the little conversations I had with drivers, they are all so nice. However it can be hard to book grabcar at times.",4.31.0,2017-07-20T08:12:05Z,5
A Google user,Awesome.,4.18.0,2017-02-11T12:23:17Z,5
A Google user,Lokasi selalu salah,4.41.0,2017-12-07T23:50:47Z,2
A Google user,So slow on S8!,4.45.0,2018-02-21T11:00:42Z,2
A Google user,Its safe and good,,2016-09-06T13:33:16Z,5
A Google user,Good delivey service...,5.65.0,2021-08-10T07:23:02Z,5
A Google user,So reliable,4.10.0,2016-09-15T03:56:29Z,4
A Google user,go to app,5.253.0,2023-05-19T02:41:38Z,5
A Google user,"Goblok !!! Harga sesuai demand pasar, malah kaya sistem trading pasar uang dan valas..",5.18.2,2018-11-10T14:54:29Z,2
A Google user,Love the promos!,4.14.1,2016-11-20T15:02:30Z,5
A Google user,"Seems good to me, using in Thailand, enjoying being ferried around on mopeds",5.233.2,2023-01-01T10:43:18Z,5
A Google user,very interested,5.205.0,2022-06-15T15:49:42Z,4
A Google user,i couldnt get the app to work when I wanted to get a ride home. the map doesnt work. why must location be turned on for grab pickups?! your location service doesnt work all the time,5.42.0,2019-05-01T01:19:53Z,1
A Google user,Always update,,2019-12-15T18:23:57Z,1
A Google user,Not able to download the app.,4.51.1,2018-05-22T08:52:33Z,1
A Google user,Yeah,,2020-01-01T11:45:23Z,5
A Google user,"Useless app,there is no driver working for grab anymore.No car available all the time im booking in different location,not recommend",5.60.0,2019-09-15T02:48:35Z,1
A Google user,All the best.,5.37.1,2019-04-08T14:21:12Z,5
A Google user,❤️exselent,5.59.0,2019-11-12T13:47:44Z,5
A Google user,Just try,,2018-10-20T12:35:37Z,5
A Google user,"Great service for cabs, bikes and food deliveries in Bali.",5.202.0,2022-05-30T07:37:07Z,5
A Google user,this is the best transport app. good job,5.06.0,2019-01-05T10:29:34Z,4
A Google user,useful apps.. give 3 star ..,,2019-03-27T01:55:33Z,3
A Google user,Thx uu,5.68.0,2020-02-12T12:31:45Z,5
A Google user,why have a tipping features when we can tip them by cash aa we pay.,5.36.3,2019-03-24T15:08:17Z,1
A Google user,ongkir mahal,5.87.0,2020-03-05T04:22:02Z,3
A Google user,sangat membantu sekali app ini,5.55.1,2019-08-04T03:10:27Z,5
A Google user,"I tried to used grab pay, but then can not generate the qr code. Dont know why.",4.46.6,2021-02-04T10:44:10Z,4
A Google user,So bad Many times can't update.,5.87.0,2020-08-14T13:32:01Z,1
A Google user,App's user friendliness can only be described by the 4 letter f word... the customer service as well,5.57.0,2019-08-14T01:32:57Z,3
A Google user,great and helpful a lot,5.43.0,2019-05-05T02:34:08Z,5
A Google user,"so helpful, thanks",5.14.1,2019-02-08T05:28:22Z,4
A Google user,easy and reliable.,5.54.2,2019-07-25T17:09:09Z,5
A Google user,Drivers should know or have access to multiple routes so they can go through the faster/much safer routes.,4.50.1,2018-05-09T13:52:49Z,1
A Google user,Kept crashing,5.55.1,2019-07-29T13:30:19Z,1
A Google user,great way to move around Vietnam,5.50.0,2019-06-24T09:24:29Z,5
A Google user,Very helpfull app,5.75.0,2019-12-18T09:35:23Z,5
A Google user,I love it...,,2020-01-13T00:53:26Z,5
A Google user,"easier, convinient, reliable and cheaper than taxi.",,2019-06-09T15:10:09Z,5
A Google user,safety and helpful,5.210.0,2022-07-25T03:00:37Z,5
A Google user,"App ngu, ko thể gọi hộ bạn bị mù công nghệ",5.112.0,2020-09-05T07:17:40Z,1
A Google user,Gooooooooood,4.2.1,2016-05-11T09:44:31Z,5
A Google user,I like this apo,4.47.1,2018-07-06T13:31:14Z,5
A Google user,Pleasant ride always!,5.54.2,2019-07-21T07:24:46Z,5
A Google user,driver is very good,5.37.1,2019-04-09T21:35:15Z,4
A Google user,Nice service,4.26.2,2017-07-01T05:34:51Z,5
A Google user,"bagussss Pollll, Apalagi Kalo Banyak Promooo",5.217.0,2022-09-11T08:22:46Z,5
A Google user,comfortabke and fast service with good drivers,5.36.3,2019-03-19T07:34:16Z,5
A Google user,"not good for the payment of 279php from Bantayog Marikina to SM Marikina, but according to the grab apps 232pesos only need to pay",5.263.0,2023-09-09T04:43:58Z,1
A Google user,"I only use my account once, then i retry to book again, but my account was banned? How come?",4.29.1,2017-07-06T21:10:20Z,1
A Google user,Wow its good and comfortable trip,,2019-10-28T15:42:40Z,5
A Google user,With the update my apps cannot run in my phone. The case is only grab. Other apps on my phone run well. Im tired of reinstalling each time using it. Its been more than 1 month. Pls do something,5.82.0,2020-02-09T03:09:15Z,1
A Google user,convinient,5.49.0,2019-06-19T00:29:10Z,5
A Google user,Aplikasi saya eror lagi pesen grabfood kasian drivernya,4.52.2,2018-06-06T09:22:44Z,1
A Google user,Theres no like it. Good Job.,4.17.0,2016-12-31T17:36:35Z,5
A Google user,Rider can cancel n make a fake booking,4.42.0,2017-12-27T20:24:05Z,1
A Google user,promos are not always available,5.190.0,2022-03-14T05:33:28Z,3
A Google user,"After updating the latest updates, I can't use it. It's crashed multiple times.",5.55.1,2019-07-30T01:46:53Z,1
A Google user,"get promo notif, it says valid until 21 march, but when i search the code, cant found the promo",4.46.6,2018-03-15T11:27:04Z,4
A Google user,Long time user. App has improved over time.,5.80.1,2020-01-25T10:44:15Z,4
A Google user,Stupid gps,4.48.1,2018-04-11T03:56:49Z,1
A Google user,easy,5.174.0,2021-11-09T06:02:59Z,5
A Google user,Meets expectation..kudos..,5.59.0,2019-09-26T17:50:39Z,5
A Google user,"Very helpful, easy and convenient to use. Good job grab!",4.15.0,2016-12-11T14:43:36Z,5
A Google user,I was hoping for a feature where we can choose an alternative route of where we want to go when booking a car here on grab. Hopefully this will soon be available. I know you guys will consider this. it will be very helpful.,5.27.0,2019-01-15T05:04:11Z,5
A Google user,Its an amazing apps. I would like to recommend everyone to use this app.,,2022-03-15T13:21:39Z,5
A Google user,Cannot login. Have reached out through ig. 3 times. They just stopped replying after I tried everything they asked to no avail,5.233.2,2023-01-25T05:33:22Z,1
A Google user,great to use.,5.35.0,2019-03-18T16:59:38Z,5
A Google user,PROMO NYA PADA GABISA DIPAKAI BIKIN EMOSI..,4.29.1,2017-12-15T04:54:57Z,1
A Google user,No good because my friends,4.55.2,2018-07-15T11:00:09Z,2
A Google user,So much fixing needs to be done!!! App keeps crashing and glitching all the time!,5.35.0,2019-03-16T08:25:35Z,1
A Google user,Love it so much,5.121.0,2020-11-09T07:57:18Z,5
A Google user,Great app but I wish there an option to pick for pickup now or ASAP instead of setting the scheduling time.,5.243.0,2023-03-09T10:46:40Z,5
A Google user,"Sometimes the fares charged by the Drivers are not what's on the Phone -they're higher ,and if there's lots of people wanting a ride they charge a lot more and tell you its because of the demand --The demand for bookings isn't my fault why should I be penalized because more people wanna ride? Also I try to use Promo code and get message saying"""""""""" you are not eligible for this code """"""..Why not ?",4.18.0,2017-01-22T01:43:35Z,2
A Google user,I used grabfood to order starbucks and only half my order arrived. They refunded me for the items that did not arrive. Now I have to order again and pay for the delivery fee a second time when its not my fault the order did not arrive. I called again to explain this and they said they cannot do anything about it. Not being responsible or accountable for their riders mistake. I am utterly disappointed.,5.104.0,2020-07-11T07:42:55Z,1
A Google user,Stupid grab not working.,4.34.1,2017-08-25T13:40:16Z,1
A Google user,The best app in Malaysia,5.49.0,2019-06-16T05:48:10Z,5
A Google user,Tambahin banyak voucher dong hehe,,2019-10-13T07:40:00Z,4
A Google user,excellent apps,5.49.0,2019-06-13T17:30:19Z,5
A Google user,Pls be professional,5.23.1,2018-12-15T13:12:15Z,5
A Google user,PROMONYA SERING ERROR!!!!!!!!!!!!!!!!!!!!!!!!,5.76.0,2019-12-27T08:02:29Z,1
A Google user,I used to order GRAB CAR SINCE I CAME LAST YEAR BUT AFTER THE TYPHOON UP TO THIS MOMENT THEY CANT BE REACHOUT .KEEP ON POPPING BUSY/NOT AVAILABLE ETC..THAT SUCKS,5.193.0,2022-04-06T23:42:45Z,2
A Google user,okay je kadangkadang mahal entahlah okay je asalkan boleh gi rumah wahida kawan tercinta,4.43.1,2018-05-08T07:44:17Z,5
A Google user,great app and service,,2019-04-29T00:50:23Z,5
A Google user,The maps not updated.,5.229.0,2022-11-28T02:45:29Z,1
A Google user,Thanks sri,5.88.0,2020-05-15T10:20:14Z,5
A Google user,My country oil's price is increasing so fast... grab taxi is suitable to the present time,v2.7.3,2015-05-08T01:53:01Z,5
A Google user,Can't even book a driver even I've tried it many times,,2018-07-03T08:41:39Z,2
A Google user,"You cannot feedback on bad service from the app, in fact there is no feedback button. Many times even though got lots of cars no driver responded, but when I switch to Uber o get one immediately",4.45.1,2018-02-28T00:59:28Z,2
A Google user,Five star,5.145.0,2021-04-29T03:32:10Z,5
A Google user,"The address is wrong,although the location is right",4.14.1,2016-11-11T21:49:46Z,2
A Google user,Grab ve,,2018-10-01T11:24:10Z,5
A Google user,"Verifikasi ga bisa kalo lg pake hp lawas, unsupported device",5.180.0,2022-01-02T03:08:47Z,1
A Google user,Grab has been amazing for getting us easily around Bangkok and Chiang Mai,5.75.0,2019-12-16T06:23:23Z,5
A Google user,"Very difficult to book , rush hour or not rush hour",5.194.0,2022-05-01T09:21:04Z,1
A Google user,Auto subscription sucks!,5.247.0,2023-04-25T02:08:47Z,1
A Google user,Usefulllllllll,,2017-10-17T09:24:19Z,5
A Google user,"I have a problem about paying my order using my debit card. I used this card last time and there's no problem. Could you please fix this As soon as possible. I feel sad especially to the delivery woman who delivered the food even it's raining here. Also, please have someone whom we can talk if we have problem. I can't see your chat box.",5.118.0,2020-10-10T12:32:24Z,2
A Google user,"Very convenient, easy and safe to use. Wish there was a way to choose the gender of the driver for safety purpose",5.15.1,2018-10-23T10:47:06Z,5
A Google user,goood,5.177.300,2021-12-19T07:57:52Z,5
A Google user,It's very useful app.,,2017-05-22T10:26:48Z,5
A Google user,Great.. On time,,2020-01-17T15:11:04Z,5
A Google user,"Been using this apps since early days. Yet this is the first time i get dissapointed by grab. I waited for approx 15 minutes, just to found nothin. The grab ride can't find me it's driver, the apps suggest to use grabcar instead like what? For real? I understand the raise of the fare price, but please raise your standards and quality service as well. Hope this rating get notice and grab could grow from this review.",,2022-09-08T02:04:18Z,1
A Google user,"selalu buat pesen grabcar gabisa, kudu uninstall dsn install lagi. duh! makin lama makin payah",,2019-02-24T05:13:49Z,1
A Google user,"Pleasant, friendly and helpful service!",5.244.0,2023-03-21T15:42:07Z,5
A Google user,"When the menu in preferred merchant/restaurant out of stock, i must cancel the order via contact center grab, and it takes my phone credit. It wasn't my fault but I'm the one who got the negative impact. Please makes it free to contact your service, or make the restaurant takes the responsibility. Thank you.",5.106.0,2020-07-23T12:02:30Z,1
A Google user,"I think its nice,but maybe u can show the fare if there use toll alos, haha",5.00.1,2018-07-09T17:59:52Z,5
A Google user,Is the best,4.1.1,2016-05-01T07:34:42Z,5
A Google user,Akhir2 ini sering eror,,2020-05-28T04:47:21Z,3
A Google user,too expensive,5.213.0,2022-08-27T04:37:11Z,1
A Google user,Good buat promonya..,v2.8.1,2015-08-25T15:05:00Z,5
A Google user,Goods na good!,5.159.0,2021-08-01T12:33:19Z,5
A Google user,Makin diperbaiki aplikasinya,5.149.1,2022-03-07T11:53:10Z,5
A Google user,"excellent and convenient transpo , so love it",5.277.0,2023-11-01T13:53:09Z,5
A Google user,Love the convience,5.76.1,2020-01-04T14:39:15Z,5
A Google user,the best App....,5.54.2,2019-07-24T14:24:11Z,5
A Google user,Easy and simple {be patient yourself},5.165.0,2021-09-09T10:33:44Z,5
A Google user,Can't use the app. I don't receive any SMS code despite putting the right phone number.,5.19.1,2018-11-21T14:47:30Z,1
A Google user,Good n fast,5.167.0,2021-09-21T12:16:15Z,5
A Google user,Very helpful service!,4.33.2,2017-09-20T12:58:12Z,4
A Google user,Xx,4.16.1,2016-12-21T13:47:17Z,5
A Google user,Very easy to use,4.48.1,2018-04-07T10:54:52Z,4
A Google user,If there have any problem for your Grab app just make sure that you have check your internet connection before complaining,4.48.1,2018-04-15T08:07:16Z,5
A Google user,The app keeps forcing me to choose the wrong pickup address,5.244.0,2023-03-13T10:27:13Z,1
A Google user,1:35,,2016-09-11T07:04:09Z,5
A Google user,Been using for years keep up the good work.i love grab,,2021-03-13T15:03:18Z,5
A Google user,Hard to coordinate map,5.139.1,2021-03-08T06:44:44Z,4
A Google user,Muraahahh enaaakk,5.106.0,2020-12-04T13:16:28Z,5
A Google user,Fantastic app! Very smooth and easy to use. Should offer more promo codes.,v3.6.7,2015-12-22T01:32:44Z,5
A Google user,bodoh,,2019-08-02T12:42:04Z,1
A Google user,driver doesn't want to accept my request even when there are alot of driver around my area,4.14.1,2016-11-26T14:22:20Z,1
A Google user,"Harusnya harga Grab Food di aplikasi dan di tokonya sama, inimah beda. Berapa kali pesan Grab Food masa harus nambah mulu gegara harganya beda, kan kesel juga. Ceritanya mau cashless tapi bututnya harus nambah cash ke driver. Parah sih. Yg sebelah lebih bagus klo soal food delivery.",5.17.1,2018-11-10T13:53:01Z,1
A Google user,I reinstalled this app but it wouldnt let me add my paymaya as a payment option,4.26.2,2017-04-30T01:53:07Z,3
A Google user,Good promo,5.54.2,2019-09-11T04:34:10Z,5
A Google user,"I was wondering for the past few days why my grab points is not increasing. And I just found out today that you won't earn grab points if you're using your bank cards. If there's a 0 star for rating, i would have gave 0 instead of 1 star. Ridiculous app!",5.109.0,2020-08-14T09:37:32Z,1
A Google user,Travelling using Grab... try it !,5.177.300,2021-12-05T15:47:43Z,5
A Google user,Saya suka Grab.. tpi saya tak suka sistem grab yg menindas Pemandu.. fare yang terlalu rendah dan pemandu tidak diberikan pilihan untuk memilih pelanggan...,,2019-08-01T02:25:14Z,1
A Google user,Pleasantly confusing,5.42.0,2019-05-05T21:23:01Z,5
A Google user,Grab car is always there for me. Thank you!,5.60.0,2019-11-20T09:31:50Z,5
A Google user,"Thank you Verymuch Grab, Very Accurate",5.49.0,2019-06-24T10:37:27Z,5
A Google user,Mbuh,5.11.1,2018-10-15T07:19:58Z,2
A Google user,之前可以放两个location不过现在不可以了 请尽快改善,5.128.2,2021-01-06T20:07:16Z,5
A Google user,nice apps.,5.38.1,2019-06-03T09:31:20Z,5
A Google user,Makin lama makin kaya sampah ni aplikasi ga jelas. Vouchers yg ada suka nggak keluar.. terus kalo keluar juga ga jelas yg mana yg bisa di pake. Buat simple aja.. pas masukin pilih Voucher langsung munculin yg di pake di merchant tersebut lah... jangan musti milih ga jelas...,5.156.0,2021-07-07T14:03:13Z,4
A Google user,"I can't log in to the app. Everytime I try, it always say that I have to use another social media account. I don't have another social media and another number. Plis fix this, grab!",4.40.1,2017-11-20T02:31:59Z,1
A Google user,My best partner!,5.09.1,2018-09-14T23:05:12Z,5
A Google user,great app .,5.34.0,2019-03-11T12:24:54Z,5
A Google user,"Kalau Bukan Karna Pak Sukardi Dengan Plat 3171 BYI sama Pak Anton Dengan Plat 3799 PFT. Mungkin Saya Ga Akan Rating Aplikasi. Tapi Karna Mereka, Pekerjaan Saya Lancar Dan Ga Ada Kendala Maupun Kehujanan. Thanks Banget Grab Udah Ngasih Saya Pelayan Terbaik Hari Ini.",,2020-03-05T10:09:11Z,5
A Google user,เรียกใช้บริการได้สะดวกและพร้อมให้บริการ ใช้เวลารอน้อยมากๆครับ ไม่ต้องเสียเวลาไปเดินทางหาเหมือนวินมอไซค์แบบเดิมๆเลย,,2020-02-24T14:30:08Z,5
A Google user,Terbaiks,5.63.0,2019-09-26T12:45:08Z,5
A Google user,great discount,5.44.0,2019-05-19T01:54:32Z,5
A Google user,"Fast, good & trusted.",5.126.0,2020-12-12T06:30:51Z,4
A Google user,no promo can be used,5.113.0,2021-09-02T12:39:32Z,1
A Google user,Want a safe and hassle free travel? This is it for you guys will never use taxi ever again ❤️❤️❤️❤️,5.65.0,2019-10-14T07:30:05Z,5
A Google user,It was on time and delivery rider is nice,5.159.0,2021-09-06T17:31:00Z,5
A Google user,Misleading messages from the app that you won something when you really didn't. Do better Grab.,5.243.0,2023-03-08T15:56:24Z,1
A Google user,Very helpfull to support my mobility,,2018-11-24T08:47:52Z,3
A Google user,Very convinient application.,4.26.0,2017-04-30T07:28:53Z,5
A Google user,"It's good , safe , useful",4.44.1,2018-06-09T09:16:40Z,5
A Google user,N/a,5.09.1,2018-12-08T10:56:07Z,5
A Google user,Superb App!,5.00.1,2018-07-16T09:19:50Z,5
A Google user,Grab cancelled order and not inform us even though driver accepted. Its 7:30pm and all restaurants will close due to Covid-1984. We ordered around 6:30pm. Not happy at all as nothing open and we have no food.,5.85.0,2021-08-28T12:28:52Z,1
A Google user,"When there are no other options, glad there's grab.. Thanks!",,2019-08-30T16:07:54Z,5
A Google user,Easy to Move around the city,,2018-09-03T00:31:05Z,5
A Google user,Very helpful apps,5.70.1,2019-11-14T05:20:14Z,5
A Google user,quite reliable app except at the airport,5.52.1,2019-07-15T19:20:34Z,4
A Google user,good and fast delivery,,2019-07-08T04:01:59Z,5
A Google user,its very helpful and very easy to use,,2017-01-22T02:02:56Z,5
A Google user,Nice !,5.87.0,2020-03-13T02:51:02Z,5
A Google user,"Lol.. I can't login into grab account it said ""... Have a multiple accounts on this device"" but I don't have a multiple accounts lol fix it.",5.16.1,2018-10-27T01:43:18Z,1
A Google user,astig,5.38.1,2019-04-24T05:13:59Z,5
A Google user,huaaaa bagus skaliii.tapi sayangnya. promonya ngeselinn. kadang kadang bisaa. kadang kadang tidaakk wgwgwgwgwgwgwggwgwgagwgagga,5.53.0,2019-07-15T08:07:58Z,5
A Google user,Andalan gue lah... Lebih murah dari sebelah,5.66.1,2019-10-19T08:59:32Z,5
A Google user,"Your server got problem?rubbish grab, contact driver button vanish?",5.38.1,2019-04-05T12:32:40Z,1
A Google user,"Food were great, seller followed instructions. Rider polite and prompt.",,2021-10-19T13:38:19Z,5
A Google user,Staff very polite n considerate. I'll also consider dine in as it's really a family friendly restaurant. Thank you again for your great service.,5.177.300,2021-12-08T04:47:25Z,5
A Google user,It will not let me add payment methods,,2020-11-21T06:51:18Z,1
A Google user,"Overall, I love this apps. It's easy to use.",5.151.0,2021-06-13T09:18:04Z,5
A Google user,Accurate destination & fix rate,4.17.0,2017-01-13T06:01:59Z,5
A Google user,Monopolized,5.139.1,2021-03-07T20:29:16Z,1
A Google user,This apps is incredibly awesome.. And easier for us to book..,4.35.1,2017-09-10T01:20:15Z,5
A Google user,Very helpfull app n lots of promo. I love it.,5.65.0,2019-11-15T17:04:03Z,5
A Google user,Best transportation tools,5.263.0,2023-07-21T07:52:23Z,5
A Google user,Thankyou kuya bait nyo po,5.76.0,2021-10-14T02:04:10Z,5
A Google user,Suka!!,5.44.0,2019-05-18T05:42:40Z,5
A Google user,Memudahkan.,4.24.1,2017-04-20T11:29:05Z,5
A Google user,"Your new system for grabfood ""preffered merchants"" is sucks.. i waited for 10 mins just to read the restaurant is busy.. just bring back the old system..",5.17.1,2018-11-03T09:55:35Z,1
A Google user,panget ng grag hystt,,2021-04-28T09:18:20Z,5
A Google user,convenient,5.36.3,2019-04-12T00:59:05Z,5
A Google user,"Overall, the interface is user friendly and most always upgrading your system at anytime",4.18.0,2018-04-08T10:45:00Z,5
A Google user,Good aplication,4.19.1,2017-02-24T02:57:41Z,5
A Google user,"I used for delivery yesterday and today when I open the app it shows me delivery sub menu, when I press back button the app closed. How am I suppose to get to the main menu???",5.20.0,2018-11-22T23:28:50Z,1
A Google user,"kadang suka dapet driver yg jauh, jadi lama nunggunya. padahal yg deket ada. itu aja sih kurangnya",4.37.0,2017-12-03T01:20:14Z,4
A Google user,MANTUL,5.42.0,2019-07-09T05:41:06Z,5
A Google user,More promotions pleasee,4.40.0,2017-11-19T10:21:42Z,4
A Google user,why can't i update it?,5.42.0,2019-08-04T04:54:13Z,1
A Google user,Please fix the crashing issues which happens evety few seconds...,5.09.1,2018-10-13T04:33:20Z,3
A Google user,Very useful. But needed more adjustment on apps to be more friendly user.,5.40.1,2019-07-10T13:59:51Z,5
A Google user,Aplikasi SAMPAH . PENJEMPUTAN LAMBAT . DRIVER TIDAK MAU TRIP JARAK DEKAT,5.116.0,2022-12-28T12:32:48Z,1
A Google user,Great app. Indeed!,4.21.2,2017-03-16T11:02:12Z,5
A Google user,grab susah cari,5.237.0,2023-01-23T09:20:54Z,1
A Google user,Oke bagus,5.150.0,2021-06-28T04:46:25Z,5
A Google user,"if u forget something in the cab, u only hope that u get it back because they can not control their drivers and you are only on the mercy of the drivers...worst services.",5.51.0,2019-07-06T03:18:02Z,1
A Google user,It is a great help. thank you.,5.52.1,2019-07-13T01:55:48Z,5
A Google user,"It is not us who need to update the address, its yours. I check on google map and I saw my address is there. I tried to pinpoint my address,but your app automatically move it to another location. Please, stop telling us to update the address and update your map database. It cause so much misunderstanding between us and the driver. The new chat system with automatic translation is worse and not knowing how to turn off the automatic translation. I need the old grab app :)",,2022-06-08T21:42:51Z,1
A Google user,They have not service.,5.232.0,2022-12-24T06:39:04Z,1
A Google user,Lifesaver app,5.90.1,2020-07-20T09:39:26Z,5
A Google user,Very Convenient but i just hate when they cancelled my bookings.,5.64.0,2019-10-14T05:21:47Z,5
A Google user,Best transportation + food delivery + item delivery + e-wallet so far. Especially the E-wallet system is friendly and regurarly updated. only down side is too less reward...,5.36.3,2019-03-19T11:43:53Z,5
A Google user,Fine,4.42.0,2017-12-16T10:32:44Z,4
A Google user,"没意见,烂公司",5.255.0,2023-05-30T15:30:11Z,1
A Google user,"Seharusnya opsi ngebatalin orderan itu ada dipenumpang bukan di driver, driver semena-mena ngebatalin order, penumpang terlantar",,2017-03-21T12:40:45Z,1
A Google user,"Hi there, to install an app , its asking for facebook, gmail account and phone number. How if the people dont have a facebook account. You should make us to choose either one from this three! For what sake you all asking for this three and make our life too hard. Please concern about this. Furthermore, when i want to look for a solution , its apppearing with a stupid google docs question !! Is it help us to fix the problem. Why the hell grab is taking a huge and long process to get in the app.",5.37.1,2019-04-03T04:51:19Z,1
A Google user,so helpful app but sometimes so lemoooot...,5.45.1,2019-05-22T03:02:17Z,5
A Google user,review time,5.233.2,2022-12-23T05:59:02Z,4
A Google user,A lot more easier to move around,5.108.1,2020-08-04T23:37:49Z,5
A Google user,"This app app well made, easy to use, good services and the drivers are very generally, really I like Grab, keep it up and thanks",4.37.0,2017-10-08T14:40:11Z,5
A Google user,easy to book,5.209.0,2022-07-13T03:49:30Z,5
A Google user,Please remove feature driver can take multiple order at the same time. I rather pay more rather than waiting for an hour to wait driver queue in resto and another hour for delivery queue. This feature suck. Or let us chose to find another driver if they have order already!,5.71.0,2019-12-21T06:54:53Z,1
A Google user,"fast,polite drivers",5.137.0,2021-02-27T02:34:15Z,5
A Google user,It is great.. just disappoint on my most recent order.. items were missing and the food is cold. (Wendy's-BF Homes),5.120.0,2020-10-26T17:24:41Z,5
A Google user,"Only use this app when I need transportation once in a while. Whenever I try using it, it gave me problems.. Now, it cannot be updated! Super annoying app.",5.189.0,2022-06-10T01:52:37Z,1
A Google user,"irresponsible. become worse & worse services. just know how to take order, but when there is a problem, become ignorance to user. will stop using this idiot service",5.249.0,2023-04-26T03:00:37Z,1
A Google user,rekan grabfood tolong diperbanyak,5.36.3,2019-04-01T11:41:44Z,3
A Google user,Yaelah apa ini nyuru masukin selfie sama credit card info kek scammer aja,5.166.0,2021-09-19T15:58:47Z,1
A Google user,"Poor delivery service on grab food, as I get the delay delivery many times due to rider have to delivery 2 orders and the delays delivery is almost an hour not few minute. Grab ask me to pay extra for premium delivery to avoid any delay delivery cause.",5.193.0,2022-03-17T06:01:50Z,1
A Google user,Easy to use n helpful,4.44.1,2018-02-13T02:38:39Z,5
A Google user,I'm using Grabfood most of the time and i like how Grabfood continuesly give its user lots of promo. #nocomplain,5.151.0,2021-08-12T06:17:57Z,5
A Google user,I cannot log in,,2020-09-15T04:52:54Z,1
A Google user,Best service provided,4.39.1,2017-11-10T17:06:44Z,5
A Google user,So far good,4.34.1,2017-09-25T00:19:08Z,5
A Google user,Iyaz del,,2016-11-28T04:32:52Z,5
A Google user,"setelah update promo code bisa dimasukkan tapi harga ga berkurang dan juga sering cancel tapi saldo ovo udah berkurang dulu, harus nunggu lama buat saldo balik",5.75.0,2019-12-20T01:27:08Z,1
A Google user,Improved service. Keep it up.,5.147.0,2021-07-11T08:35:36Z,5
A Google user,nice personality,5.174.0,2021-11-26T01:15:50Z,5
A Google user,It says check you settings no internet connection although i have stable connection help me out to fix it,v3.7.2,2016-02-05T11:55:52Z,1
A Google user,it's pretty good cause i can go everywhere with easyly .. and it's easy to use,4.37.0,2017-12-29T16:00:58Z,5
A Google user,drivers are responsive enough. pls add tool to enable tipping the driver in grab food,5.45.1,2019-05-23T00:33:18Z,4
A Google user,All right,5.271.0,2023-09-19T16:51:55Z,5
A Google user,Useful app but the verification for the grabwallet isn't the best. I've submitted my valid ID countless times but it still says that they couldn't verify it. Just gave up unlocking the feature as it isn't crucial anyways.,5.111.0,2020-08-26T07:50:46Z,4
A Google user,What a useless service. If a location is wrong what a customer can do for your stupid navigation. Charging me for without delivery is nonsense. I will find a way to charge grab,5.121.0,2020-11-11T01:46:37Z,1
A Google user,mantoel,5.18.2,2019-04-05T06:17:53Z,4
A Google user,Easy and convenient!,5.144.0,2021-04-17T03:51:57Z,5
A Google user,serveic well,4.13.1,2016-11-14T03:17:37Z,5
A Google user,Tested on non peak and from West to airport so it's quite a lucrative pick up. Nonetheless worked well. Cabby very prompt and called to confirm prior with sms upon arrival.,v2.0,2014-03-18T23:21:05Z,5
A Google user,Expensive cost even the destination quite near. disappointed.,5.192.0,2022-05-11T22:54:18Z,1
A Google user,Kuat slow service kecewa betul tpksa jalan kaki pergi ke tmpat dituju,,2023-01-20T09:24:09Z,2
A Google user,Friendly driver. Excellent service !,5.271.0,2023-09-17T23:58:37Z,5
A Google user,"Worst, it suspended almost all of my accounts and said there are abnormal activities without even informing me what kind of activities are those. Now I can't even order and open acc due to the suspension.",,2023-08-28T06:08:30Z,1
A Google user,Respon driver cepat. Tp sering kali map lokasi keberadaan driver tidak sesuai dg posisi updatenya. Driver terlihat jauh dan butuh waktu bbrp menit utk sampai tp ternyata dekat.,5.76.1,2020-02-26T13:51:19Z,4
A Google user,very affordable.,5.57.0,2019-08-27T18:26:25Z,5
A Google user,I cant add UOB KF card into grab and also Amex cant be added. Grab is more pricey than competitor. From airport to Mountbatten grab is 26 while competitor only 16,5.46.1,2019-05-29T14:00:34Z,1
A Google user,helpful app. love u,5.53.0,2019-07-19T10:00:12Z,5
A Google user,New update is not very user friendly but I manage to use it at the end.,5.65.0,2019-10-10T23:46:57Z,5
A Google user,tingkatkan,4.12.0,2016-10-28T10:24:01Z,5
A Google user,Very safe,4.37.0,2017-10-17T13:00:59Z,5
A Google user,Very helpful apps.,5.69.1,2019-11-24T09:11:09Z,5
A Google user,Mantap...jooss..perbanyak promonya...,4.13.1,2016-11-11T11:58:24Z,5
A Google user,"Cancel karena Odd-even policy, tapi tetap diberikan plat yang tidak sesuai",5.260.0,2023-07-07T00:25:40Z,1
A Google user,Easy and convenient. The drivers are helpful. Highly recommended,5.245.0,2023-03-24T13:25:55Z,5
A Google user,"Saya menggunakan aplikasi grab makanan, Sisi positif ongkos kirim murah ketimbang Go-Jek sisi minusnya pengemudi sering menyuruh saya untuk membatalkan order karna pengemudi grab males mengantre,TDK seperti Go-Jek yg tancap gas",5.59.0,2019-09-04T07:09:52Z,2
A Google user,"Dislocated GPS Gps dislocated and error many times, and ist anoying me",5.71.0,2019-11-26T07:12:55Z,2
A Google user,"Hi, im from indonesia. I was a satisfied customer until today. I subscribed to a unlimited flat delivery package and made grabfood order at mcd today but there was no deduction. Contacted the service center and they said they will investigate and told me to wait for 3 days. Hmm cant expect that they will get back to me",,2023-04-27T13:17:03Z,3
A Google user,"What wrong grab? I'm trying to register multiple times and it keep saying that I register a wrong code. I'm really urgent needed it. Please grab, improve your system",,2018-05-16T08:19:05Z,1
A Google user,"The cancel order option for food is useless. I cancelled my order right after placing it. I went through the options and finished the cancellation yet my order is still active. I chat the rider to inform. Then I ask for help in help center, but the chat response is slow, to the point that the rider already called that the order has been placed. Frustrated.",5.120.0,2020-10-27T04:04:47Z,2
A Google user,Thanks It's for me use full,,2018-02-09T10:12:01Z,5
A Google user,This is for Grab Indonesia. I dont know in other countries. The CS never responds my query or complaint.,v3.6.8,2016-02-14T02:50:03Z,3
A Google user,Murah dari Uber,4.42.0,2017-12-16T12:47:42Z,5
A Google user,Ang pangit na ng sistema nyo grab ang tagal na mag booking. Laging umaabot ng 30mins wala padin. Bat ganon nagbago na . Tas ung mga driver pa panay cancel,,2019-12-08T06:29:35Z,1
A Google user,SMS authencation not working in danang,4.14.1,2016-11-29T11:45:55Z,2
A Google user,"Responsive app, updated info and user friendly UI",,2019-11-08T11:30:40Z,5
A Google user,Great application,5.128.2,2021-03-24T09:57:32Z,5
A Google user,Super apps!,5.48.1,2019-06-12T11:33:36Z,5
A Google user,where can i write the promo code ? the app have updated and i cant found where to type in.,5.46.1,2019-06-01T05:21:12Z,3
A Google user,Let passenger also have the star system. Let the driver give the comment.,4.29.1,2017-07-06T15:22:55Z,4
A Google user,"I've been using Grab like since forever, however these past few days, I'm unable to pay for my mobile prepaid despite the fact that I have 140 MYR balance in my grab e-wallet. This just pissed me off",5.104.0,2020-07-14T06:03:35Z,1
A Google user,I don't like it,,2017-11-18T03:36:33Z,1
A Google user,"good, but lately the promo doesn't work",4.33.1,2017-08-23T14:40:04Z,4
A Google user,Grab its very useful for everyone...,4.6.4,2016-07-03T03:55:08Z,5
A Google user,Drivernya lama kalo antar makanan alasan dapat gabungan,5.107.0,2020-08-04T11:06:05Z,2
A Google user,mantab,5.47.1,2019-05-31T10:22:23Z,5
A Google user,Helpfully aplication... so far so good,5.55.1,2019-12-16T10:31:39Z,5
A Google user,Gg,,2020-01-28T08:28:08Z,5
A Google user,I don't like the new payment method. It's a hassle for most of us. Now I can't pay on hand. I had to link an account or use grab pay. Mga mayayaman nalang gumagamit ng app na to mag tataxi nalang ako,5.98.0,2021-02-16T06:47:50Z,1
A Google user,Suka suka,,2016-07-19T13:31:26Z,5
A Google user,TRASH AS HELL. SOBRANG ARTE ANG DAMENG REQUIREMENTS HINDI KAME.MAKAPAG CASH IN DAHIL LAGING KELANGAN NG VERIFICATION STUFF. TOL PANO PAPASOK MAGULANG KO SA OFFICE NYA?,5.121.0,2020-11-04T22:38:24Z,1
A Google user,"Give us back the previous affordable grabfood subscription plan, now it's getting so damn expensive with complicated *terms and conditions apply*",5.88.0,2020-03-21T04:52:00Z,1
A Google user,saya tdk bisa memesan grab krn tidak ada kotak utk memesan baik d grab bike/grab car,5.43.0,2019-05-13T00:24:09Z,1
A Google user,But its work most of the time.,4.11.1,2016-10-06T10:37:52Z,4
A Google user,Good service provider,5.54.2,2019-07-23T08:10:21Z,5
A Google user,v reliable n convenient 4 short distance travelling,5.136.0,2021-09-08T06:09:56Z,5
A Google user,sometimes good sometimes bad,5.44.0,2019-05-21T15:24:56Z,3
A Google user,Menu restaurant tidak lengkap,5.59.0,2019-09-03T09:36:05Z,2
A Google user,Need to update,4.47.1,2018-04-02T09:59:05Z,5
A Google user,So far was good.. Even if the food prices was quite high.,5.39.0,2022-08-12T00:46:29Z,5
A Google user,Sangat membantu dalam transportasi.. murah,4.43.1,2018-02-16T02:06:58Z,5
A Google user,Enak bikin perjalanan gampang dan murah,4.17.0,2017-01-17T04:53:10Z,5
A Google user,thank you po kuya. ingat ka po,5.258.0,2023-06-29T11:21:16Z,5
A Google user,"Very good application, it's so helpful for me 🥰",5.263.0,2023-07-24T06:29:35Z,5
A Google user,"Stupid Grab, you doin nothing but sucking driver blood. Updating system is bothering driver. Can not end trip while customer ask for it, they doing it it for many times for traffic reason. Driver has to wait in line for calling customer service because they're busy answering other driver for same issues. Grab, your application and company is suck! You live by made driver living in misery.",,2019-08-22T09:46:28Z,1
A Google user,Penyelamat masa,5.134.0,2021-01-30T05:03:02Z,5
A Google user,"But the drivers are very picky and most of the time have a lot of side comments regarding the booking they made. saying ""nagkamali po ako ng booking or napindot ko po etc..""",,2015-09-02T16:35:45Z,4
A Google user,tingkatkan lagi,5.44.0,2019-06-20T02:51:20Z,4
A Google user,Tingkatkan lagi khususnya driver dan promo,4.23.1,2017-06-03T05:50:00Z,5
A Google user,"Was a better app. Lately i need to keep waiting for 10-20 minutes, waiting for driver to drop passenger to somewhere quite far. Getting more expensive but waiting time become much worse.",4.41.0,2017-12-09T06:51:07Z,3
A Google user,"Very often the drivers won't pick the passengers when i input a promo, they only came when i erased it",4.29.0,2017-07-04T06:07:35Z,2
A Google user,all you need to survive in jakarta,5.43.0,2019-05-10T04:16:24Z,5
A Google user,Ga pernah bisa dipake kode promo untuk Grabbike atau Grabcar nya.. padahal setiap hari pagi dan malam saya pakai Grab untu berangkat kerja,5.177.300,2021-12-12T22:08:32Z,4
A Google user,Teruk letak harga lain bila tekan harga lain,5.199.0,2022-05-02T03:21:17Z,1
A Google user,Grab car is the best. Drivers are more polite and attentive. Cars are in better condition too.,5.68.0,2019-10-31T02:40:26Z,5
A Google user,So convenient and reliable transport system. Hope that you replace the ordinary and traditional transport system in the Philippines.,4.34.1,2017-09-12T06:28:05Z,5
A Google user,I like grabpay credit and I like to go anyway,5.10.0,2018-09-18T08:18:16Z,5
A Google user,Vert good,5.76.1,2020-01-07T11:46:16Z,5
A Google user,Better,5.59.0,2019-09-08T06:31:39Z,5
A Google user,Good Faster,5.206.0,2022-07-05T18:19:39Z,5
A Google user,DunRun,,2017-08-22T02:00:37Z,5
A Google user,"tolong dibiasain, kalau nabrak mobil orang tanggung jawab, jangan kabur, jangan mau nya mukulin orang saja, memangnya jalanan punya kalian?",5.60.0,2019-09-15T10:42:03Z,1
A Google user,oo,5.190.0,2022-06-20T06:30:44Z,5
A Google user,Make it easy,5.59.0,2020-01-14T17:18:57Z,5
A Google user,I'm in Malaysia and they give a reasonable price for everything,,2019-08-28T06:48:06Z,5
A Google user,nice & good driver,,2019-07-12T18:26:28Z,5
A Google user,The map & vehicle pinpoint improve..totally great..,5.141.0,2021-03-27T03:19:24Z,5
A Google user,cmi server cant even access main portal,4.31.0,2017-07-18T00:11:08Z,1
A Google user,I think this app gave us something.,,2018-02-19T23:45:50Z,5
A Google user,"Grab only show order history in one month, it stopped from looking for my favorite merchant if i forgot it name. What's the kind of tech-base app is this?",5.166.0,2021-09-29T03:26:32Z,3
A Google user,"Drivers just don't turn up, they accept but leave you at your place. Never had that with the one before",5.11.0,2018-09-22T12:35:14Z,1
A Google user,Too expensive..miss the old one which have many promo code..,,2018-11-20T03:59:00Z,1
A Google user,"Keep getting me to update the version. However, its not responding after the click. Been lock out for quite sometime saying network issue. Unistall the apps but not able to re-install. After clicking install, it keep coming back to the same page. Been taking taxi for the past 2 weeks though.",4.43.0,2018-09-01T14:01:34Z,1
A Google user,"mudah didapat, mantap Grab",v3.8.2,2016-09-17T01:34:00Z,5
A Google user,Prices are too high. They used to be cheaper and commuter-friendly. Too capitalistic and monopolistic.,4.50.1,2018-05-06T17:24:01Z,1
A Google user,I liked it but how to get the grab rewards because i dont see there is grab rewards option in my app,4.17.0,2017-01-11T15:57:27Z,4
A Google user,keep good work,5.84.1,2020-02-24T09:45:32Z,5
A Google user,The best app for taxi services in Kuala Lumpur . Safe and cheaper than random taxis,5.65.0,2019-10-10T18:20:43Z,5
A Google user,easy to ride,,2020-01-06T03:19:56Z,5
A Google user,the best app,5.134.0,2021-02-07T14:14:27Z,5
A Google user,Salamat,,2021-07-24T04:17:00Z,5
A Google user,#grabkeren,5.63.0,2019-09-23T01:28:48Z,5
A Google user,Please update your mapping point,,2017-11-16T07:30:44Z,4
Na********la,"tb2 app gabisa dipake, suruh update tapi nggak bisa di update. saldo ovo saya gatau ni jadinya gimana",5.95.1,2020-05-11T09:49:57Z,3
A Google user,"December 2021 - as i want to order food, the only payment is Cash, whereas i already have enough in my wallet and have linked my bank accounts, and all that. I dont have insufficient funds, my card details is correct and supported, i have make sure that my OTP and GrabPay Pin correct, and theres no outstanding payments. The support is freaking poor, always in queue, email doenst reply, over worst after service ever.",5.180.0,2021-12-30T05:03:00Z,1
A Google user,Why its hard to download? To many loading...,,2021-04-22T09:14:40Z,1
A Google user,just love this application so much,5.50.0,2019-06-28T06:39:02Z,5
A Google user,Please fix the notification!,5.150.0,2021-05-27T18:41:09Z,5
A Google user,Maxado n pahirap sa mga rider,5.180.0,2021-12-29T07:59:30Z,1
A Google user,Helpfully,5.60.0,2019-09-14T02:11:39Z,5
A Google user,Good .....,5.74.1,2019-12-09T07:36:37Z,5
A Google user,Very poor customer service,,2023-08-19T12:15:37Z,5
A Google user,If data it can't access,4.29.0,2017-07-19T03:40:05Z,5
A Google user,That's good,4.23.1,2017-08-15T13:32:53Z,5
A Google user,"From 160 pesos to 240 pesos, despite of so many fuel rollbacks, from my pick up pt which is at my work and home destination. Worst.",v3.5.0,2015-11-24T11:28:29Z,1
A Google user,easier transport,5.32.1,2019-06-17T23:46:08Z,4
A Google user,Awesome app!,v3.2.3,2015-09-19T02:48:30Z,5
A Google user,wowwonderfullenjoy,5.24.1,2019-01-09T03:41:21Z,5
A Google user,All in that best way,4.35.1,2017-09-14T07:43:54Z,5
A Google user,Cant upgrade as told and now no way can ride a grab.. So frustrating,5.103.0,2020-09-17T09:16:26Z,1
A Google user,A 'must have' app in KL,5.72.0,2019-11-30T06:26:04Z,5
A Google user,gσσd,4.42.1,2018-01-17T03:17:15Z,5
A Google user,Some place cannot use this stupid app,5.122.1,2020-11-24T03:13:05Z,1
A Google user,Cepat sampai.,5.177.300,2021-12-15T12:45:59Z,5
A Google user,ok pemilihan drivernya pakai yg protected,5.101.0,2020-06-26T12:33:16Z,5
A Google user,Sejak upgrade ni Alamat rumah dah betul tapi map nyee dah lain tempat .. Selalu salah! Sebelum ni okay jer sampai ke tempat yg dituju sekarang Kena explain kat org grab nak arah jalan mana? Kenapa makin susah ni? Tolong diperbaiki masalah map grab?,5.80.0,2020-01-20T14:42:18Z,2
A Google user,Okurrr lah,5.95.1,2020-08-17T17:37:34Z,5
A Google user,Wrong place.,5.239.0,2023-02-06T12:16:07Z,1
A Google user,grab cheat both passenger and driver,5.55.1,2019-08-03T11:33:32Z,1
A Google user,I hate this app,5.193.0,2022-03-28T03:53:08Z,1
A Google user,great apps!,5.45.1,2019-05-22T00:16:02Z,5
A Google user,"I created new account using my phone number and it seems theres someone using my phone number without my consent. With a default name ""Ed Montr""?",5.111.0,2020-08-22T02:47:57Z,1
A Google user,Thx 4 helping more people,5.16.1,2019-05-29T11:18:31Z,5
A Google user,Very helpful to our life,5.84.1,2020-02-19T10:56:56Z,5
A Google user,"I cannot register with my number phone , I already use the correct code but the apps don't accept it",,2020-06-13T09:37:53Z,1
A Google user,The app got me a cab within evening peak hours and provided information of the taxi hp n GPS Location !,v2.5.2,2014-05-10T14:39:08Z,5
A Google user,Satisfied user and client...,5.19.1,2018-11-21T05:31:50Z,5
A Google user,"Grab used to be awesome and easy in all aspects... Quick to book, lots of cars, reasonable fare, easy to pin or search locations, can't view grab cars around anymore and drivers cancel your booking after a 20minute wait. You guys sucks! I used to love you now i don't",5.03.2,2018-07-30T13:27:20Z,1
A Google user,Good experience with grab,5.51.0,2019-08-26T08:27:45Z,2
A Google user,Please banget promonya ga keluar pdhl ada notif saya dapet grab. Tolong dong pihak grabnya,,2018-12-05T10:22:10Z,3
A Google user,Gro,,2019-10-04T02:33:58Z,5
A Google user,awesome..good and friendly driver,5.39.1,2019-04-12T07:08:44Z,5
A Google user,awesome ✌️,5.124.0,2020-11-29T01:32:14Z,5
A Google user,"The driver is fast and smooth, good job!",5.210.0,2023-04-10T05:40:39Z,5
A Google user,Friendly and efficient delivery!,5.265.0,2023-08-06T10:54:00Z,5
A Google user,Exlant,,2018-05-10T10:58:27Z,5
A Google user,disgusting,4.36.1,2017-10-04T01:13:50Z,1
A Google user,Helps me to get to the destinations across Asia fast and at a reasonable price.,4.24.1,2017-04-05T16:20:12Z,5
A Google user,Mr. Albert,,2016-12-05T08:41:41Z,5
A Google user,inconvenience with fix pick up location.,5.35.0,2019-03-09T03:43:05Z,1
A Google user,Thanks,4.17.0,2017-04-09T23:01:59Z,5
A Google user,KENAPA HARUS UPDATE MULUU SIH,5.58.1,2019-12-19T08:04:27Z,1
A Google user,Smart,,2017-08-10T04:36:56Z,5
A Google user,Some times happy with drive personelity,,2019-11-11T11:17:31Z,5
A Google user,"App is extremely difficult to use, automatically closes, freezes, or restarts on its own even with an updated version. Not to mention that the price doubles during surge.",5.67.0,2019-10-23T07:46:34Z,2
A Google user,why is there a saver option and standard option for delivery if food is going to take over an hour in standard anyways? dont make me pay extra for false promises smh,5.268.0,2023-09-05T04:00:52Z,1
A Google user,Please help me make booking again,4.32.1,2017-08-02T15:12:09Z,5
A Google user,"Pembelian paket voucher, disitu tulisnya buat grab bike. Sekali dibeli buat delivery express, ya mgkn saya gak baca dgan jelas. Tapi berasa ditipu. Hati hati. Ini kyk jebakan buat user yang gak baca dgan jelas. 60rbu gw terbang gtu aja.",5.73.1,2019-12-06T10:36:27Z,1
A Google user,Very reliable,v2.5.4,2014-06-01T22:45:12Z,5
A Google user,ayos,5.51.0,2019-07-06T09:42:04Z,5
A Google user,I cannot do the payment. Blank page only when I click for choosing the payment. (I already update the application),5.93.0,2020-04-26T07:31:26Z,3
A Google user,"Untuk promo, kadang tidak bisa di gunakan walaupun syarat dan ketentuan promo memenuhi (menurut notifikasi promo yang tercantum) Please fix the bugs",5.68.0,2019-10-31T14:24:36Z,1
A Google user,Satisfy the app for know,5.83.0,2020-02-15T14:34:51Z,5
A Google user,very nice!!!,5.03.2,2018-08-03T08:27:36Z,5
A Google user,Glad i found this app. Must download when in bali. It too helpful,5.84.1,2020-02-21T14:01:13Z,5
A Google user,it's safe and good for our transport ❤️ pls give us more promo,5.45.1,2019-05-22T03:02:11Z,5
A Google user,Very efficient service n sop compliant. Food was superb.,5.156.0,2021-07-04T04:12:16Z,5
A Google user,customer servicenya RIBET ya. kalau ada permasalahan pesanan seputar grabfood responnya lama banget!!! chat eror ditelepon ga angkat!!! akhirnya orderan ga sesuai karna ga bisa cancel!!,5.200.0,2022-05-15T11:21:35Z,1
A Google user,Very bad experience. Laging kulang ang order tapos wala man lang balik,5.247.0,2023-04-07T07:43:22Z,1
A Google user,Its my first time and its Horrible. Why add FB if I cant verify using facebook account?,5.202.0,2022-05-21T12:55:48Z,1
A Google user,Harus diuninstall lalu re install utk memesan driver,5.22.1,2018-12-11T09:57:31Z,1
A Google user,The drivers has not good attitude,5.19.1,2018-11-21T10:06:00Z,2
A Google user,I wish there are option for female driver,5.11.1,2019-05-17T09:16:48Z,4
A Google user,Awesome app after fix was updated,5.49.0,2019-06-16T15:44:28Z,5
A Google user,Pake ovo sering nolak,5.60.0,2019-09-20T10:53:08Z,1
A Google user,The driver canceled the trip the second he arrived on the pick up location. The app does not have a feedback form for this scenario.,5.236.0,2023-01-15T14:30:48Z,1
A Google user,I hope the rider can pin his exact location on the map for pick up.,4.49.1,2018-04-22T02:07:49Z,2
A Google user,excellent application. very helpful and useful,5.217.0,2022-09-19T00:34:49Z,5
A Google user,Easy to book ride,5.149.1,2021-05-23T03:21:50Z,5
A Google user,Good u,5.73.1,2020-09-21T11:14:01Z,5
A Google user,This apps has cheated me about using promo when i use points to get rm5 off promo.. It really makes me angry,4.51.1,2018-05-22T01:21:02Z,2
A Google user,I'm only using grab because they've bought over uber (SE Asia). The app crashes a lot and it lags at times. I hate how you're unable to check fares overseas which is a feature that only uber provides. Overall I wish you guys hadn't bought over uber.,4.48.1,2018-04-22T06:01:43Z,1
A Google user,"Compared to Go-Jek, this app response is tooooo sloooow.. otherwise, everything else is okay, for me",5.10.0,2018-09-19T07:59:13Z,2
A Google user,please add prulife to bills payment,5.197.0,2022-04-24T04:27:09Z,1
A Google user,"Grab is very good for Burger King. Many times the navigation for McDonalds poor. Wall ice cream should be deleted. They take order, driver goes there and after 30 minutes announce they are closed.",5.132.0,2021-01-22T11:22:03Z,5
A Google user,mabilis makakuha ng driver,5.268.0,2023-09-02T21:03:51Z,5
A Google user,Really working and good helping,5.65.0,2019-10-08T11:16:18Z,5
A Google user,Doble order bikin lamaa,5.106.0,2020-08-10T10:45:07Z,1
A Google user,"Im encountering some issues with the Gcash payment with Grab, where Im paying advanced for my car booking and if I didnt find any driver and choose not to book for another 3 mins or so. They will not return the payment I give. Second time, I ordered a food with a promo then paid it again with Gcash, I received the food but after I check and rated the driver. The Grab says I have pending balance with my transaction which is the same amount I paid. This is bad for us customers.",5.200.0,2022-05-15T07:39:13Z,1
A Google user,"Great personality, clean vehicle, good in communication",5.72.0,2019-11-29T05:56:04Z,5
A Google user,"Driver banyak yang nolak, 6x direject, niat kerja ga????? Customer service ga ada realisasiny, respon nol yah, buang2 pulsa gw, ke laut aja lu jauh2",4.50.1,2018-05-10T04:20:49Z,1
A Google user,"I have always been an avid user of grab, however recently, it has always been failing me in the smallest ways possible. Its service has also dropped a lot unlike the past where they were more customer oriented.",5.152.0,2021-06-10T04:27:05Z,1
A Google user,Anita betor,,2017-04-13T19:20:55Z,3
A Google user,Easy to use and helpful app...,5.79.0,2020-01-14T07:55:38Z,5
A Google user,Tolong buat voucher grabfoodnya minimal lebih kecil seperti 30 rb atau 40 rb ..... Karena sangat sulit jika kita ingin memesan makanan namun harga minimum nya 50 rb .... Tolong dipertimbangkan,5.73.1,2020-03-17T05:17:34Z,4
A Google user,Nice ride,5.227.0,2022-11-18T11:19:25Z,5
A Google user,Great app but map does not show true location of the driver.,4.24.1,2017-04-09T06:06:18Z,4
A Google user,Very Reliable,5.75.0,2019-12-24T12:54:49Z,5
A Google user,How come my app has no rate difference for grabpay and cash?,4.55.2,2018-07-04T18:07:09Z,2
A Google user,"its not working today, why?",4.36.2,2017-09-30T04:17:05Z,5
A Google user,"Still a little bit glitchy, sometimes it went off (blank) or just off in the middle of driver search and I have to open the app all over again.",5.40.1,2019-06-16T08:22:49Z,4
A Google user,Useless customer service. Bad service. They haven send the food to door. And say is customer false.,5.277.0,2023-11-02T03:41:50Z,1
A Google user,Gimana sih kenapa ga bisa di install,5.06.0,2020-07-19T11:29:34Z,1
A Google user,"Drivernya goblok2, kalo gamau nganter gausa nerima orderan",5.69.1,2019-11-12T06:27:40Z,1
A Google user,"Shipper thái độ kém, đối tác grabmart (Meatworld) nhận đơn xong để đợi 2 ngày thì bùng đơn. Trong thời điểm dịch, ko có khả năng nhận đơn thì nên báo sớm để người mua còn tính phương án khác, đừng hứa hẹn. Dịch vụ và thái độ quá tệ!!",,2021-07-16T04:17:52Z,1
A Google user,Easy apps,5.78.0,2020-01-14T01:30:33Z,5
A Google user,Excellent bfast respond,5.69.1,2020-03-27T03:40:34Z,5
A Google user,I rated a driver 5 stars but it was shown not even a star. It was kinda unfair for the driver as he deserved the 5 stars.,v3.5.0,2015-11-26T13:00:56Z,3
A Google user,"The instructions inside the apps always unclear, make customer confuse, especially for the subscription and promotions.",5.204.0,2022-06-07T16:38:18Z,2
A Google user,"App apaan ini.... Baru daftar kena suspend ...? Pake akun google, pake fb sama aja. Apa gara2 Ada promo gratis di weekend ? Jadi gini ?. GK LAYAK. Tolong di perbaiki",,2017-04-01T00:25:52Z,1
A Google user,"1. Unable to have an immediate contact fuction in emergency. They are so scare of ppl calling them. The apps had a glitch and cant track the delivery to go guardroom to pick up food. Hence food was just left at guardroom infested with roaches. No apology. Just offered a full refund. Am upset and close up the app, decided not to use it anymore. 2. Few days later, app auto made a purchase and payment! At point of time was with wife and FIL picking up kids. Phone in pocket. But was forced to pay",5.175.1,2021-11-24T00:47:17Z,1
A Google user,Grab suspended my account with unused 200 php worth of top credits. I hope they would refund my credits,5.11.0,2018-10-30T08:27:28Z,1
A Google user,Nice app and great service options.,5.268.0,2023-09-01T01:19:32Z,5
A Google user,Really tiring i had to log out after using grab if not i cannot launch the apps again and have to download it again,5.91.2,2020-04-09T02:21:58Z,1
A Google user,Good service good app That's all,5.67.0,2019-10-21T11:22:14Z,5
A Google user,i love grab since it been established ❤️,,2019-05-19T05:48:15Z,5
A Google user,I could not top up my grab pay using credit card. And I could not complain coz no menu in help center,4.37.0,2017-10-15T15:25:05Z,3
A Google user,udah nentuin titik tp malah geser titik terusss !!!! Gimana mau pesan klo milih titik mapsnya ga bisa,5.192.0,2022-06-05T11:24:48Z,2
A Google user,your location system suck!!!,5.173.0,2021-11-08T08:54:47Z,2
A Google user,If can book hotel with grabpay,5.21.0,2018-12-07T16:02:37Z,5
A Google user,well done,5.52.1,2019-07-20T07:31:51Z,5
A Google user,"If you are a foreigner travelling to the Philippines, you MUST download this app.",5.83.0,2020-02-10T06:40:15Z,5
A Google user,"Good apps, it's work perfectly",4.46.6,2018-03-22T15:14:13Z,5
A Google user,Memang Terbaik,5.200.0,2022-05-10T11:48:32Z,5
A Google user,Akan lebih Baik jika bisa kasih tips ke drivers via OVO/e-money juga ya,5.08.0,2018-09-26T16:32:11Z,5
A Google user,Terus kasih promo ya,4.29.0,2017-07-13T04:42:22Z,4
A Google user,"In the morning peak hours it takes me 20 mins to book a ride and when it does get me a ride, the price will be more expensive than taking a normal cab.",4.39.1,2017-11-07T00:20:50Z,1
A Google user,great. as expected,5.51.0,2019-07-06T09:29:31Z,5
A Google user,"makin lama aplikasi ini makin gak banget, mau pesen di rm padang argomulyo, di tampilan depan ongkir nya 4.000, giliran dah order ongkirnya jadi 11.000 ( ongkir di naikin dari 15.000 dulu baru dikurangi 4.000 = 11.000 ), alasannya biar banyak driver yg mau, padahal di gojek gak seperti itu, gimana ini, bikin males, mainnya gak fair.",5.117.0,2020-10-08T04:27:16Z,1
A Google user,very bad,,2019-10-14T12:00:25Z,1
A Google user,"The app frequently crashed recently, cannot connect to the internet, quit abruptly mid-use since the newest update. I use Grab on a daily basis so this is disappointing",5.146.0,2021-04-28T03:46:07Z,3
A Google user,Why cannot use,5.16.1,2018-10-29T08:44:16Z,2
A Google user,Good Job,5.212.0,2022-07-31T06:52:30Z,5
A Google user,Did as expected,v2.5.10,2014-11-03T05:55:09Z,5
A Google user,this is good,,2017-07-22T01:09:52Z,5
A Google user,This app is so lag when trying to pin where I want to go. I can't even pin where I want to go.,5.160.0,2021-08-04T02:48:21Z,1
A Google user,safe,5.50.0,2019-06-25T11:47:05Z,4
A Google user,best option in Indonesia for taking a ride,5.52.1,2019-07-11T07:11:05Z,5
A Google user,Slow respon,5.137.0,2021-05-20T00:21:52Z,5
A Google user,great motorbikes,5.272.0,2023-09-28T02:43:15Z,5
A Google user,It's better than other transports,,2017-07-25T07:20:16Z,3
A Google user,Grest App.,,2017-07-30T22:45:02Z,5
A Google user,"App history does not capture all rides. Some rides are missing. Hence, the rating for the drivers for these missing rides cannot be done. If the ride is fine, I guess it is ok but if you have speeding drivers or rude drivers, you cannot give feedback.",4.24.0,2017-04-04T11:43:02Z,3
A Google user,Good enough i guess. It's cheaper than other online transportation app. Make more discount please. Thx,5.35.0,2019-03-21T11:33:19Z,4
A Google user,I try booking the grabcar and it stated i have been banned from using and ask me to contact the support team to do a reactivation. I have aleast book 3 times from yesterday and today i could not even book a grabcar.,v3.2.3,2015-09-04T12:51:59Z,1
A Google user,"could not get past the message turn off screen floating in permissions. restarted the App half a dozen times, turned on and off the permission and restarted the phone. still could not get it to work.",,2019-08-10T22:24:11Z,1
A Google user,Everytine update the app cant open have to reinstall then have to pay for registration card again,5.65.0,2019-10-11T11:02:24Z,2
A Google user,usefull. great voucher,5.38.1,2019-07-06T06:03:24Z,5
A Google user,"Sometimes, not helpful most especially during 9pm onwards. We're waiting for so long, almost more than 1 to 2 hours.",5.74.1,2019-12-15T16:04:00Z,3
A Google user,Sometime is so hard to get d actual address..plz up gred all d location ..it took me 30min to get it n sometime i cant get it,4.18.0,2017-03-12T03:21:34Z,5
A Google user,"I don't use this app that often. Using Grappay is hard(impossible?) without debit/credit card. And without that, ordering food on Grabfood is impossible as well. Grab should implement Touch n Go eWallet option as well. But the reason I gave 5 stars is everytime I'm about to update, the description impresses me a lot. No other app could be much more fun to update than this. Well played Grab.",,2020-05-21T20:21:56Z,5
A Google user,"aman, nyaman, terpercaya... terutama grab delivery yang paling sering sy gunakan, sampai saat ini pelayanan sangat baik,cepat dan paket tiba dgn selamat...",5.42.0,2019-05-24T09:32:59Z,5
A Google user,"Gara2 satu pengemudi busuk, nila setitik rusak susu sebelanga! Uninstall. Install gojek aja lebih murah",5.58.1,2019-08-24T08:35:01Z,1
A Google user,Been banned for login even though i didnt use.,,2018-03-31T05:58:15Z,1
A Google user,Memang terbaik la,,2018-05-21T01:37:44Z,5
A Google user,"sudah pakai grab hampir 5 tahun, untuk promo grabridenya oke sekali, banyak diskonnya. cuma masih sedikit diskonan untuk grabfood dan grab marketnya. sukses terus grab 🥰",5.177.300,2021-11-29T06:48:23Z,4
A Google user,Trouble with account and phone support number won't work.,5.34.0,2019-03-04T09:09:03Z,1
A Google user,The application immediately crashes sometimes.,4.11.0,2016-10-01T07:23:03Z,3
A Google user,Sometimes got problems,5.81.0,2020-01-28T09:58:53Z,4
A Google user,Selalu banyak promo dr grabbike grabcar sd grabfood.buat yg sering mobilisasi seprti saya.ini sangat bermanfaat sekali,4.12.0,2016-10-16T10:53:17Z,5
A Google user,"Excellent job guys, more discount!",4.37.0,2017-10-13T08:51:05Z,5
A Google user,Error,4.8.0,2017-04-18T09:50:21Z,1
A Google user,riders dont bring enough change..customer will have to look for ways,5.274.0,2023-10-16T12:51:02Z,1
A Google user,"grab bike pelayanannya bagus, bahkan masih mau mengantar pesanan malam2 disaat ojol lainnya gak bersedia antar",5.51.0,2019-07-04T14:15:52Z,5
A Google user,"App might be good, but you can't change phone numbers or delete accounts, so if you accidently use the wrong number, you're out of luck. Plus, their ""promotion"" discounts don't work.",,2017-10-04T06:50:10Z,1
A Google user,no way to contact customer service. once the order has been completed theres no way tp report driver.,5.119.0,2020-11-08T06:42:08Z,1
A Google user,"Aku lapar, aku order, aku makan",,2021-08-03T09:27:43Z,5
A Google user,Driver cancelled the ride then why passenger to pay the penalty.. Bad services thankyou,,2021-04-21T06:05:53Z,1
A Google user,Wonder ful,,2020-09-17T03:06:57Z,5
A Google user,payment method is not reliable. i always register my card details for convenient payment but i dont know why my card details as payment method was always deleted. when i log off or change my phone the card details is not saved in the account and it charge 10 pesos everytime i enter my card details. hope you can improve this. with Uber all my payment details were saved even if i log off and it doesn't charged me 10pesos upon registration,4.53.1,2018-06-25T11:44:23Z,1
A Google user,luar biasa,5.209.0,2022-07-17T12:17:04Z,5
A Google user,mostly is fine but when use public wifi whole thing freezes. Coz i dont want to use up data i prefer to stream by wifi,5.31.1,2019-02-26T03:46:52Z,3
A Google user,"If there is urgent for ride ,there is no grab",5.266.0,2023-08-21T02:31:05Z,1
A Google user,Sangat membantu 🥰,5.137.0,2021-03-07T03:48:02Z,5
A Google user,"When I used Uber I would wait 3-4 minutes and my driver would take me to the exact location. With Grab I wait 15-20 minutes and the GPS is shocking. I wish Uber has bought Grab instead of the other way around. Literally Grab is more expensive, offers a much worse service and is extremely slow and unreliable.",4.48.1,2018-04-13T18:03:24Z,1
A Google user,"I'm a premium member, I used to get a lot of rewards every week but now I don't? What's the point of being a premium member then?",5.63.0,2019-09-27T10:50:13Z,2
A Google user,"Great app, good service. Platinum user for so long, and I just experienced very few inconviniences, and I don't think those can prevent me to rate 5 stars. Good job!",4.50.1,2018-05-14T07:08:47Z,5
A Google user,"Due to LACK of DRIVERS, GRAB HAS DECIDED TO LOOT THEIR CUSTOMERS. HIGH FARES ALL THE TIME. IT IS 1AM NOW AND STILL SHOWING HIGH DEMAND WHICH IS CLEARLY A LIE. GRAB DONT HAVE DRIVERS, ITS COMPANY'S GODDAMN PROBLEM, BUT ITS ALL GOOD COZ I'VE STARTED USING AIRASIA RIDES, TWICE CHEAPER ^^ ALSO GUYS, CHECKOUT MAXIM THE PRICES ARE NOT TOO BAD. I'VE MANAGED TO GET MOST OF MY FRIENDS AND FAM TO USE THE OTHER 2 APPS INSTEAD OF GRAB. GOODBYE OLD FRIEND, YOU WON'T BE MISSED, SHOVE IT UP IN NASDAQ, BC!",5.177.300,2021-12-15T16:57:05Z,1
A Google user,kinda expensive,,2019-06-09T13:16:31Z,4
A Google user,Picky driver.,4.53.1,2018-06-12T08:00:07Z,1
A Google user,"Pesen grab food 2 x, driver nya ambil 2 order sekaligus, sistem yang tolol, makanan jadi dingin dan lama bgt sampenya, dicancel juga gak bisa karena preferred merchant alesannya, fix Grab busuk, pesen GOFOOD aja, kapok....",,2020-01-26T13:34:07Z,1
A Google user,For now i dont have any essue of this apps.,5.53.0,2019-09-30T01:49:23Z,4
A Google user,Thanks grab. You guys so help us. Terutama bagi kami yg tidak memiliki kendaraan pribadi dan keterbatasan ekonomi.,v3.8.2,2016-03-22T12:46:42Z,5
A Google user,Grab car really safe for lady passenger,5.14.1,2018-12-05T10:52:50Z,5
A Google user,optional,5.54.2,2019-08-10T05:08:57Z,4
A Google user,Owsome,5.97.0,2021-09-10T02:13:26Z,5
A Google user,nice dali rah,5.266.0,2023-10-15T13:17:29Z,5
A Google user,Kadang terlalu banyak diskon ovo nya ketimbang diskon biasa,5.80.1,2020-05-14T10:03:23Z,4
A Google user,mostly drivers not move,5.180.0,2022-01-05T07:34:55Z,5
A Google user,1) customer has the right to know the taxi company. That info is either left blank by the driver or not available. 2) allow the client to choose whether they want to commit to the booking or not.,v2.7.3,2015-05-08T00:57:58Z,3
A Google user,Usefull app.... Thanks,4.19.1,2017-02-19T14:41:21Z,5
A Google user,Very help full,5.143.0,2021-05-30T09:34:17Z,5
A Google user,Everything works very well but for android we prefer full Malay language version like iphone...,5.260.0,2023-07-03T04:54:04Z,5
A Google user,Terkentut,5.50.0,2019-12-28T09:55:05Z,5
A Google user,"Since yesterday, Play Protect is flagging the app and automatically uninstalling it. Play Protect needs to be deactivated in order keep it installed.",4.19.1,2021-02-14T06:57:19Z,3
A Google user,I highly recommend him (sorry I forgot his name) bcoz he's very accommodating I accidentally booked wrong address my condominium in Eastwood City but I'm going to my house in Muntinlupa & I tried to change the address but something went wrong I can't change it. He took the risk of the penalties that your company might charge him because of the wrong route that will reflect in your system.,5.268.0,2023-09-09T10:18:27Z,5
A Google user,Checkout display need improvement to be more clear and better ux,5.168.0,2021-09-27T05:45:07Z,4
A Google user,Good driver n car,4.17.0,2017-01-12T04:12:05Z,5
A Google user,grab app always direct driver to the second entrance which is closed. i had to call grab driver every single trip and tell them how to get to the main entrance of xxxx xxxxx Residence. pls do sth abt it!!!,4.37.0,2017-10-09T05:58:46Z,1
A Google user,I love this app. it's very useful but the drivers are keep cancelling the trip if it's far. it's took my time and energy and sometimes I couldn't reach to the place right on time because of the cancellation.,5.14.1,2018-10-15T00:09:36Z,3
A Google user,Sampai ke sudah tak dapat kod,5.124.0,2020-11-26T02:49:18Z,1
A Google user,convenient and comfortable ride. great service by drivers.,5.245.0,2023-03-27T01:38:48Z,5
A Google user,tangina bagal,5.19.1,2019-03-23T04:15:40Z,1
A Google user,"why can't we order more than 1 services at a time, why",5.49.0,2019-06-18T04:26:30Z,4
A Google user,ok si grab kaso hangang ngayon hnd pa ako naka open ng apps ko kumpleto na ako lahat ng training at kit,5.100.0,2020-06-14T08:31:25Z,5
A Google user,Lancar jaya,5.66.1,2019-10-17T10:54:50Z,5
A Google user,"Do not ever use grab scheduled rides. You think by paying more you get a reliable service, but no, you still get them cancelling on you 20mins before they're supposed to arrive and being stressed because it was to catch a flight at the airport. Bad product, stick to on demand and open all ride hail apps because this is how they condition you until they can give a reliable product.",5.262.0,2023-10-09T07:19:16Z,1
A Google user,Guyyunit Jul brother mysteryjbet .8brewery my guy,5.215.0,2023-02-08T09:27:52Z,4
A Google user,"hello, there is no grab at my area??? my area is johor kawasan perindustrian. and i go city also no have. grab app got problem???????",5.28.0,2019-01-25T08:57:52Z,1
A Google user,"This app is always down most especially at rush hour period during the afternoon. App will tell you 100+ drivers nearby but when you try to book, nada.",v2.8.0,2015-07-07T11:25:24Z,1
A Google user,hindi makapagtop up anong nangyari,5.137.0,2022-05-25T17:13:00Z,1
A Google user,"Referral promo code hellograbid not working (gone) after clear data on apps. Before clear data it can be used. Notes : that code i never use before, only test if it can be use or not before clear data",4.8.0,2016-08-28T12:28:37Z,1
A Google user,"It's very good service, thank you!",5.128.2,2020-12-31T03:51:20Z,5
A Google user,"Right at the first time I change from Uber to this, it has network error. You guys really never reach the class of Uber",4.44.1,2018-04-07T11:23:17Z,1
A Google user,"Gk bisa update, ngulaaaaaaaaang mulluuu",5.97.0,2020-05-18T13:49:01Z,1
A Google user,steady driver,5.216.0,2022-09-03T02:31:54Z,5
A Google user,"After i updated the app, it gave me so much change for example the drivers could sent me a message thro the app. However, i often find the app lagging and kept saying couldn't find me a driver. So, when i arrived at home a driver called me that he already in front of my school gate. I told him the app just made a mistake because it was lagging and being error. I reopened my app and it didn't notif me that i got a driver. Polite? When i said i was sorry that it my mistakes too, he just cursed at me.",4.15.0,2016-12-10T12:38:33Z,2
Fa********us,"poor.. after top up my wallet, the balance not same.. need to update this app..after updating,all my order was lost.. and i can't make the same oder coz the shop closed the oder.. what happen if some one do no this apps need to update? And where the top up amount going???",5.96.0,2020-05-11T09:57:31Z,1
A Google user,"Amazing app, i hope this app fix gps prob, thx",5.45.1,2019-05-26T18:35:39Z,5
A Google user,Really hate the new design,,2018-08-13T11:44:22Z,1
A Google user,Cantik,5.06.0,2018-11-08T00:03:11Z,5
A Google user,Really easy and in most cases cheaper than just hailing a taxi from the street.,5.79.0,2020-01-18T03:01:33Z,5
A Google user,Tingkatkan lagi promonya,5.82.0,2020-02-11T03:58:05Z,5
A Google user,Very good service with reasonable price,4.50.1,2018-08-24T13:25:35Z,5
A Google user,PROMO BANYAKIN BANGSAT,5.33.0,2019-04-17T00:39:54Z,5
A Google user,Crash-fest,5.76.0,2019-12-25T05:28:13Z,1
A Google user,This genius app save me time and money. Thank you for your invention.,v2.7.3,2015-06-23T00:32:51Z,5
A Google user,seharusnya grab menjadi pionir dlm keselamatan berkendara..bnyk driver grabbike yg melawan arah..perlu ditindak tegas mitra driver seperti itu.,5.65.0,2019-10-09T12:29:21Z,3
A Google user,Good driver.,5.266.0,2023-08-21T02:34:45Z,4
A Google user,Very convenient to use!,5.63.0,2019-09-23T13:14:09Z,5
A Google user,"I am a grab driver, Unable to log in or Sign up, as error stated that my email address is being used. Yes, it being used BY MY GRAB DRIVER app!!! I don't think that I have to have another email for each app! Can't Grab verify the user's data and connect it together????",5.188.1,2022-02-11T00:44:04Z,1
A Google user,I can't use the grab food promotion code the the app send me. I have order food with price of the minimal purchase to use the promotion code but still can't use it.,5.49.0,2019-06-19T07:26:09Z,1
A Google user,user friendly with lots of improvements,5.49.0,2019-06-17T08:37:30Z,5
A Google user,Love you and thanks grab car,4.34.1,2018-01-18T04:49:49Z,5
A Google user,Kadang destinasi tempatnya ga tepat,5.40.1,2019-06-10T10:24:24Z,3
A Google user,Good for customer only bad for driver unfair for driver km Commission taking for driver to High20% Yes can get 15%Commission driver is more good,5.110.0,2020-08-23T06:38:44Z,5
A Google user,Trauma ! Sampe shock karna kurir grab express hari ini maki maki saya didepan banyak orang padahal saya sudah be nice .. tp tetap menyalahkan penerima padahal kesalahn dr sender . tolong bantu sounding attitude driver2 nya ya grab .. saya kesal karna ditunjuk2 dan di ancam .. gabisa komplain karna saha pihak penerima,5.215.0,2022-10-21T20:05:26Z,1
A Google user,My taxi coming in 3 minute. Bravo!,v2.5.5,2014-06-12T14:11:50Z,5
A Google user,Fair,4.45.0,2020-01-02T09:59:39Z,3
A Google user,App doesn't work!!,5.114.0,2020-09-15T14:45:33Z,1
A Google user,Not bad,,2017-05-09T04:31:56Z,5
A Google user,"I can say the experience for the customers is good but found a few problems: 1. please do something about those who cancel their orders on food delivery, because the ones who delivers just loses money and is just sad. 2. the app crashes",,2019-07-20T08:00:57Z,4
A Google user,"GPS always leading drivers to wrong place, wrong turn by turn instructions. Bookings disappear and worse of all, time limit to reach platinum member? Dont get it..",4.28.2,2017-06-15T06:47:32Z,1
A Google user,"Disistem dikatakan tidak ada bike driver tapi dikirim, membuat driver marah2",5.12.1,2018-09-28T04:39:27Z,4
A Google user,"Cannot verify my account. Confusing verification method. Snap picture horizontal, picture become vertical 🤔🥱. Submit verification, ask for full name, when the full name is not even there to fill in",5.107.0,2020-07-30T13:37:05Z,1
A Google user,ราคาปรับสูงขึ้นเกินปกติ,5.29.0,2019-02-02T08:05:55Z,3
A Google user,Get more promo,4.39.1,2017-11-11T03:13:02Z,5
A Google user,magpa promo naman kayo ang mahal nyo kasi eh.,5.63.0,2019-11-24T05:03:02Z,1
A Google user,"My order got cancelled 3x times, and no customer service agent was available for me to ask for help.",5.140.0,2021-03-22T06:34:59Z,2
A Google user,im very like using the grab. its easy,,2018-09-13T07:57:33Z,5
A Google user,"Nice app, really helpful, especially the promos and subscriptions",5.74.1,2019-12-16T01:06:10Z,5
A Google user,Banana,,2017-09-13T06:29:57Z,5
A Google user,Enjoy grab tq u so much,5.192.0,2022-07-03T12:09:19Z,5
A Google user,It says 20 baht booking fees but the driver charges 50 baht.,4.5.0,2016-06-02T11:07:24Z,1
A Google user,This application is helping me with the best of choice for local transportation.,5.20.0,2018-11-29T08:58:46Z,4
A Google user,กําหนดหมุดที่ใหม่ค่อนข้างซับซ้อน และบันทึกค่อนข้างยาก นอกนั้นดีมากครับ,5.133.0,2021-02-02T13:03:03Z,4
A Google user,GRAB SUX BIG TIME! Drivers ignore request n being choosy as they can see the fare n destination. All u GRAB guys do is just sit in ur office n listen to the ka-ching sounds while users feedback are not listened.,4.33.2,2017-08-21T12:34:39Z,4
A Google user,"I'm so thankful with this app, very easy to use and sooooo helpful, thank you so!!",4.6.2,2016-06-28T15:51:02Z,5
A Google user,k7,5.30.1,2019-03-23T11:06:25Z,3
A Google user,Wonderful service. Thank you X,,2019-09-17T12:25:03Z,5
A Google user,great. easy to use,5.50.0,2019-06-28T06:18:43Z,5
A Google user,Keep calling drivers but no one wants to pick up. Fix this you monopolized scum,4.50.1,2018-04-30T12:03:02Z,1
A Google user,user friendly,5.47.1,2019-07-20T01:25:01Z,5
A Google user,driver was courteous,5.50.0,2019-06-21T05:41:58Z,5
A Google user,sobrang maaasahan,5.37.1,2019-04-03T00:39:16Z,5
A Google user,Grab so good for me to go shopping mall,,2019-09-12T05:42:43Z,5
A Google user,kewllss grab!!!!,5.46.1,2019-06-01T21:34:41Z,5
A Google user,Very user friendly specially for senior citizens Thank you,4.42.1,2017-12-28T21:41:18Z,5
A Google user,Nothinf,,2017-11-15T08:28:27Z,5
A Google user,Bad app.,4.51.1,2019-11-05T13:21:18Z,1
A Google user,goood..,5.168.0,2021-09-29T10:38:52Z,5
A Google user,goodd,5.32.1,2019-02-25T08:16:33Z,5
A Google user,the promo make feel good,5.45.1,2019-05-20T02:45:02Z,5
A Google user,Lemahhhhhhh,5.194.0,2022-05-06T14:53:42Z,1
A Google user,"As a platinum user, very dissapointed with the recent encounter. Dont ever complete your grab challenge at the last minute. They limit the number of reward to a maximum amount. The challenge will just be expired on its own without notice, even before the challenge has expired. Moreover, their terms and conditions did not explained this. Contacted their CS to demand the reward (8,000 grab points) yet their explanation was useless and can even give 2 different answers. I'll use gojek now.",5.81.0,2020-02-10T12:03:42Z,1
A Google user,the apps force me to review,,2019-06-15T06:48:55Z,5
A Google user,Thx for every thing,4.18.0,2017-03-10T05:34:27Z,5
A Google user,interesting,,2019-08-06T13:23:56Z,5
A Google user,"Dispointed alway canot put my address on , cant make oder at all",5.137.0,2021-02-27T19:09:13Z,1
A Google user,can't use the promo,5.275.1,2023-10-25T07:23:54Z,1
A Google user,It takes to long to download this app. When it's already 99 it turns 0 again,5.74.1,2019-12-11T06:45:24Z,5
A Google user,Good app. Great response from whenever I used. Easy user interface now.,5.14.1,2018-10-17T11:03:26Z,5
A Google user,"I'm very disappointed with the payment of the app. I topped up ewallet for food with sufficient amount but when clicked to choose payment, nothing appears. I was charge for RM1 for the first time. I tried again the next day and reinstalled the app, same thing i was charged again for another RM1 and still unable to make payment. Worse experience ever especially when you're hungry n busy and spending time to figure out the problems and being charged for no reason.",5.54.2,2019-07-21T07:32:03Z,1
A Google user,"However, if only we can select multiple notifications to delete...will be great. Currently, I have to delete one at a time. Thanks. Regard Saras",4.15.0,2016-12-08T23:28:47Z,5
A Google user,jossss,5.69.1,2019-12-03T23:19:16Z,5
A Google user,It is very helpful because a lot of commuters in the Philippines needed to wait for too long just to make it in their destinations. But Grab helps us so much to travel easy enough everywhere. I love Grab!,,2018-06-13T07:31:04Z,5
A Google user,Hm,v3.7.2,2017-06-10T10:40:26Z,2
A Google user,"saya mau log in pakai gmail tidak bisa, akun Facebook tidak bisa,,,, masukin nomer HP malah balik lagi dari awal hedehh",4.53.1,2018-06-19T18:45:35Z,1
A Google user,"my food not even delivered. the rider claimed he contacted me. even im not reachable, doesnt mqke any effort to contact me throgh the app. garbage service",5.114.0,2020-09-18T16:50:50Z,1
A Google user,terlalu banyak update dan update nya juga lama banget,5.97.0,2020-08-28T12:04:15Z,3
A Google user,What happen ?why no driver for now,4.27.2,2017-05-14T11:15:56Z,1
A Google user,Gak suka tampilan barunya...lebih ribet..lebih enak tampilan lama..pakenya gampang,,2018-09-05T02:11:31Z,3
A Google user,"Hi, I can't seem to access the app after registering my name & email add. It shows location not found even after I turned on my gps location on my android. Does anyone know how I can resolve this? I'm using Samsung s10+",,2020-04-11T08:29:24Z,1
A Google user,fast and clean packaging,,2021-03-12T13:00:19Z,5
A Google user,good ride the best ever,5.35.0,2019-03-18T12:31:45Z,5
A Google user,"Grab is not revealing the exact arrival time of the driver so that customer dont feel its too long for the driver too arrive. It has happen many time to me. For example it happen today, it showed the driver will arrive in 8 mins, but actually the driver was still having another passenger , it took almost 20mins for the driver to reach to me",4.35.2,2017-10-02T23:17:06Z,2
A Google user,"Good apps, nice driver, keep it up!",5.59.0,2019-09-13T20:05:27Z,5
A Google user,Relaxing,5.72.0,2019-12-04T00:40:37Z,5
A Google user,"Please improve your system ,always cant request grab",4.51.1,2018-06-12T11:45:22Z,1
A Google user,Semalam saya dari klcc nak balik rumah kat pudu. Sy telah oder grap guna online bank. Selepas tu duit saya telah di potong sebanyak RM13 tp kereta grap tiada datang. Sy minta gantinrugi.. Kembalikan duit sy RM13,5.176.0,2021-11-23T01:46:58Z,1
Sá********nh,Đắt gấp đôi taxi thường,5.95.1,2020-05-10T23:29:57Z,2
A Google user,on time delivery,5.168.0,2021-09-29T11:01:26Z,5
A Google user,./.,,2018-11-21T02:29:50Z,1
A Google user,Why is student ID not allowed when getting verified? Can you please allow student ID,5.165.0,2021-09-11T17:50:05Z,3
A Google user,Service very bad,4.15.0,2016-12-09T12:36:09Z,1
A Google user,Alot of technical error,5.90.1,2020-04-01T14:49:06Z,1
A Google user,When grab food merged here: 1. It takes longer to confirmed an order 2. Order didn't get confirmed at all 3. Delivery place keep changing everytime i open the app despite I've selected my favourite delivery place. 4. Email notifications date and time are all same. Hard to keep track of the transactions. Please fix this fast!!,5.50.0,2019-06-24T03:23:00Z,5
A Google user,"This goddamn app is giving me stress. Keep on saying reset pin. Dude, there's nothing wrong with my pin.",5.177.300,2021-12-21T15:20:08Z,1
A Google user,very fast and safe,5.216.0,2022-09-04T16:25:35Z,5
A Google user,Thanks to grab for giving us promotion on free ride from april 18 to may 1. Really glad. Thank you. More success for grab.,4.1.1,2016-04-28T10:24:03Z,5
A Google user,"The moment I click book now, ""Sorry, Our drivers are busy"" will pop up. Not even a second, it seems thatvthere is something wrong with the app.",5.42.0,2019-05-05T10:51:16Z,1
A Google user,Such a bad experience. Eta for delivery shows 40min and it take more than 1hour and customer need to starve. There is no option for canceling the order due to late delivery. New driver is assigned after 30min order.,5.83.0,2020-02-17T05:05:20Z,1
A Google user,Excellent services,5.63.0,2019-11-29T00:31:21Z,5
A Google user,"Giler app ni... Nak order makan, tp dekat app dia point alamat rumah orang lain... Pastu dah siap tukar pun still dia buat alamat rumah tu jugak.. Kalau jiran sebelah rumah takper lah jugak, ni dia set rumah yg sebatu jauhnya. Takleh nak tukar. Terpaksalah order ngan Panda. No wonder ada kes customer maki rider walaupun bukan salah rider. Ini semua salah app developer. Developer babi.",,2022-09-25T03:39:41Z,1
A Google user,Thank you for this app. Serve as our Frontline rs. Salute!,5.80.1,2020-06-01T06:05:22Z,5
A Google user,Fee increased strongly in rush hours.,5.49.0,2019-06-18T07:03:11Z,4
A Google user,Fast and hassle free,5.194.0,2022-07-17T11:28:43Z,5
A Google user,Cannot do online banking,5.111.0,2020-08-28T04:39:21Z,1
A Google user,"Kesempatan memberi rate pengemudi terlalu singkat, mau kasih rate eh udah gak bisa. Gak bisa order lebih dari 1 saat bersamaan, jadi kalau mau booking harus selesai perjalanan dulu.",,2016-07-06T15:35:05Z,4
A Google user,Please make Grabpay could function even without turn on GPS to start the application,5.21.0,2018-12-06T08:05:10Z,3
A Google user,aplikasi yg sangat mempermudah semua urusan,5.198.0,2022-04-30T14:24:35Z,5
A Google user,Great and simple app. :),4.20.0,2017-03-04T04:00:24Z,5
A Google user,please fix your app,5.49.0,2019-06-16T11:55:56Z,1
A Google user,Driver never arrived. Waited for almost an hour.,5.177.300,2022-05-04T08:58:02Z,1
A Google user,Disable multiple order and I will change my rate to 5*.,5.190.0,2022-03-17T12:50:04Z,1
A Google user,ممتاز جربته في ماليزيا وبانكوك سريع وأمان,5.50.0,2019-06-26T14:49:07Z,5
A Google user,So bad.! My acaunt was suspend till now cannot open.. Better use Maxim than grab.. So waste my time..!!! Bad bad bad bad bad,,2020-09-08T14:10:02Z,1
A Google user,bagussssss,5.34.0,2019-03-23T12:33:28Z,5
A Google user,tip top service,5.180.0,2021-12-28T03:33:49Z,5
A Google user,VERY COMFORTABLE AND AMAZING SERVICES,5.112.0,2020-09-06T10:05:01Z,5
A Google user,"Fix your App, I couldn't even change my pin... email send was ridiculous slow and by the time I click it became expired link.",5.271.0,2023-09-17T01:51:25Z,1
A Google user,Enjoyable,5.73.1,2019-12-10T02:53:43Z,5
A Google user,Promo PHP,5.66.1,2019-10-17T11:17:06Z,3
A Google user,"Very approachable kya kht traffic, hnd Ka mabbored.",5.227.0,2022-11-12T04:30:01Z,5
A Google user,mantappu jiwa,5.35.0,2019-03-24T13:10:24Z,5
A Google user,Easy to eat And buy food,,2020-05-30T05:10:04Z,5
A Google user,This app was helpful although I for transportation and ordering food.,5.69.1,2019-11-08T02:43:58Z,4
A Google user,Share my Ride doesn't even work Thanks a lot,5.223.2,2022-10-20T05:11:23Z,3
A Google user,was the good transport,,2019-12-19T11:57:17Z,5
A Google user,great day,5.24.1,2019-03-14T14:26:08Z,3
A Google user,It's so helpful when I dont have some ride to go to some place. And for the ojek it's not too expensive for long ride.,v4.0.4,2016-04-15T16:40:02Z,5
A Google user,"I love how simple and efficient the app is. GrabFood is my fav! Good service, it's just that it's not available in some areas.. but then again, I totally understand why.",5.53.0,2019-08-09T07:22:39Z,5
A Google user,Please educate your driver to pick me up at the point stated on the application,5.275.1,2023-10-13T11:51:16Z,3
A Google user,very nice and helpful app,5.50.0,2019-06-26T11:51:50Z,5
A Google user,OMG... The price is getting really higher.. I really hate this app.From my house to sunway pyramid is only 5 mins by car but that one also you all are charging Rm 8-9. I'm unhappy with the service. Grab service is getting worse.,5.15.1,2018-11-12T02:06:15Z,1
A Google user,This app is very usefull,,2017-10-02T11:06:55Z,5
A Google user,Shocks. Sobrang useless ng grabcar feature. Kala ko ba para maging convenient sa mga user or costumer. Andaming available na car within the area walang gustong kumuha ng booking ko. Parang taxi yung mga drivers nyo namimili ng pasahero. Dapat kapag may nagbook na and may available driver pero ayaw kunin dapat kayo na mismo automatically ang mag assign sa kanila. Sobra akong nadidisappoint sa inyo esp sa drivers nyo. Grabe!,5.220.0,2022-12-25T05:23:25Z,1
A Google user,Verygood,5.159.0,2021-07-26T12:01:19Z,5
A Google user,"I really disappointed with this app. The time where I had my Cash-in in my wallet. Whatever verification process had retried still they don't approve it. I used my UMID ID to validate still its compromising. I have a lot of bills payment was scheduled and I can reach through this Wallet. Why? Are you holding my account? Can I still initiate my trust on this app? It's depressing, I can rely in times of emergency. Please your concern wth this problem is urgently needed. I had my overdue already",5.256.0,2023-06-13T00:54:07Z,3
A Google user,"beberapa hari ini terakhir sulit untuk booking driver,app-ny sering not-responding n sulit pinned lokasi penjemputan",5.24.1,2019-01-15T23:06:12Z,2
A Google user,Terbaikk,5.64.0,2019-10-02T09:56:27Z,5
A Google user,ABA NAPAKAHIRAP GUMAWA NG ACCOUNT SA INYO TALO NIYO PA FACEBOOK. ANO NANGONGOLEKTA KAYO INFO NG CUSTOMER NIYO? SA PILITAN NIYO HIHINGIN PERSONAL INFO PARA LANG MAKAGWA NG ACCOUNT!,,2020-05-15T05:43:14Z,1
A Google user,"i have tried creating an account for my mom but it cant. it's like a loop. i already used my google, phone number and even my facebook but it doesnt work",,2018-06-12T12:54:51Z,1
A Google user,Mantab,4.11.1,2016-10-06T15:21:01Z,5
A Google user,As of i enjoy and save my money..more taxi going to nandaue area,v2.7.3,2015-05-29T13:15:26Z,4
A Google user,Make everything easier,,2021-03-13T11:40:53Z,5
A Google user,Since Uber is out and Grab monoplize the market ive seen 30-40% increase in fare and no more promotion. Grab lost the investment and bring forth the commuter to pay for their failed investment shame on you.. monoploy at its best.. when 1 rule the market take advantages of the people..,5.190.0,2022-03-11T05:45:20Z,1
A Google user,What do 22 22 do 22 the most common,5.69.1,2019-11-10T10:02:08Z,1
A Google user,East,,2018-12-04T11:37:27Z,5
A Google user,"Gotta say, its pretty handy and helpful",5.52.1,2019-07-09T09:26:19Z,5
A Google user,"Improved from before, enjoying a lot of promotions",5.59.0,2019-09-08T14:38:36Z,5
A Google user,"Not Connect with my OVO pay, same profile/account...... Useless, better to Uninstall",5.160.0,2021-08-06T12:10:56Z,4
A Google user,coffee sedap n kaw,5.171.0,2021-10-21T04:34:33Z,5
A Google user,Great taxi app to get around,5.57.0,2019-08-22T01:31:07Z,5
A Google user,"Very poor driver experience, the driver is nearby but he take the wrong turn 3 times and can't be contacted. After that I cancelled the booking and booking 1 more, the second one the driver is not moving at all and can't be contacted. Wasting 30mins of my time for nothing. The driver have 5.0 and 4.9 stars. Fix your rating system.",5.192.0,2022-06-21T01:54:01Z,1
A Google user,Does not let me update. Not an internet issue since other apps were able to update,5.99.0,2020-06-20T04:33:39Z,1
A Google user,Stop asking passengers and drivers to wear masks. Covid is dead move on.,5.220.0,2022-10-14T05:33:00Z,1
A Google user,"It sometimes takes me 30 minutes to try to get the app to locate a home address, in either Thai or English. Very frustrating.",4.53.1,2018-06-22T14:30:04Z,2
A Google user,Aizs,,2016-10-25T16:53:56Z,1
A Google user,Grab has been getting better and easier to use(:,5.145.0,2021-05-09T12:44:29Z,4
A Google user,It's very helpful,,2017-05-26T08:01:42Z,5
A Google user,Tiptop,5.60.0,2019-09-20T06:30:47Z,5
A Google user,good laahh,5.38.1,2019-06-13T01:56:23Z,5
A Google user,"Flashback a lot, recently in Malaysia.",,2021-03-11T16:21:36Z,1
A Google user,really bad,5.55.1,2019-08-02T00:54:17Z,1
A Google user,Must have in every person,5.59.0,2019-09-05T05:57:12Z,5
A Google user,its ok,5.203.0,2022-06-04T22:40:37Z,5
A Google user,"udh beberapa kali bareng tmen dan sendiri... supirnya kebanyakan keras kepala orngnya, pelayanan ke konsumen sangat kurang, selalu di bawa sasar gak merekomendasikan",5.39.1,2019-05-31T06:42:13Z,1
A Google user,Disappointing and bad service.,,2022-10-26T08:55:04Z,1
A Google user,"Reason why I don't use Grab is because, 1) It doesn't show the exact cost for the ride when we book the ride. 2) Prices are insanely high. 3) Most of the promos are given only if we have money in grab pay. Will consider only if these issues are fixed.",5.45.1,2019-05-24T18:49:37Z,5
A Google user,"Good service, Thanks",5.120.0,2020-10-27T21:13:06Z,5
A Google user,Good apas,,2018-08-09T03:29:22Z,5
A Google user,I enjoy the ride but sometime several time i cant get a driver..it so frustrating...,4.36.2,2017-10-05T03:19:18Z,5
A Google user,The app is grade,,2019-10-29T05:39:10Z,5
A Google user,"Fast delivery, the rider is friendly and listen to instruction carefully",5.143.0,2021-04-11T14:18:30Z,5
A Google user,"Excellent, just move on, Ok !!",4.37.0,2017-10-26T15:53:09Z,5
A Google user,Where i cant find another app like this app GRAB sometime very slow..very difficult to find driver..and sometime the price not Ikey..,5.72.0,2019-12-01T01:32:24Z,2
A Google user,Gps not accurate. 8 minutes turns out to be 20mins. Your map right now is not working as well. It only shows the world map.,,2018-04-17T07:16:00Z,2
A Google user,Tried to sign up with either FB or directly with Referral Code but kept prompted to check my data and failed server. Do check your system if there are any bugs preventing new users from signing up. Thanks.,v3.6.6,2015-12-09T06:06:35Z,2
A Google user,Safe and comfortable,5.44.0,2019-06-15T08:46:33Z,5
A Google user,Cannot top up with OCBC paynow QR (error message that UEN is not registered with Paynow) or link bank account using Singpass (error message that there's an issue with the page) It's like the app is forcing me to key in my bank and card details.....,5.258.0,2023-06-18T02:23:05Z,1
A Google user,no advance booking for taxis,5.53.0,2019-07-22T09:19:16Z,1
A Google user,Setakat ni selalu naik sorang and Alhamdulillah just nice masih selamat untuk perempuan diluar sana,4.37.0,2019-04-08T06:34:12Z,4
A Google user,verry good app i like this app,,2019-11-24T15:19:12Z,5
A Google user,"kode otp utk login tidak masuk2, tidak pernah pakai lagi",5.127.0,2021-01-03T00:33:23Z,1
A Google user,It's very nice and it's very fun because I can see all food over there .,5.162.0,2021-08-18T05:17:58Z,5
A Google user,Kindly improve the pick up location and drop off bar,v3.6.8,2016-02-09T08:29:15Z,3
A Google user,Updated on nov22: the app very suck during the rain!!! Cant trace location correctly. Help centre is not helping at all!!! Complain ended one side without any closure and solution. Can't imagine if on a urgent situation..,,2022-11-09T06:28:13Z,1
A Google user,useful of course,,2019-06-07T13:38:53Z,5
A Google user,reliable so far,5.57.0,2019-08-11T08:26:55Z,5
A Google user,There are drivers who are not friendly but safely reach destination with the exact time,4.14.1,2016-11-28T12:55:05Z,4
A Google user,Holdings,4.6.7,2016-08-05T12:34:56Z,4
A Google user,"Kalo hp nya udah di block, mau login pake sepuluh account semua nya kena suspend, kok makin kurang bagus sih sistem grab, payah Gimana kalo orang nya suka gonta ganti(jual beli) ? 100 akun ke suspend smua ntar",4.28.2,2017-06-17T03:06:36Z,1
A Google user,"Give more promotion, untuk memudahkan pelajar..thanks grab.",4.41.0,2017-12-14T05:39:55Z,5
A Google user,ayaw mag pick up ng driver buseeeetttt,5.136.0,2021-02-23T11:51:56Z,5
A Google user,it app is so good,,2021-10-26T10:38:41Z,5
A Google user,Always amazing. Outstanding job.,5.51.0,2019-07-07T05:42:54Z,5
A Google user,"Lebih tingkatkan kembali untuk kenyaman penumpang, untuk promo atau potongan harga lebih jelas lagi dong, pernah seharusnya dpt potongan tapi saya malah bayarnya tetep normal, info potongannya baru masuk setelah saya bayar",4.15.0,2016-11-30T04:05:27Z,4
A Google user,Dapat code promo dr email tp gk bisa digunakan.,4.4.0,2016-05-23T15:36:26Z,3
A Google user,I'm obssessed,5.152.0,2021-06-06T15:45:59Z,5
A Google user,cannot cash in to top up grabpay. it has been 2 weeks.,5.174.0,2021-11-05T23:25:37Z,1
A Google user,I can't find my location. I haven't been ordering for a few months now because I can't find my address. I have saved it before but it's gone (somehow).,5.184.0,2022-01-23T10:08:10Z,1
A Google user,very nice App,5.35.0,2019-03-17T23:15:45Z,5
Ti***********ri,Saya sih suka sama aplikasi nya tapi giliran anak saya main iklan grab terus,5.95.1,2020-05-11T10:14:27Z,5
A Google user,It cant connect to server!!!,4.44.1,2018-02-09T03:20:17Z,1
A Google user,rafandra,5.35.0,2019-03-15T11:53:44Z,5
A Google user,Very useful and not expensive at all,4.5.1,2016-06-11T01:34:18Z,5
A Google user,Gud....,5.150.0,2021-05-20T09:46:52Z,5
A Google user,I am very happy with using grab,4.39.1,2017-11-13T14:29:49Z,5
A Google user,great........,5.51.0,2019-07-09T14:15:52Z,5
A Google user,Lumayan bisa menambah pemasukan sayang sampai kini akun saya belum aktif,5.99.0,2020-08-17T04:35:19Z,1
A Google user,good aap,5.45.1,2019-05-24T13:35:56Z,5
A Google user,Slow respons sekali untuk pelaporan mslh barang yang tertinggal...,5.51.0,2019-07-09T05:21:27Z,5
A Google user,thank you for making our lives easier,5.229.0,2022-12-03T13:47:33Z,5
A Google user,useless app cannot buy load in other place only in bacolod city lol,5.232.0,2022-12-22T13:02:02Z,1
A Google user,"Tolong dong location nya dibenerin. Kadang suka ga jelas, saya pick dimana, location nya tbtb ga sesuai.",4.43.1,2018-02-03T08:09:42Z,2
A Google user,Love the promos and rewards for regular customers. The ease of booking a ride makes Grab my top choice whenever I need to travel to my destination fast. Thank you.,5.49.0,2019-06-19T10:45:33Z,4
A Google user,Ok Ok Ok Ok Ok Ok,5.64.0,2019-10-03T09:22:35Z,2
A Google user,There are places that cannot be reached by grab,5.39.1,2019-04-05T08:59:05Z,3
A Google user,Very fast and happy,5.69.1,2019-11-13T08:33:25Z,5
A Google user,Suitable for modern life styles,5.121.0,2020-11-04T04:17:57Z,5
A Google user,"It's good but why I couldn't change my phone number? When I edit then below there show (unable to change please check your data) , my line full but couldn't change also",4.19.1,2017-02-12T03:46:17Z,4
A Google user,Very reliable app,4.8.0,2016-08-21T22:50:20Z,5
A Google user,Memudakan,4.40.1,2017-12-30T07:25:49Z,5
A Google user,"harga makanan di aplikasi jauh lebih mahal dengan harga aslinya, makanan yg ditampilkan di aplikasi jg berbeda dengan apa yg sebenarnya.",5.50.0,2019-06-24T05:13:03Z,1
A Google user,ane sui haaa,5.57.0,2019-08-21T10:06:35Z,5
A Google user,verry helpful,,2019-08-02T15:31:29Z,5
A Google user,My foods come with lovely notes. Beef coney so tasty,5.140.0,2021-03-16T22:18:14Z,5
A Google user,bnyak promo nya... love it!!!,5.204.0,2022-06-09T10:46:17Z,5
A Google user,Driver is polite and drives well without overspeeding. Overall a pleasant experience with no anxiety.,5.137.0,2021-03-02T11:09:51Z,5
A Google user,"ok, but now charges very high not like beginning",5.35.0,2019-03-21T23:29:15Z,5
A Google user,Semua pemandu sgt berhemah dan pernah kena seorang dua yang agak bersikap tidak sopan.. moga pemandu berkenaan berubah sikap dengan penumpang yang tidak sihat seperti saya ini.. sangat terkilan.. Pada pemandu yang lain saya sangat hargai keperihatinan anda.. terima kasih..,5.185.0,2022-05-12T02:26:04Z,5
A Google user,Unable to register,4.27.1,2017-05-12T04:22:47Z,1
A Google user,"60% Gold 40% bad service .when i usage my point then not accept my booking but i lost my point ,rabish.",5.40.1,2019-04-27T16:06:23Z,5
A Google user,So quick and convenient. I wish we had this app in my country..,5.69.1,2019-11-07T04:03:56Z,5
A Google user,I need..grab always my choice,5.18.2,2018-11-15T01:11:06Z,5
A Google user,"The system pick up a driver that seem to be very near in a straight line, but it took more than 30 minutes to reach me. This is inconvenient for both me and the unlucky driver. Pls look into this",5.177.300,2021-12-17T03:34:32Z,5
A Google user,i hope and pray that my PWD ID discount will be approved!,,2018-12-04T19:42:49Z,5
A Google user,Fast and efficient,4.11.0,2016-09-27T07:15:47Z,5
A Google user,Kalo malem agak sulit dapet drivernya,5.125.0,2022-05-27T21:20:07Z,5
A Google user,Alot of promo codes,,2021-02-01T14:41:55Z,5
A Google user,Fast & good,5.55.1,2019-10-22T13:23:34Z,5
A Google user,yes yes yes,5.47.1,2019-06-07T08:45:35Z,5
A Google user,Ahaha,5.103.0,2020-07-31T23:02:03Z,5
A Google user,At the moment Top-up in store or thru driver not working.,5.103.0,2020-07-04T07:09:25Z,4
A Google user,Very useful. Drivers are friendly.,4.33.2,2018-01-11T22:49:04Z,5
A Google user,"I have never managed to get a tuk tuk ride! Everytime it says no drivers available, even though there are and my friend can book one the same place at same time on her phone. And there is absolutely no way to contact grab to ask what the problem is!",5.133.0,2021-02-01T04:32:42Z,1
A Google user,Baik,5.190.0,2022-03-01T16:00:38Z,5
A Google user,cannot verify email. failed to login,5.46.1,2019-05-28T12:05:43Z,1
A Google user,"Terima kasih grab food kerana tiada lagi cash on delivery, sekarang lifestyle saya makin sihat dengan pergi sendiri kedai makan atau pergi kerja dengan menggunakan perkhidmatan awam. Terima kasih sekali lagi menyukarkan saya untuk menambah point duit. Teruskan usaha anda",,2019-11-11T13:51:36Z,4
A Google user,"Bear in mind, that this is a temporary ""okay"". Next time i encounter 1 hour and half mins waiting, i ll sure turn it to 1*",v4.0.4,2016-12-02T11:46:55Z,5
A Google user,Had to catch a flight. Reached well in time to hotel from Birds Paradise. Very smooth ride.,5.274.0,2023-10-07T08:55:05Z,5
A Google user,"I am an indonesian grab account app. When i am on holiday in singapore, will the currency be automatically converted?",5.73.1,2019-12-03T10:16:30Z,5
A Google user,This app helps me live. This is better than uber!!!,4.43.1,2018-02-06T07:00:39Z,4
A Google user,All in all the service is good. Only the messages coming in nearly hourly that is annoying. Gk usah cerewet tahu !,5.127.0,2020-12-21T13:02:41Z,4
A Google user,Stealing personal data. Forced me to log in via FB despite me already inputting my phone number. Now i can't remove my profile photo and there is no way to do it. The grab help site has nothing on changing profile photo. Grab does not need to know my FB account!!!!!!,5.31.1,2019-02-15T00:59:31Z,1
A Google user,Make me easy if i didnt have a transport.,4.42.1,2018-01-11T07:58:26Z,5
A Google user,Because as I installed this app ive waited for about a month waiting a promo but still there isnt,,2017-12-09T05:40:35Z,1
A Google user,excelent sekali,5.33.0,2019-02-26T12:17:01Z,5
A Google user,"Kadang kode promo tidak bisa digunakan, padahal belum expired",5.64.0,2019-11-19T16:50:49Z,4
A Google user,Easy to use and convenient food order.,5.252.0,2023-09-08T10:30:08Z,4
A Google user,"I still can't see my notifications even though there's a 13 beside the Notifications option--meaning I have 13 updates pending to be read.. I already updated the app, but it's still the same. Clicking on the Notifications only shows a white blank page. Hope you could fix it. It really gives a hard time using grab.",,2017-03-19T15:18:40Z,2
A Google user,grab paling bagus,,2017-01-27T11:21:49Z,5
A Google user,This app is awesome.,5.71.0,2019-11-19T17:42:43Z,5
A Google user,whatta useful!,5.64.0,2019-10-01T21:47:40Z,5
A Google user,"udah lebih baik makin kesini. belum pernah nemuin driver yg ga sopan, tapi untuk driver yg suka ga mau ambil promo masih banyak juga. tingkatkan performnya. thanks",5.36.3,2019-04-06T12:15:16Z,4
A Google user,Verry helping,5.55.1,2019-12-11T04:04:44Z,5
A Google user,SO reliable,4.35.2,2017-09-20T07:54:22Z,5
A Google user,"Please. Grab food should be paid only via E-cash, as lots of incidents always happen by fooling and trolling orders. I feel sorry for those who are fooled by dumb customers. CoD should only available for verified legit customers. Please, do some solutions to stop this order spree of dumb strangers..",,2021-04-04T16:05:22Z,5
A Google user,Unable to use this apps on my new Huawei P40 Pro. Will give more star if it can work on all devices.,5.99.0,2020-06-07T20:22:58Z,2
A Google user,So far no problems at all,5.50.0,2019-10-22T04:05:15Z,4
A Google user,"This app suddenly..cant Use the book ride options..What happen,its was so Stressful now,because I depend on Grab,to go to my Destination always.Grab plz pix it..I alrdy cleared my cache in my phone..and I uninstalled and Installed back..nothing workouts on it",,2021-05-30T03:28:27Z,1
A Google user,"Total scam, driver at least 10 min far from me, but app show nearby... Time to look for alternative options why the issue report option is buggy? Looks like intentionally done.",5.255.0,2023-06-05T02:11:51Z,1
A Google user,Mending grab daripada go-jek,,2021-03-04T12:45:52Z,5
A Google user,everything is oke,5.48.1,2019-07-24T05:55:38Z,5
A Google user,"Byk promo murah. Sayangnya utk grabfood kurang lengkap restonya, tolong ditambahkan recheese factory pekayon bekasi",5.39.1,2019-04-14T03:20:40Z,5
A Google user,"Great app that makes my daily work easier. My first choice for rides, and love it more since integrated with OVO. Food should be updated regularly.",5.45.1,2019-05-25T17:34:58Z,4
A Google user,Grab is very good & the driver is nice good job grab,4.23.1,2017-03-22T12:30:50Z,5
A Google user,Cannot cancel order for a very late delivery. The item ordered not even out for delivery yet but it could not be cancelled.,5.164.0,2021-10-25T05:15:37Z,1
A Google user,3 star for 3 day free VIP on JOOC,4.40.1,2017-11-28T02:50:46Z,3
A Google user,Bagus pelayananya,5.42.0,2023-05-30T07:29:04Z,5
A Google user,Very good service.,5.36.3,2019-05-03T01:51:21Z,5
A Google user,User-friendly and efficient,5.58.1,2019-08-25T11:39:30Z,5
A Google user,I love this apps...,4.46.6,2018-03-13T08:56:09Z,5
A Google user,user friendly app,,2019-08-15T06:13:02Z,5
A Google user,Best choice.,5.270.1,2023-09-23T10:21:26Z,5
A Google user,excellent drive,5.50.0,2019-06-25T03:53:32Z,5
A Google user,Nowadays rate are vry expensive.....even travel for distance is 11 minutes,5.05.1,2018-08-14T23:47:16Z,1
A Google user,"Dari bintang 5 jadi bintang 1, banyak driver tidak jelas, asal mengambil orderan langsung minta dicancel dengan alasan gps error dan berada di lokasi yg jauh dari jangkauan (5km lebih) padahal serror gps kalau sdh 15mnt akan kembali normal. Saya sengaja tdk cancel alhasil diterror sama Drivernya, ditelponin, saya blokir nomornya dan whatsappnya.. Menyebalkan",4.34.1,2017-08-31T15:34:24Z,1
A Google user,"Fast delivery, availed promo price. Thank you for 200php discount.",5.151.0,2021-06-02T05:49:07Z,5
A Google user,Easy and okay,4.20.0,2017-03-12T01:55:23Z,5
A Google user,Sometimes it's lagging,4.53.1,2018-07-01T07:56:22Z,3
A Google user,Veeramani manangalam,,2018-05-11T08:44:22Z,5
A Google user,Overland,v2.7.3,2015-06-20T14:10:56Z,5
A Google user,where is the bank transfer? bakit nawala?,5.204.0,2022-06-07T09:48:38Z,1
A Google user,"I have register my card, top up wallet & link account still not applicaple for 50% off. All payment method are not support except cash. Why??",5.233.2,2023-01-15T02:15:47Z,2
A Google user,JANGAN TERLALU BYK PROMO FOOD. TIDAK PERLU (TDK PERNAH DIPAKAI) BERIKAN SAJA YG BYK PROMO DISCOUNT GRAB BIKE & GRABCAR (SERING DIPAKAI SETIAP HARI) --------- JANGAN TERLALU BYK PROMO FOOD. TIDAK PERLU (TDK PERNAH DIPAKAI) BERIKAN SAJA YG BYK PROMO DISCOUNT GRAB BIKE & GRABCAR (SERING DIPAKAI),5.69.1,2019-11-12T00:10:54Z,4
A Google user,Make life in Bangkok even more easy!!!,5.59.0,2019-09-16T08:44:48Z,5
A Google user,convenience,5.71.0,2019-11-23T06:54:35Z,5
A Google user,"I can't even create the account for using Grab. I used every way the app provided (Facebook, Google account, Phone number) but still cannot do anything with the app. I just wish I could use the app since my mother is not well and she can't travel with too much people so she needs Taxi to go to her office. But the app is just doesn't work on my phone so I feel very disappointed.",5.08.0,2018-08-28T14:13:09Z,1
A Google user,Please naman sana alam ng driver saan ang pick-up kung minsan pinalalakad pa kami.,v3.7.3,2016-02-20T04:21:52Z,2
A Google user,Everything ok but kindly make the menu in english for the grabfood restauraurants,5.67.0,2019-10-26T14:59:21Z,5
A Google user,"Drivernya banyak tingkah. Terus klo udah cancel kan kasih feedback, tapi gk dilakuin sesuai feedback sama aplikasinya.",4.3.0,2018-12-17T11:24:07Z,2
A Google user,I cannot see subcsription plan even I updated my grab to the newest version.,5.79.0,2020-01-11T08:53:33Z,2
A Google user,What a useful app! Keep improving..,4.41.0,2017-12-14T08:54:16Z,5
A Google user,Too many options but no live chat support like google etc.. what kind of company,5.115.0,2020-09-26T06:22:59Z,1
A Google user,Money saving,4.32.0,2017-08-29T11:27:34Z,5
A Google user,great facilities,5.48.1,2019-06-14T06:53:19Z,5
A Google user,"Tau tau di ban tanpa alasan jelas, biarin aja masih ada gojek yang lebih bisa diandalkan",5.103.0,2020-06-30T09:29:38Z,1
A Google user,🤩,5.245.0,2023-05-09T07:19:21Z,5
A Google user,"Kode promo yang seharusnya berlaku malah dibilang ""Not a valid promo"", padahal belum kepake sama sekali. kalau gak niat ngasih promo, lebih baik gak usah!!",,2018-12-23T10:38:59Z,1
A Google user,sometimes the locations are not accurate,5.263.0,2023-07-28T00:16:22Z,4
A Google user,"Nice app. But lately I don't know why, whenever I tried to use promotion code according to the info from inbox, it was said that the promo doesn't exist. Ex: day of promo 25-27 oct, I try to use it on 25 but the promo doesn't exist",,2019-10-25T07:09:14Z,4
A Google user,My daily transportation and super convenient food options. Grest promo n food deliver to ur foot step for only 15-20k. U'll never get this kind of service in North America.,5.46.1,2019-05-24T22:06:17Z,5
A Google user,i've got a bad experience. The price is not suitable with the app. Bad driver so far.,5.16.1,2019-02-26T11:04:05Z,3
A Google user,Top application,5.64.0,2019-09-30T17:16:08Z,5
A Google user,it's nice and on time,5.250.1,2023-05-02T05:17:46Z,5
A Google user,pegawai rasis,5.135.0,2022-04-26T12:40:29Z,1
A Google user,good apps and so many benefits up,5.44.0,2019-05-19T22:15:57Z,5
A Google user,"its very expansive, when its 2.25pm not even pick hour.Goodyear Court 10 to summit costs RM19.00 which is very expansive",,2022-05-06T06:27:03Z,1
A Google user,Great service but can ask to implement cleanliness on their car.. got encountered one car very smelly and dirty ... just a simple reminder,,2017-01-07T11:01:06Z,5
A Google user,"grab delivery nya top bangettt ... tiap hari pake buat anter lunch anak2, ga pernah di cancelled sekalipun! makasih mas n mbak driver grab, semangatttt!!!! Tuhan memberkati",5.55.1,2019-08-01T02:38:09Z,5
A Google user,"Cannot order ride, it's always ""something went wrong"". And I'm only using the ride service. My internet is fine and the app is updated.. what a letdown for such a huge-sized app.",5.156.0,2021-07-02T06:33:35Z,1
A Google user,"Good, hope will more improve",5.73.1,2019-12-05T13:01:56Z,5
A Google user,I just don't like the fact that a gift card can't be converted.,5.153.0,2021-09-05T11:39:54Z,3
A Google user,Always do what you always do.. Great Job!,5.82.0,2020-02-05T11:42:24Z,5
A Google user,The price is keep expensive. Please make it the cheap price,5.01.0,2018-07-14T05:18:18Z,3
A Google user,It's cheap,5.10.0,2018-12-04T22:35:21Z,5
A Google user,Very easy and safe,,2020-03-06T22:09:06Z,5
A Google user,"Susah banget penggunaannya, ribet aja gitu. Pesen grab bike trs dimnta validasi nomer sama driver, lah gua aja blm nemu driver. Gmn ceritanyee, susah bgt dahh penggunaannya. Gak ramah bgt pokoknya app ini buat orang yg baru install, bikin pengen uninstall",5.88.0,2020-03-17T17:19:30Z,1
A Google user,"Prompt, polite, clean,& reliable",5.68.0,2019-10-28T03:41:14Z,5
A Google user,Yes I am very very happy and I feel more secured when I know I am using a taxi which is monitored and traced by a company . since I started using this app I never took a taxi from the rood it has to be grab . thanks and all the best .,v4.0.3,2016-04-02T06:42:00Z,5
A Google user,comfortable driver,5.261.0,2023-07-13T00:50:18Z,5
A Google user,"Booked a Grab, left the phone, came back to phone and driver screen was no where to be found, no notice of any cancellation, no number to call. I wasn't sure to book another car or wait. AND I WAS IN A HURRY. In the end after waiting the indicated time, I booked another car.",4.53.1,2018-06-30T00:51:21Z,1
A Google user,It's more than 2yrs now that I have been banned by Grab. I am new to GRAB and I maybe keeps on login using few of different email address coz I not sure how to use it. From now on I will not going to install or using this Apps ever again. My experience with Grab is sucks coz I haven't been using it once and for all.,,2020-09-08T13:55:26Z,1
A Google user,"the rider is great and the delivery was on time, I suggest you make a Customer Rating for the rider to answer in your app. This will help them see who are those customer that mistreat them, abusive, and a scammer. Also, this will help them feel ateast taking the order knowing that the customer has a good rating from riders in your app. This will make them safe and confident specially with the ongoing situation we are facing right now.",5.116.0,2020-09-29T08:30:16Z,5
A Google user,I dowbload this because alamanda putrajaya wifi blackmailed to do so to get more than 2 minutes free wifi. Pundek,,2017-07-05T12:27:59Z,1
A Google user,Selfie menyusahkan orang,5.60.0,2019-09-19T11:27:57Z,1
A Google user,"I have some trouble during my trip, I use at phuket on 10jul18 is easy and simple interface even though I can snap photo to driver for explain my location but trouble during end of my trip 13jul18 go to airport, interface change and confusing also can't take photos anymore luckily my driver's is passionate to communicate on massage, we spent more than 30min found each other, I hope the photo function can be remain, specially during overseas communicate",4.55.2,2018-07-13T03:23:26Z,3
A Google user,very helpful and excellent service!,,2019-04-24T00:53:05Z,5
A Google user,Nice apk,4.26.2,2017-05-04T06:19:34Z,5
A Google user,sy tak boleh claim e tunai rakyat grab dia orang cakap sy ada lagi 1 acc tak boleh cari how,5.81.0,2020-01-28T11:13:24Z,5
A Google user,good job so very fast diliver,,2020-04-10T14:17:44Z,5
A Google user,very poulight,,2022-04-18T04:09:46Z,4
A Google user,app is not accurate on gps. address is usually wrong. but either than thst useful,5.72.0,2019-11-26T13:45:34Z,2
A Google user,The app can't be opened for the past few days.,4.23.1,2017-03-21T22:47:05Z,3
A Google user,"I installed it, at first it won't allow me to update my email. So, I removed the app and installed again. Now, I can't even login! I login using my mobile, but it asks me for fb or google. Even if I select either, it still won't allow me. some bug that needs fixing?",5.01.0,2018-07-19T11:08:20Z,1
A Google user,I am using grab from more then 2 years as a costomer(passenger) . Suddenly I can not log in by using my gmail or phone number. Why should I blocked by grab???,4.45.1,2018-06-30T10:55:59Z,5
A Google user,"aplikasi nya sip, tambahan mohon bisa bookmark resto favorit di grabfood. juga sistem search resto rasanya masi bisa ditingkatkan.",5.49.0,2019-06-14T03:38:37Z,5
A Google user,Wonderful,5.64.0,2019-10-01T07:11:33Z,5
A Google user,Iloveit,,2017-10-31T00:38:53Z,5
A Google user,"The app still need phone call access, not granting phone call access cannot use app. Never will I ever grant any app with phone call access ever!",5.79.0,2020-01-20T15:55:38Z,1
A Google user,"Used to order from grab food at least 4 times a week, but will be switching to other platforms as delivery time is getting worse and worse. Delivery charge is also higher than others.",5.114.0,2020-09-22T04:21:59Z,2
A Google user,I prefer the old version where I can see the colour of the car. The current version can't see the colour of the car if the car model name of the car is long. The colour is shown in the same row as the car model name is hidden. Should put it in a separate row. Now we can only identify the car we take by car registration number and car model only which is a bit difficult. Hope that you can put the colour in separate row.,5.67.0,2019-10-22T21:51:14Z,3
A Google user,the place to type promotion code should be more obvious than the current version. Also Shoule replace offer with discount !,5.152.0,2021-06-05T11:37:58Z,1
A Google user,"Service is great, but app has great room for improvement. It's often laggy and takes up a lot of battery.",5.00.1,2018-07-07T08:59:05Z,4
A Google user,Useful and Safe App,v2.7.3,2015-06-10T12:55:01Z,5
A Google user,Why cannot detect my face and it cause me cannot go to an important meeting,5.65.0,2019-10-13T04:21:48Z,1
A Google user,Perlu menu untuk membuat lokasi baru area penjemputan,v2.7.3,2015-05-14T11:52:24Z,4
A Google user,Pick up location map is not accurate. Some drivers findnit hard to locate us. Please update your maps. Then ill give 5 stars.,v3.5.3,2015-12-08T03:55:24Z,4
A Google user,Very helpfull... I hope grab car will keep give a lot of promo yaaa,4.5.0,2016-06-19T09:30:16Z,5
A Google user,Comfortable n efficient service,5.141.0,2021-03-22T10:05:55Z,4
A Google user,great app very convenient,5.71.0,2019-11-17T13:17:04Z,5
A Google user,"Thanh toán bằng ATM bị trừ tiền 2 lần. Khiếu nại thì không ai giải quyết. Chán chả dùng nữa. Payment by ATM, my wallet is deducted 2 times. My complaints are not resolved by anyone. I don't want to use it anymore. It's dangerous.",5.118.0,2020-10-19T15:09:11Z,1
A Google user,"good experience with driving,ordering food, and services",5.51.0,2019-07-11T10:19:53Z,5
A Google user,"promo grabbike nya cepet banget habis, aku mesan grabbike jam 8 pagi aja sudah habis. Beda sama yang dulu sampe jam 9 malam aja masih ada promo. Grab semakin rakus",5.39.1,2019-04-05T02:51:38Z,1
A Google user,Helpfull .. very helpfull for me,,2019-05-20T16:14:32Z,5
A Google user,super duper slow! stupid app. always have problem,4.50.1,2018-05-18T09:17:42Z,1
A Google user,"Hi grab, sebenarnya Malam ini baru usai update' tapi Aku jadi bingung sendiri setelahnya, sebab berubah menjadi tampilan yg tidak sesuai dengan arahannya Dan yg paling penting adalah tidak semua alamat yg dimasukkan secara details ada pada maps grab, Dan akhirnya saya memakai aplikasi ""ojol"" yg lain sebab sesuai pada maps yg ditampilkan sehingga saya tau harus Turun dimana... Terima kasih. Maaf saya, tidak Ada maksud untuk menjelekan.... Maaf saya sebab sangat kesal Malam ini Karena sudah Malam Kan?!!!",5.01.0,2018-07-13T14:16:23Z,5
A Google user,Do more improvement,4.9.0,2018-05-15T23:14:42Z,5
A Google user,where is d promo code section? can't find a way to insert d promo code! what is hapenning?,5.24.1,2019-01-02T07:47:16Z,1
A Google user,Good apps but lack of discount,5.12.1,2018-09-28T06:34:26Z,3
A Google user,"Saya heran untuk pemesanan makan ada banyak sekalj biaya tambahan. Kalau servicenya lebih baik tidak apa. Ini sudah lama, kalok mau cepat harus nambah bayarnya, makanan yg datang sering tidak sesuai dengan pesanan. Tapi chargenya banyak betull",5.256.0,2023-06-17T06:02:47Z,2
A Google user,I love Grab❤️,5.76.0,2020-01-03T06:37:11Z,5
A Google user,uber is better that you,4.37.0,2017-10-12T07:53:20Z,1
A Google user,nice rides,,2019-02-25T07:07:57Z,5
A Google user,"The new & updated Grab app says that I don't have an internet connection eventhough I am connected in a Wi-Fi. I already tried to uninstall it, and then installed it again, but still, it says that I don't have an internet connection!",v3.7.2,2016-02-02T12:45:02Z,2
A Google user,Very good app. Very useful to have while in Malaysia.,5.57.0,2019-08-23T04:43:56Z,5
A Google user,it's convenient and pretty fast delivery,5.265.0,2023-08-04T09:29:40Z,5
A Google user,"Its cheap and the driver so kind and responsibility, more promotion",5.06.0,2018-08-26T15:26:14Z,5
A Google user,Cant download the new update!,5.55.1,2019-12-17T14:24:32Z,1
A Google user,Tapat at mabilis,5.104.0,2020-10-02T17:06:12Z,5
A Google user,"Useless. Suspends but didn't give explanation, send request reactivate it show will reply 5 working day, but apply 4 times alresdy no email no call no status",5.60.0,2019-09-29T14:17:19Z,1
A Google user,This is not update but downgrade..app is not even faster. Worst than before,5.05.1,2018-08-16T00:18:03Z,1
A Google user,taxis are better than grabs..,5.154.0,2021-12-22T00:45:45Z,1
A Google user,Grab is the worst. Where is UBER???,5.12.1,2018-09-30T11:03:30Z,1
A Google user,Not knows,4.12.0,2017-03-28T17:20:37Z,3
A Google user,oooo,5.57.0,2019-12-22T02:52:19Z,5
A Google user,Fix your application to make sure that the rider will not get confused if it was cancelled or not.,4.31.0,2017-07-17T04:05:49Z,3
A Google user,Nice driver,4.1.1,2016-07-01T08:07:41Z,5
A Google user,very pleasant,5.29.0,2019-05-22T13:38:28Z,5
A Google user,good for people for easy transport,5.55.1,2019-08-13T09:08:57Z,5
A Google user,all need you,5.48.1,2019-06-14T14:04:57Z,5
A Google user,Nexus 5,v3.7.3,2016-03-03T23:28:58Z,4
A Google user,My only problem is it said to update to add multi stop feature so i update and still cannot use multi stop feature so please if you say you can do multi stop the don't lie and not add it,4.27.1,2017-05-11T21:08:31Z,3
A Google user,i feel good,5.53.0,2019-07-25T07:50:18Z,5
A Google user,FOOD!!,,2018-03-13T14:16:56Z,3
A Google user,Okay Not Bad,5.170.0,2021-10-16T09:11:59Z,4
A Google user,The system not fare to everyone all the time I NVR get any promo code if get also I'm unable to use y ?,4.45.0,2018-03-11T03:46:52Z,1
A Google user,"1. Makin sering dipake, tarifnya makin mahal! 2. Setiap pesan, selalu dipilihkan rute yang panjang (ini kan buang2 waktu, bbm & biayanya tambah mahal) 3. Kode promo dari notif gak bisa dipake, harus rebutan sama pengguna lain (kuota terbatas) 4. Potongannya tambah lama makin sedikit nominalnya. Sebelumnya 6-10rb. Sekarang cuma 3rb doang. 5. Kadang gak dapat kode apapun termasuk notif! Apa gini pelayanannya untuk pelanggan tetap / pengguna lama? Bye, pindah ke yang lain. (Padahal udah PLATINUM !)",,2019-11-28T20:12:56Z,1
A Google user,Nice lking tulog sa mga wlng time mka bili ng food,5.69.1,2019-11-05T04:25:08Z,5
A Google user,Mantap dan mudah,5.59.0,2019-09-02T06:01:16Z,5
A Google user,"With drivers nearby, it goes and pick up people from 8 or 9 km away. Then no matter what, you need to pass toll. Seems like sleeping with govt is paying off for Grab. Then the cancellation if its not cash payment. That's ridiculous. In fact I hail taxis these days as they are cost effective and cheap.",4.45.0,2018-02-18T22:42:51Z,2
Ta*************su,good,5.94.1,2020-05-05T11:29:28Z,5
A Google user,very goods for me and you .,,2017-01-28T01:08:58Z,5
A Google user,a great app,5.44.0,2019-05-20T09:20:07Z,5
A Google user,bner2 sangat membantu sekali ...thanks so much grab,5.52.1,2019-07-19T15:27:29Z,5
A Google user,"rutenya ngaco, diputerin jauh jadi tarif 2 kali lipat. promo diskonnya setelah tarif dinaikin pula",5.24.1,2019-03-15T01:26:10Z,3
A Google user,excellent...can be used even when i'm abroad.,5.33.0,2019-02-24T06:46:54Z,5
A Google user,good lah,5.38.1,2019-05-04T12:00:19Z,5
A Google user,good service overall,4.3.0,2017-03-06T01:52:34Z,5
A Google user,"nakakainis siya minsan, kapag nagpapabook n ako minsan kung saan location ko, hndi dun ung nkalagay",5.112.0,2020-09-03T12:55:41Z,3
A Google user,"courteous drivers, clean and cool cars",5.47.1,2019-06-04T09:58:09Z,4
A Google user,consistent service. good job.,5.49.0,2019-06-24T11:50:37Z,5
A Google user,Very useful app :-),4.1.1,2016-04-19T13:10:36Z,5
A Google user,overpricing,5.228.0,2022-11-26T09:16:33Z,1
A Google user,ok..,5.40.1,2019-05-25T06:18:42Z,5
A Google user,"here in the philippines, most of the drivers are choosy",5.10.0,2018-09-21T13:04:22Z,3
A Google user,excellent service.,5.272.0,2023-09-21T00:14:36Z,5
A Google user,still need improvement on the App. should allow multiple orders at one time for food delivery,5.47.1,2019-06-04T04:37:22Z,4
A Google user,Grab in ph..not have a good service..must wait so long for one ride..its happens every day...maybe grab ph must learn from other country system with auto accept order....driver so lazy to take order when raining weather...even the rain not started already no grab,5.263.0,2023-07-28T11:25:28Z,1
A Google user,Very efficient service well done,5.164.0,2021-09-01T07:09:56Z,5
A Google user,"Payah promo promonya, gak kayak dulu",5.209.0,2022-08-10T18:07:12Z,1
A Google user,i love using grabcar but i hate the penalty specially if drivers fault,4.34.1,2019-05-08T18:17:26Z,5
A Google user,"Dikala & ketika kitadi belengu kenderaan sendiri rosak @ tiada Tran fort untuk pergi ketempat yang ingin dituju, gunalah perhimatan grabcar! Utuk mempermudahkan perjalanan anda! Harga berbaloi, cepat & bagus.",4.43.1,2018-02-04T23:05:39Z,5
A Google user,Brilliant apps,5.91.2,2020-04-14T07:39:04Z,5
A Google user,Getting worst,5.180.0,2022-01-11T14:21:59Z,3
A Google user,I need to re install i dont know why,5.07.1,2018-12-05T02:49:22Z,4
A Google user,Susah wat login eror trus,,2018-10-16T00:03:04Z,3
A Google user,memudahkan,5.54.0,2019-07-18T01:49:22Z,5
A Google user,pls reduce price.. very expensive. another service cheaper.,5.14.1,2018-12-24T09:43:55Z,1
A Google user,Better then gojek!,5.142.0,2021-04-04T06:10:58Z,5
A Google user,The price getting more and more expensive compared to last time i user grab.. and if raining day . Very hard to get the grab. I waited almost 2h only for grab.. so terrible,5.261.0,2023-07-13T22:26:44Z,1
A Google user,easy to use!,5.38.1,2019-04-02T10:20:21Z,5
A Google user,my favorite app food delivery,5.167.0,2021-09-24T16:44:51Z,5
A Google user,aplikasi bagus. bermanfaat.,5.43.0,2019-05-28T09:41:59Z,5
A Google user,easy n fast,5.55.1,2019-08-09T00:13:56Z,5
A Google user,banyakin promo dah,5.40.1,2019-05-23T00:10:04Z,5
A Google user,Great App,5.58.1,2019-08-25T10:41:56Z,5
A Google user,Car booked has been 2 mins away for the past 30 mins and the drivers phone cannot be reached. Your support team cannot be reached either. Really bad service. Unfortunately uber is not available,4.34.1,2017-08-28T12:30:29Z,1
A Google user,"very easy way to travel without fuss, once you know how to navigate the app",5.82.0,2020-02-10T03:53:27Z,5
A Google user,"Pesen gofood dari rumah, tapi titik kirimnya malah ke kantor :(",5.161.0,2021-09-08T13:48:02Z,2
A Google user,Most of the drivers are nice and kind,,2016-09-11T18:23:05Z,5
A Google user,Good Application,4.42.1,2017-12-28T12:01:17Z,5
A Google user,Even higher prices than Phuket taxi bandidos are charging. Company tries to play in the market that it can't manage at all. Drivers are canceling orders left and right. Pick location is not working properly - unable to find addresses,4.46.6,2018-03-24T02:41:01Z,1
A Google user,grab indonesia is all about fraud last night i order a grab food nd he delivered me as not as i ordered even i pay for the full menu nd he just delivered some of this menu nd i already complain 3 times they just give me hope /better i uninstall this app,5.36.3,2019-03-19T19:29:14Z,1
A Google user,cant reset the grabpay pin although recovery email were sent for many times. the link for recovery email also were always expired,5.173.0,2021-12-05T13:22:15Z,1
A Google user,Beralih dari FP ke GrabFood,5.172.0,2021-10-30T12:18:56Z,5
A Google user,"I'm currently overseas, where the app is unavailable, but with the recent update, the riders can now contact me via the in-app features! I've been highly satisfied with this change as some riders have been unable to comply with the instructions I indicate on the address details of the recipient to the point that they get frustrated that I'm out of reach. This has been so helpful with orders for friends without spoiling the surprise ahead of time.",5.263.0,2023-07-25T09:09:27Z,5
A Google user,"The app is actually useful for our big family. But hope, the waiting time and unexpected cancellations would reduce. Thanks and drive safely evryone - His daughter.",,2017-12-09T04:01:15Z,4
A Google user,no this is not useful nakaka abala ng sobra yung update app kainis!!!!!,,2019-05-29T04:13:57Z,1
A Google user,Not user friendly app,,2019-02-21T07:29:05Z,2
A Google user,Not make sense 6 seaters only 1 person can entry the car.... at least 6 seaters can 2 person can entry the car this is can make sense.,,2021-09-20T06:27:57Z,1
A Google user,scammy,4.29.1,2017-07-09T12:15:44Z,2
A Google user,"Would rate it -1 star. Used after a while and always realize why i stopped using it. Any service besides Ride is terrible, food delivery is the worst (Deliveroo is much better) and customer service is even worse.",5.117.0,2020-10-10T13:41:05Z,1
A Google user,"The new update sucks. No matter I press grabcar or grab bike, I am always in grab deliver.",5.21.0,2018-12-02T15:10:00Z,1
A Google user,"Ever since they came up with the new UI, it's giving me more issues than normal. The options to choose what to do doesn't always show. The map doesn't load most of the time either. Don't know who's the dev and ux designer but they definitely need to be fired. Better still, the person who approved the design actually needs to take a design course. So annoying!",4.31.0,2018-12-02T15:46:55Z,1
A Google user,"Overall, they really have good services. I like Grab!",4.24.0,2017-04-12T22:14:09Z,5
A Google user,Promony makin gjls dan makin dikit,4.51.1,2018-05-26T05:09:06Z,3
A Google user,Can't book,,2021-12-24T08:11:42Z,1
A Google user,its nice so far but keep working on customer's location,5.50.0,2019-06-29T16:44:05Z,5
A Google user,"overall good, tp buat grabfood masih sering muncul mitra nakal, konfirmasi makanan sudah di terima pembeli padahal tidak diantar. Selain saya, ada beberapa rekan saya pernah kena juga. Repot sekali harus urus, masalah ini. Saran pengembangan: akan lebih baik bentuk konfirmasinya selain foto struk, si mitra harus scan QR code yang di generate oleh pemesan",5.55.1,2019-08-11T07:45:46Z,3
A Google user,Good so far,5.76.0,2019-12-23T10:57:41Z,5
A Google user,"This app needs more SECURITY features! Seriously, No asking of pin code when you start the app. No more asking of cvv2 when you use your debit/credit card when you buy grab credits. It's not hack proof.",5.219.0,2022-10-03T05:16:17Z,1
A Google user,"Saya beri bintang satu karena aplikasi nya nggak guna, saya pesan 20 kali tidak ada yang mau",5.172.0,2021-10-26T04:39:46Z,1
A Google user,Can't open old messages to delete.,4.53.1,2018-06-12T23:53:18Z,2
A Google user,Up,5.150.0,2021-05-27T07:17:40Z,5
A Google user,Nice GOOD,,2018-10-31T09:02:02Z,5
A Google user,new spirit n innovation,5.37.1,2019-03-30T13:13:40Z,5
A Google user,"Unable to create an account, emailed them about the issue but it could not be resolved. Showed screen recording evidence of issue. No solution provided and started ignoring me 2 weeks ago. Poor help support.",5.113.1,2020-09-15T01:48:18Z,1
A Google user,User friendly คุ้นเคย ใช้งานง่าย,,2021-07-19T04:39:40Z,5
A Google user,Good Aplication..,v3.8.2,2016-03-03T08:01:14Z,5
A Google user,Super nice ang service,5.184.0,2022-01-15T08:49:18Z,5
A Google user,Finally I can set my worries aside when taking the cab alone. But my question is how do I get new valid promo codes to use?,v2.5.9,2014-07-18T16:38:40Z,5
A Google user,Price surge are so high!!!!,5.18.2,2018-11-27T03:11:40Z,1
A Google user,the first time my food not delivered but it was already paid for and ive already sent an email and its already 3 days and still no response horrible just horrible,5.168.0,2021-10-01T11:04:16Z,1
A Google user,very nice service i like it,5.38.1,2019-05-21T16:04:38Z,5
A Google user,pelayanannya ckp baik,5.168.0,2021-09-27T10:55:18Z,5
A Google user,"Shocking, absolutely shocking customer support. Deliveroo is miles above grab, expect high charges and problems if you do choose to use grab.",5.164.0,2021-09-03T12:20:06Z,1
A Google user,How to make scheduled bookings?,4.9.0,2016-09-03T15:06:49Z,4
A Google user,i cant even open my acount and i already send an email too grab but nothing change,5.65.0,2019-12-03T02:43:05Z,5
A Google user,Good driver,,2020-04-26T04:19:14Z,5
A Google user,forcefull ads,5.222.0,2022-11-04T11:29:54Z,1
A Google user,"Life saver when I'm visiting other countries, food and transportation is at your disposal! Love it",5.88.0,2020-03-17T15:51:02Z,5
A Google user,nice to drive,5.202.0,2022-06-22T02:15:12Z,5
A Google user,I can't see the map please fix it,,2017-08-29T10:06:54Z,3
A Google user,2 hari dikerjain appikasi ini 1. update status driver... belom arrive tapi status udah 2. update harga grabfood.. ada driver yang bisa ada yang enggak sy jadi harus jalan bolak balik tolong fix this issue,5.37.1,2019-03-26T12:16:06Z,1
A Google user,"Ini kenapa corporate saya nggak bisa keganti tolong dong, diberikan fitur pemilihan untuk pembayarannya",5.215.0,2022-08-30T19:26:59Z,5
A Google user,easy...,5.214.0,2022-10-09T12:12:59Z,5
A Google user,Aplikasinya bagus sih tapi sekarang jadi sangat mahal saya jadi kecewa :(,5.41.0,2019-07-24T09:31:08Z,3
A Google user,"Jadi gini, awalnya gua pengen pesen gofood, nah pas buka aplikasi, tiba tiba tekeluar sendiri. Oke, gua coba pakek data, hasilnya sama. Oh mungkin hpnya, gua coba pkek ho mama gua, hasilnya sama. Dan gua mencoba altrenatif lain dengan apus trus download lagi, dan pada saat udh apus, eh gua lupa kalau di nomor lama gua masih banyak pointnya dan hampir seribuan poinnya kebuang sia sia dan parahnya itu nomor ga mungkin lagi, soalnya itu nomir d hp yg ilang, thanks grab",,2018-12-21T09:12:44Z,1
A Google user,very easy to use,5.46.1,2019-05-31T05:06:32Z,5
A Google user,Good service ...better discounts. Please don't insist on full fare before unlock for loyal customers,4.21.1,2017-03-11T09:54:36Z,5
A Google user,"Easy to use, super user friendly, and fast customer service if there are anything wrong",5.65.0,2019-10-14T14:13:14Z,5
A Google user,Need more discount lol,5.63.0,2019-09-27T12:49:58Z,4
A Google user,"apps very good, only problem is bandwidth by location.",4.21.2,2017-03-21T23:11:59Z,5
A Google user,Convinience is good,5.05.1,2018-08-17T06:58:19Z,5
A Google user,Really bad i already turn on my location but it keep loading,5.71.0,2019-11-18T01:10:35Z,1
A Google user,Great app. Used in Manila and Singapore,5.54.2,2019-07-21T03:45:16Z,5
A Google user,Terrible customer service! Refused to help us recover medication left in car despite medical urgency and put my brother's life at risk. They also lied to us when they said they would keep calling the cab driver but we later found out they only tried twice within half an hour then did not continue to follow up. They told us to call the police if further assistance was required. Absolutely atrocious!,4.24.0,2017-03-29T15:15:15Z,1
A Google user,Very polite & friendly.,5.246.0,2023-03-28T06:56:33Z,5
A Google user,bad gps,4.49.1,2018-04-27T13:02:00Z,1
A Google user,"Bravo utk Grab, komplit banget apa2 ada, malam ini sy butuh sekali kertas origami utk anak prakarya, sudh malam malas keluar cari2. Buka aplikasi sebelah, ngk ada. Pas buka grab bgitu search langsung keluar toko yg menjual stationary, akhrnya malah beli sekalian barang2 yg sempet terlupa. Oke banget GRAB, komplit plit layanannya",5.140.0,2021-03-18T15:40:41Z,5
A Google user,No paypal support for grabpay or topup.,4.46.6,2018-03-16T02:02:16Z,1
A Google user,Không thể contact tổng đài hỗ trợ,5.253.0,2023-06-22T04:50:45Z,1
A Google user,Perfect.,5.64.0,2019-10-04T06:45:14Z,5
A Google user,Can't sing up,5.272.0,2023-09-24T11:40:10Z,1
A Google user,Outstanding driver,5.156.0,2021-07-09T10:51:35Z,5
A Google user,"I did not use my points, pro binawasan niyo ko. Give it back!!!",5.22.1,2018-12-14T00:39:29Z,5
A Google user,"It's make my daily routine become easier because when i need to buy something thinh, i can use this app right away.",5.59.0,2019-11-12T10:26:14Z,5
A Google user,Kenapa saya masukin kode promo untuk pemakaian grab express tidak bisa ya? Syarat dan ketentuannya bagaimana? Saya akan ganti rating stlh mendapatkan penjelasan. Terima kasih,v3.5.0,2015-11-28T06:27:14Z,2
A Google user,cannot log in after the update.,4.40.0,2017-11-16T10:41:05Z,1
A Google user,"After the update, why can't I input my card as my payment method?",4.52.0,2018-05-24T17:56:21Z,1
A Google user,"grab has quite a bit of rude drivers. The booster seat rule has been very inconvinient especially at times where we are in a hurry. My brother does not want to sit on the booster seat so we always get cancelled by drivers once we realise that the driver won't take him with us without booster seat. Even when we take family grab. Disappointed and inconvinient! Uber is better. Better with service, price and inconvinience. (Singapore)",4.14.1,2018-04-28T04:06:50Z,1
A Google user,Appreciate if i can view the driver name or face before proceed to booking. Safety for woman especially.,v3.6.7,2016-01-01T00:42:52Z,2
A Google user,Now I can go everywhere I want,4.15.0,2016-12-01T10:47:45Z,5
A Google user,Very good app love it ❤️,5.157.0,2021-07-16T08:34:42Z,5
A Google user,Saya rasa grab food ni memang senang tapi lambat sampai,,2019-11-03T12:50:40Z,3
A Google user,"enjoyed the ride, driver very personable",5.216.0,2022-08-31T06:16:02Z,5
A Google user,smooth journey,5.241.0,2023-02-25T09:19:10Z,5
A Google user,Fast and easy!,v2.7.1,2015-03-18T22:18:38Z,4
A Google user,How do I book Grab for tomorrow? I tried to click the 'now' but it won't change.,4.19.1,2017-02-25T09:55:02Z,4
A Google user,"updated the apps but it keeps on failing to run it .. frustating much? YES, i kept on uninstall and installed it back ..",5.104.0,2020-07-11T11:26:27Z,2
A Google user,Stupid drivers,5.90.1,2020-03-29T07:09:13Z,1
A Google user,Very helpfully,4.27.2,2017-05-29T01:11:37Z,5
A Google user,Goid,,2018-10-03T07:36:10Z,5
A Google user,Clean and love the music,5.159.0,2021-07-30T11:09:02Z,5
A Google user,So far so good eventhough sometime take a so long but i'm enjoy it,4.46.6,2018-03-20T04:37:16Z,5
A Google user,"Uber was much better. Grab precharges your credit card before your ride even shows up, stupid feature.",4.54.1,2018-06-23T08:30:51Z,2
A Google user,"thanks grab, ur services r so good",4.34.1,2017-10-23T12:36:52Z,5
A Google user,Good service!!!,5.57.0,2019-08-20T09:13:16Z,5
A Google user,Credit Card worked after update,4.6.4,2016-07-04T05:01:31Z,5
A Google user,Nên xem lại tài xế grab bike khu vực Pearl Plaza!,4.32.1,2017-08-07T07:08:24Z,3
A Google user,Easy to use and easy to understand.. User friendly.. Must have aps.. Keep it up lads..,5.44.0,2019-05-19T12:59:45Z,5
A Google user,Such a good apps,5.02.0,2018-07-18T06:29:02Z,5
A Google user,"One of the best Ride- Hailing App. Reliable app for transportation service, it responds well to the location, and destination. Drivers are quick to respond to the orders. App is a must-to have for phone for grab services including food delivery.",5.163.0,2021-08-28T09:29:23Z,5
A Google user,"Supirnya ramah, keren2, & nyaman berkendara",4.1.1,2016-04-24T13:54:45Z,5
A Google user,"app is not working showing error, our server reported an error",5.27.0,2019-01-14T14:54:32Z,2
A Google user,"Saya kasih driver 1* karena driver menyepelekan yg berakibat saya telat , bukan cuma itu , sebelum saya naik statusnya sudah transit , malah di riwayat statusnya 5 bintang Aplikasi kurang ajar",4.35.1,2017-10-30T01:47:33Z,1
A Google user,Usually to use this application. It helps me so much.,4.16.1,2016-12-15T06:45:29Z,5
A Google user,Best Transportation App for Singapore,5.53.0,2019-07-18T03:11:50Z,5
A Google user,"all ways on time, price is reasonable, and no mistake so far. whilst the drivers are nice and if they're late, they'll let me know.",5.126.0,2020-12-28T11:17:33Z,5
Ti************al,Good apk,5.73.1,2020-05-12T01:00:27Z,5
A Google user,"Drivers are good, but the company itself? Very expensive nowadays",5.64.0,2019-09-27T13:41:54Z,4
A Google user,"Why cnt we order frm a place to another place Ex: im at kl,i want order food for my mom at JB but cnt do tat.. It will make ur biz down..plz upgrade it.. Tq",5.139.1,2021-06-10T08:05:31Z,1
A Google user,What happens if grab wallet 0 dollar..can still receive job.,5.199.0,2022-05-05T05:44:16Z,5
A Google user,5,,2021-09-30T09:19:13Z,5
A Google user,Good and convenient for this pandemic...,5.118.0,2020-11-06T04:10:53Z,5
A Google user,Bilat mu,5.79.0,2020-01-20T09:18:11Z,5
A Google user,I hove you happy awak kan happy se yeah se yeah se yeh,5.160.0,2021-11-11T02:41:13Z,5
A Google user,Very helpful in case your vehicle is not working,5.177.300,2021-12-15T10:23:05Z,4
A Google user,Its easy to use. Very helpful,4.11.1,2017-12-05T08:47:18Z,5
A Google user,Points decreased.. Before I was getting 300+ point for every grab ride but now it is just 89points for the same pick up and drop off location,5.58.1,2019-08-23T19:40:57Z,3
A Google user,"I can't grab a car I have an internet, I already logged in but I can't grab any car, it says ''something went wrong''",5.134.0,2021-02-03T10:15:42Z,1
A Google user,"I just want to clarify that from uss to jurong west,and then make 2nd way to geylang bahru and it costs me $83,is that reasonable?and is over 12mid and on limo taxi,am i being cheated or thats a standard price?",v3.3.1,2015-10-31T19:41:38Z,1
A Google user,"Wth happen, driver seems busy all the time, been 3 weeks",5.143.0,2021-04-11T10:13:48Z,2
A Google user,good journey,5.177.300,2021-12-08T07:15:40Z,5
A Google user,(๑・ .̫ ・๑),4.41.0,2017-12-27T10:20:47Z,4
A Google user,I wish I can rate more than 5star. Grab never disappoint me. Excellent apps. Fast and efficient service so far. Wide range of food offered.,5.60.0,2019-09-18T14:15:58Z,5
A Google user,"This app is getting better now, with many promos. Keep up this good work guys.",5.146.0,2021-06-06T10:21:00Z,5
A Google user,After sometime the app only shows white screen on the restaurant page and not fetching any data. After clearing cache and everything the app is not responsive.,5.271.0,2023-09-21T04:58:01Z,1
A Google user,Always do promotion ok,4.28.2,2017-06-13T03:38:21Z,5
A Google user,Unable to download. Always cuts out near the end.,5.69.1,2019-11-08T03:07:09Z,1
A Google user,"This app helps alot. Thanks for the great service! Support, keep up though. :)",5.97.0,2020-06-17T07:07:08Z,5
A Google user,Good and easy app to use.,5.101.0,2020-06-23T02:24:08Z,5
A Google user,took us too long to have a driver,5.265.0,2023-08-09T09:03:44Z,1
A Google user,"happy with the grabbike discount, it really helped my everyday life as a student",,2019-09-29T07:25:04Z,5
A Google user,gd man,5.194.0,2022-03-31T01:07:20Z,5
A Google user,I love this App. Fare changes excellent service.,,2019-09-23T05:03:36Z,5
A Google user,joz gandos leh,5.53.0,2019-07-18T11:17:02Z,5
A Google user,App is not updated for Android. Very buggy. The app for IOS is so much better. Pls upgrade soon.,5.02.1,2018-07-22T12:04:22Z,2
A Google user,"di gorontalo udah ada gak sih?, kok setiap mau buka appnya gabisa ya?",,2017-12-02T09:43:22Z,2
A Google user,Idiot rider was last delivered to me,5.189.0,2022-06-06T03:01:25Z,1
A Google user,"My account had suspended for more than a year without any confirmation. Had appealed an account, but no change at all. It sucks..",5.186.1,2022-02-09T01:55:47Z,1
A Google user,top lah... banyak membantu,5.50.0,2019-07-18T05:10:12Z,5
A Google user,"Kurang akurat. Saya bisa memesan untuk ke tempat tujuan, tapi saya tidak bisa memesan untuk kembali ke tempat asal",5.14.1,2018-10-20T03:22:43Z,3
A Google user,"Orderan grab food sering digabung dengan orderan orang lain, makanan jadi kurang fress",,2020-08-16T07:17:01Z,1
A Google user,why when I try open aps the server always error what I must do to fix it,,2018-12-20T05:17:28Z,1
A Google user,"Using GrabPay, just an opinion, we can just press how much we want to pay without the choice to top up into wallet.",4.53.1,2018-06-16T03:42:56Z,3
A Google user,Very efficient app to use.,,2021-10-03T22:51:25Z,5
A Google user,"Not really a technology solution, some workflow easily leads to error. A lot of troubleshooting have to be done manually through disrupting calls, along with its time-wasting greetings and formalities. If you don't really need the app, best to avoid it. It is even worse in problem resolution, you have to go through elaborate steps where you have to be held on call, and then open your inbox, and input the OTP at the same time. Something is really wrong in the back end.",5.226.0,2022-11-08T05:54:59Z,1
A Google user,"Tiba tiba tdk bisa di pakai, mau loggin tdk bisa juga ....",5.35.0,2019-11-21T05:00:38Z,1
A Google user,"Location SG. I don't normally write reviews but when I do, I make them count. I downloaded this app months ago but only started to use it recently. Installation and registration was fast. It's got a friendly and non-clunky UI, that makes the comfort delgro look clumsy in comparison. I've had a great experience with it so far and recommend it to both iOS and android users. What I love most is that you can greet and thank taxi drivers by their first name. :)",v2.5.9,2014-07-25T10:52:41Z,4
A Google user,"Penanganan masalah paket yang tertukar butuh berhari2, tidak ada juntrungannya. Suruh orang menunggu telpon, tapi setiap kali telpon cuma bunyi 1 kali kemudian ditutup. Begitu terus sampai beberapa kali. Saat complain, CS bilang saya tidak mengangkat telpon. Akhirnya saya sudahi kasusnya, saya nyatakan selesai, tapi akun driver tetap dibekukan.",5.205.0,2022-06-11T10:30:05Z,1
A Google user,Hmm,,2018-02-12T13:10:39Z,5
A Google user,We waited for so long and then eventually they just cancelled our order so disrespectful,5.275.1,2023-11-01T08:59:35Z,1
A Google user,Friendly n careful driver,5.245.0,2023-03-20T05:46:04Z,5
A Google user,on time and the grab drivers are very professional and friendly,5.169.0,2021-10-12T01:00:35Z,5
A Google user,So far so good!,5.76.0,2020-01-01T06:56:09Z,5
A Google user,I've a problem to login. As the server failed to send 6-digits code to my phone number.,,2020-03-31T01:50:56Z,1
A Google user,Still can't open my notifications after the update.,,2017-03-04T04:40:27Z,3
A Google user,Kasih promo ga niat. Susah dapat driver kali pake kode promo,4.37.0,2017-10-09T04:07:24Z,2
A Google user,"Saya mau complain menu grab food yang sekarang. Sangat tidak user friendly. Kalau dulu ketika dibuka, kita akan menemukan pilihan near me, promo, top/favorit resto, dll. Sekarang yang keluar entah resto random apa. Lalu juga dulu kita bisa dengan mudah menemukan list resto yang sudah pernah kita pesan, sekarang harus scroll entah kemana ga jelas. Ini jelas membuang waktu dan tidak efisien. Sampai grab mengubah lagi struktur menunya, saya dan rekan2 saya akan bintang 1 di playstore.",5.275.1,2023-10-23T07:05:22Z,5
A Google user,Ramah sekali dan nyaman terima kasih pak ... Tuhan berkati .....,5.50.0,2019-06-29T14:35:28Z,5
A Google user,Help full aps,,2018-08-21T09:05:42Z,5
A Google user,please open,,2023-04-26T05:04:23Z,5
A Google user,Lagi order grabcar tiba2 akun saya dibekukan. Complain ke twitter @grabid juga ga ditanggepin.,4.27.2,2017-05-21T10:26:20Z,1
A Google user,good n helpful,5.35.0,2019-03-17T23:42:43Z,5
A Google user,Profesional servis,5.145.0,2021-06-29T10:50:19Z,4
A Google user,NAKAKA ASAR ANG MGA RIDERS .. HINDI LAHAT PERO MADAMI SILA NA RUDE TALAGA,5.262.0,2023-07-21T12:58:29Z,2
A Google user,kereen.. kebutuhan sehari2,5.50.0,2019-06-28T11:17:46Z,5
A Google user,This is what u get for putting ads on our games,,2020-12-06T09:00:46Z,1
A Google user,the best rider i have seen,5.271.0,2023-09-17T03:32:45Z,5
A Google user,The app is great and very helpful.,5.74.1,2019-12-27T14:19:17Z,5
A Google user,ga kbayang deh klo ga ada grab,5.49.0,2019-06-20T08:46:33Z,5
A Google user,Help Center is useless. Drivers don't even bother arriving in location. Cars are pieces of trash.,5.230.0,2022-12-09T14:54:25Z,1
A Google user,My friends always get promotion code from Grab. But me and my family didn't. They should give it to everyone. And not selected passenger only. It's so unfair,4.38.0,2017-10-25T08:16:36Z,1
A Google user,"Useful though some times ""so hard to find the drivers""",4.4.0,2016-12-19T15:10:24Z,4
A Google user,ang galing,5.177.300,2021-12-16T02:46:10Z,5
A Google user,Occasionally lag or unable to grab pay,5.57.0,2019-08-16T10:24:52Z,3
A Google user,Why does my pin location no longer in your app? This is really frustrating!!!,5.188.1,2022-02-16T10:16:47Z,1
A Google user,The OVO payment cannot be used!,4.41.0,2018-11-14T02:54:53Z,1
Jo******************************SC,Ok,5.65.0,2020-05-12T10:05:46Z,5
A Google user,The fares have increased a lot,4.21.1,2017-03-12T05:11:52Z,3
A Google user,"KEEPS ON REJECTING MY LOG IN ""Sorry, our server reported an error"" I STILL BALANCE ON IT, FIX THIS!",,2020-05-25T12:19:30Z,1
A Google user,I have experienced sharing a ride with an arrogant taxi driver more than twice here in Cebu City.,v3.8.2,2016-03-08T04:34:47Z,3
A Google user,Many options and functions:) good security features:) d(^_^)b,5.196.0,2022-04-12T11:51:50Z,5
A Google user,punctuality,5.229.0,2023-04-01T15:03:52Z,5
A Google user,Keep on crashing,5.04.0,2020-01-24T07:13:13Z,1
A Google user,Keep log out my account,4.41.0,2017-12-05T01:22:44Z,2
A Google user,"Saya tidak bs donlod grab. .di ovo sya,ada saldonya gmn ini",4.45.1,2020-07-11T08:07:48Z,1
A Google user,Malaking tulong lalo na kapag tinatamad ka magluto,5.54.2,2019-07-27T12:34:10Z,5
A Google user,"Overall is good. Compare to your other competitor, sometimes the app misses on pin-point gps locations. On other words, the app wouldn't let me choose exact location on the map",4.27.2,2017-05-18T00:57:58Z,5
A Google user,"Cant create account. What a waste of time, money and effort.",5.68.0,2019-11-01T07:28:02Z,1
A Google user,Verifikasi sms saat login gak masuk,,2020-02-27T16:45:27Z,1
A Google user,Không đăng nhặp được luôn rồi.,4.19.1,2017-02-24T13:12:35Z,5
A Google user,"The Grab Driver who accepted Grabshare ride, failed to show up 10+ minutes though the app shown he is 4mins away. When I asked him how long to wait and he said another 30minutes! Such long waiting times he still accept the ride for what and forced me to cancel the ride! Used up my cancellation quota! Then, the next driver, as I click JustGrab, also slow in showing up, due to he dropped passengers first cum he ignored me when I waved hand at him and he passed by then went to another place and ask me ""I'm at the pickup point"" but I'm already there ! When can Grab improved it's GPS location detection as good as Uber? I don't faced such stupid things when there is Uber still around! This is what happed when Grab is monopoly in Singapore and Lynft is still not coming to Singapore as competitors hence Grab can slow in improving their app!",5.01.0,2018-07-15T00:14:55Z,1
H***a,"I hope the app's just taking up smaller space. 300 Mb is too much for a hailing app. If there's like a Go app, it would be much appreciated.",5.95.1,2020-05-06T13:38:59Z,4
A Google user,❤️❤️love the service,5.220.0,2022-09-24T14:37:10Z,5
A Google user,Failed to contact grab server,5.45.1,2019-05-21T16:30:08Z,5
A Google user,Punctual and profesional riders.,5.152.0,2021-06-09T07:29:22Z,5
A Google user,Makasih Grab Gua sudah jarang membeli makanan di luar dengan naik kendaraan sudah ada grab gua cuman order saja,5.48.1,2019-10-30T07:22:19Z,5
A Google user,Top.top,5.74.1,2019-12-19T04:10:23Z,5
A Google user,"The Accurancy of Location should be improve,so dissapointed on this application",4.51.1,2022-04-07T02:39:29Z,1
A Google user,kode promo ovo tidak bisa di tulis utk pesan makanan. sy sudah pesan pakai ovo tapi tidak dapat disc 60. sungguh sangat kecewa. sudah 2 kali sy di kerjain kaya gini. aplikasi grab sudah yg terbaru. jadi bukan aplikasi grab lama. tidak sesuai janji nya.,5.33.0,2019-02-25T14:36:37Z,1
A Google user,"My reliable, go-to app for convenient transport.",4.18.0,2021-02-15T12:53:23Z,5
A Google user,Didn't know that the booking surcharge still applies. Maybe show a warning that the Singapore booking surcharge still applies? Would be good to warn people. It won't deter people from using as it's still more convinent then calling the taxi hot line.,v2.5.9,2014-08-21T12:43:47Z,3
A Google user,so helpful,5.54.2,2019-08-13T05:21:21Z,5
A Google user,now I can't grab to go home at a late hour. will grab be responsible for my safety?,5.232.0,2022-12-26T15:09:49Z,2
A Google user,Super amazing!!,v2.6.3,2015-04-16T08:16:36Z,5
A Google user,The button auto accept will automatically turning off when you open another apps on your pbone..please fix it,4.53.1,2019-12-29T05:26:08Z,1
A Google user,"Lama kelamaan tambah parah aja, orderan makanan di tambah 1rb sampe 3rb katanya untuk biaya parkir. Di minta karcis parkir kagak ada, katanya parkir liar. Aduh! Lalu, grab food pada banyak minta cancel dari motor di bengkel, lokasi kejauhan, tidak cukup uang, anak masuk rumah sakit. Pokoknya ada aja. Minta customer cancel. Lha kalo segitu ya jangan auto bid dong!",,2019-04-20T12:17:29Z,1
A Google user,fare amount for myanmar customers,4.32.1,2017-09-22T23:02:13Z,5
A Google user,"aplikasinya bagus, banyak promonya wkwkkw tp yg ga aku suka banyak bgt toko yg di grabfood harga nya tidak sesuai di aplikasi, jadi tolong ya ini ngeselin bgt coba kalau misal orang yg bw duit itu pas kan kasian tiba2 harga berubah lbh mahal lagi berubahnya",5.46.1,2019-07-04T12:51:17Z,5
A Google user,"Grab does not have customer support hotline. They only want you to create a ticket but they are not attending any issues you report. They also do not provide the riders number after delivery. So, if items are missing they are off the hook. Grab is not responsible and does not have any concern with their customers. They only want the money",5.184.0,2022-01-20T07:17:06Z,1
A Google user,"My GrabPay verification hasn't done yet, after about 3 months...",5.160.0,2021-08-11T18:26:56Z,4
A Google user,I think the edit profile has a bug i can't edit my email address and Im not receiving any emails with regard to the rest of my pin it's disappointing hope this gets fix,4.25.0,2020-03-25T05:23:28Z,1
A Google user,Slow connection,5.64.0,2019-10-05T15:31:45Z,5
A Google user,sangat mendukung kenaikan tarif. kasihan para driver selama ini mereka bekerja dg baik melayani customer.,5.43.0,2019-05-10T10:50:16Z,5
A Google user,Thank you for coming in our lives Grab!,4.21.1,2017-03-10T16:20:37Z,5
A Google user,its a good apps for people who don't have any vehicle but sometimes it hard to search the driver but overall its a nice service,,2019-08-10T10:41:44Z,5
A Google user,baekkk,,2019-05-31T12:18:05Z,5
A Google user,"Very convenient if you need a ride, or food! Which is what I use this app for.",5.164.0,2021-09-02T08:04:02Z,5
A Google user,I missed out the fare when booking,5.95.1,2020-05-25T07:21:12Z,5
A Google user,grab use my account for another user. i never go to singapore but still got email saying i have use grab at singapore. im going to sue grab because using my account email without my consent.,5.53.0,2019-07-18T15:10:48Z,1
A Google user,Helpful and informative driver,5.65.0,2019-10-11T00:46:10Z,5
A Google user,Excellent Good,5.32.0,2019-09-09T14:48:01Z,5
A Google user,gahaman ito grab . lalo na pagdating sa basefare mataas yung singil nya sa mga cs pero yung bigay niya sa mga driver partner kakarampot kulang i libre nya yung fare . hindi partner yung tingin nya sa mga driver nya,5.180.0,2021-12-28T17:42:28Z,1
A Google user,So far no issue with either grab car or grab food. Good service,5.98.0,2020-05-28T08:28:06Z,5
A Google user,"Ive been using grabFood most weekend, but maybe u also want to put tip for the rider too?",5.59.0,2019-09-01T09:03:47Z,5
A Google user,convinience...,5.85.0,2020-03-07T05:04:01Z,5
A Google user,abit too pricey. customer service is bad.,5.160.0,2021-08-04T05:35:35Z,1
A Google user,"This app has the best model of all the taxi apps. You can select your pickup and drop off location and check the price beforehand. The drivers on this app are terribly unpredictable, however. Sometimes I'll order a taxi and the taxi that agreed to pick me up starts driving away from me, only to message me 5 minutes later that they're not coming. Sometimes they'll show up no problem. Sometimes it says they've arrived when it clearly shows on the map that they're a street or two away still.",5.104.0,2020-07-19T11:31:07Z,3
A Google user,not bad,5.49.0,2019-07-23T10:51:34Z,5
A Google user,MbFaysal,5.254.0,2023-05-20T16:39:25Z,5
A Google user,Wah Grab blocked me sia...,4.40.1,2017-11-20T15:48:45Z,5
A Google user,"I subscribe the grab unlimited, they give the 50% off voucher on food, but when renew the next month, 50% off voucher was not there anymore even it mention i have it at the subscribe plan.what a lousy scam is this.",5.196.0,2022-04-15T08:33:59Z,1
A Google user,"I like thos. each of them give us worning about remaining space, the time when our HP Sould be clean.",5.17.1,2019-03-19T15:47:47Z,5
A Google user,nice magaling maganda gamitin ang grab nato masaya to gamitin pag nakakascam ako ng tao,,2020-08-15T03:04:34Z,5
A Google user,"Packages yang mau dibeli hilang saat mau bayar, tertulis error, pas dicek lagi package yang mau dibeli menghilang",5.220.0,2022-10-04T09:16:11Z,1
A Google user,Easy to go somewhere,5.71.0,2019-11-26T07:40:41Z,5
A Google user,very good price and correct price,5.49.0,2019-06-16T12:48:10Z,4
A Google user,friendly driver,,2020-03-13T07:05:20Z,5
A Google user,it's all good,5.50.0,2019-07-30T18:05:51Z,3
A Google user,Fast service,5.143.0,2021-04-08T09:20:35Z,5
A Google user,ok no problem,5.149.1,2021-05-27T13:21:09Z,5
A Google user,Not Impressed at all!,5.06.0,2018-08-16T05:32:23Z,1
A Google user,"Apps is good. One thing exact location for rider, its to be helpful riders and drivers",4.27.2,2017-06-03T01:48:42Z,4
A Google user,This grab app many times doing use.then now can't open. Why this problem i don't khow?,5.09.1,2020-02-16T11:02:20Z,5
A Google user,"Saya order, orderannya gak masuk ke tempatnya, driver juga gak mau disalahin padahal dia salah juga, pihak cs Grab gak bisa ngapa2in + driver ngeyel gak mau telp. Bangsat semua emang. Order number GF-730. Pesen kopi aja banyak masalah (: Saya sebagai orang yang belajar IT kecewa banget, sistemnya kok bisa gini sampai-sampai pelanggan harus mbayar 2 kali baru pesenan bisa dianter kalau ada case seperti ini.",,2019-12-06T04:26:52Z,1
A Google user,I love grab! But if i want booking ..driver not found..and if i spam booking still can't find the driver..it is more expensive..i give 5 star because i want the owner read this .. i hope after The price will not be as expensive as what I said..because I am still a school student..I always go up grab because I go to school,5.198.0,2022-05-08T06:56:29Z,5
A Google user,"Kampret, aplikasinya berat banget di Lenovo A6000",4.43.1,2018-02-28T13:04:53Z,1
A Google user,โปรโมชั่นเยอะ ส่วนลดเยอะ เผลอๆ ถูกกว่าไปซื้อที่ร้าน ชีวิตสะดวกสะบายขึ้นมาก,5.66.1,2020-03-21T10:57:14Z,5
A Google user,"Topup using credit card should have authentication. When you've successfully enrolled a credit card, all succeeding topups no longer require auth or verification. Other than that, the app is very convenient during the pandemic.",5.154.0,2021-06-25T04:28:58Z,4
A Google user,Nakaka disappoint yung services niyo when it comes sa problema ng client niyo! Naka ilang email na ako sa inyo any update WALA KAYONG BINIGAY NI ISA! Ang tagal niyong mag refund 2 days na hindi niyo parin binabalik yung 675 ! Sinong customer niyo ang matutuwa dun? Damn!,5.162.0,2021-08-19T09:29:37Z,1
A Google user,The price❤❤❤❤❤❤❤,4.26.2,2017-05-04T08:41:16Z,5
A Google user,Must have following options: Rate a driver / passenger User should be able to also filter bases on these rating and selext,v2.5.1,2014-04-30T05:55:07Z,4
A Google user,Trashy services for lesser known places like people's houses,5.09.1,2018-09-07T09:02:27Z,1
A Google user,Love the app. Incredibly cheap fare and tonnes of vouchers await!,5.57.0,2019-08-18T07:11:59Z,5
A Google user,"account grab error, fix lah jadi ga ada satupun driver yg bisa angkut gimana sih",4.46.2,2018-03-05T00:09:58Z,1
A Google user,Everytime first chat open sms need to back once to chat on apps,5.216.0,2022-09-01T16:39:52Z,1
A Google user,Good for everybody this transport,5.36.3,2019-03-18T23:03:41Z,5
A Google user,grab super,,2019-06-28T05:31:15Z,5
A Google user,besttt,,2021-02-02T06:26:08Z,5
A Google user,more2 promo....again...,5.54.0,2019-07-17T04:37:25Z,5
A Google user,It's ok to charge high but at least make your application precise and correct. Every Sunday some restaurants are close yet you wasted the time of the driver and consumer. Cancelling is pain in the ass when it comes to customer service use your common sense and earn more money,5.126.0,2020-12-06T06:35:04Z,1
A Google user,"grab sekarang mahal walau udah pake promo, uang jajan buat di sekolah jadi kepake buat bayar grab sedih ):",,2019-07-28T03:31:26Z,3
A Google user,Gud Service But Money Expensive... Plz Low The Prize... Thank you,4.32.1,2017-08-19T17:27:26Z,5
A Google user,pls fix bug when I recieve message in app random music plays in the background.. When placing order on grab food I cant see location of rider before arriving at the restaurant.. pls revert back to the old code Huawei p30,5.72.0,2019-11-26T13:26:34Z,1
A Google user,Best services,5.171.0,2021-11-03T07:15:09Z,5
A Google user,Good service and economis price ...,5.57.0,2019-08-18T12:36:20Z,5
A Google user,Big thank's,,2018-06-16T15:59:26Z,5
A Google user,Sometime the apps is closed,4.32.1,2017-08-12T03:15:33Z,3
A Google user,lokasi ga bener bener,,2022-07-23T08:57:58Z,1
A Google user,must cancel because the driver asked it will take time because of traffic and car was too far. then totally cant book. its not my fault stupid app. Are you rejecting booking because multiple cancel? ppl cannot wait for car which is too far and stucked in traffic. so stupid.,5.11.1,2018-09-25T16:00:03Z,1
A Google user,superb app,5.180.0,2022-01-09T03:18:21Z,5
A Google user,"Transportasi yg murah, mudah dan aman... semoga pelayanan driver nya dioptimalkan dan tarifnya jangan terlalu mahal utk masyarakat Indonesia..",4.6.4,2016-12-07T06:02:55Z,4
A Google user,But be prepared to meet all kinds of drivers. Have an open mind :-),4.13.1,2016-11-01T14:02:14Z,5
A Google user,"Its weird bcoz the grab allow 4 passenger but when driver arrive, he only allow 2 passenger, i'm so mad since we are rushing that time",5.172.0,2021-10-27T05:45:52Z,3
A Google user,Lovely!!,5.50.0,2019-06-24T04:39:43Z,5
A Google user,gud,5.140.0,2021-03-23T07:35:27Z,5
A Google user,thank you Grab,5.48.1,2019-06-09T12:09:11Z,5
A Google user,"Normally convenient, but not very helpful om rainy days.",5.51.0,2019-07-03T03:32:40Z,4
A Google user,Grab is simply the best!,4.37.0,2017-12-17T18:10:10Z,5
A Google user,Very useful and helpful app...good job grab.,4.50.1,2018-05-08T00:56:56Z,5
A Google user,Sedap burger mcd,5.238.0,2023-02-04T09:50:18Z,5
A Google user,gets the job done,5.52.1,2019-07-10T10:21:57Z,5
A Google user,Comfortable transport,v3.6.6,2015-12-20T23:52:35Z,5
A Google user,It's amazing to be use,4.43.1,2018-05-18T13:30:33Z,5
A Google user,"My account was disabled for Grab Pay, but I was never made aware of this and no information was sent to me when I deposited money into the Grab Pay account. Concrete support was only provided on the 3rd day of continuous pestering and complaining on all their social media accounts. It's a 100% unacceptable business practice to continue letting people deposit money into a disabled debit account, and the time it took to provide support is substandard in every way.",5.51.0,2019-07-05T11:04:19Z,1
A Google user,okay la,5.23.1,2019-03-09T04:44:00Z,5
A Google user,"Please add more plans of subscription, it will be very useful for the worker or student who has an everyday trip",5.64.0,2019-10-02T16:52:43Z,4
A Google user,why my acc has been suspended,5.24.1,2019-01-09T20:28:20Z,1
A Google user,Its a nice service just that i hope Grab Food can accept cash,,2020-01-10T11:33:27Z,5
A Google user,Driver was nice and quick delivery,5.80.1,2020-03-26T01:19:59Z,5
A Google user,I think you should a condition for charging the cancellation fee to the customers. The condition that I recommend is to only make it valid when the driver is already on the location and waited 5:00 mins. I experienced getting charged for the cancellation fee even if the driver didn't really wait for 5 mins in the pickup location.,5.233.2,2022-12-26T00:36:17Z,3
A Google user,"Grab Food nya diperbaiki donk. Perlu menu filter, sort, mulai dari jarak terdekat atau yang 24 jam. Terutama di kota malang. Tolong benahi!!!",4.55.2,2018-06-30T03:40:19Z,2
A Google user,i love promo,5.55.1,2019-07-30T03:53:39Z,5
A Google user,"Kindly enable ""schedule"" option for GrabCar Economy.",4.6.4,2016-07-12T23:48:58Z,5
A Google user,Good I feel good,,2017-05-28T04:43:59Z,5
A Google user,"hari ini error, setelah di update",5.13.3,2018-10-07T01:45:12Z,1
A Google user,Cancelled my cab only to have cabbie call and ask for my location. Told me he did not get the cancellation and then went on to tell me of all the passengers he gave up to answer my call. Felt bad and had to APOLOGISE ON BEHALF OF GRAB TAXI. WTH?,v2.5.9,2014-08-24T14:47:51Z,3
A Google user,Aplikasi nya bagus..,4.21.2,2017-03-18T10:40:32Z,5
A Google user,Pas saya order grab car kenapa harus butuh foto coba !! Padahal saya naik sendiri dengan akun saya sendiri !!Tolong ya di perhatikan lg buat pihak grabnya. Jangan di ribetin bisa ga!!,5.135.0,2021-02-25T05:16:46Z,1
A Google user,To music,,2016-11-08T14:01:44Z,1
A Google user,I would give it a ZERO if i can. Because of your driver cancelling i got late for my classes and had to miss my test. Seriously what kind of operation is this??? You cannot simply cancel the booking in the last minute when you are alrdy 1 minute away from the pickup zone! At this rate I might as well use uber instead of grab,4.34.1,2017-09-06T02:13:56Z,1
A Google user,Thanks for support people..,5.85.0,2020-02-24T03:16:45Z,5
A Google user,Fare is high always,5.47.1,2019-08-22T01:03:25Z,1
A Google user,sucks i can't sign in the apps,5.42.0,2019-05-07T04:14:39Z,5
A Google user,"Had tried twice, but both drivers asked to cancel the order while i'd been waiting for 30 minutes.",v3.7.2,2016-02-10T11:56:50Z,1
A Google user,Realy make my daily activity run smooth,4.40.0,2017-11-15T14:51:18Z,5
A Google user,it was helpful for me,,2019-03-16T00:13:19Z,5
A Google user,Missed pick up your money order will dispose off. Don't use this grab food !!!,5.131.0,2021-02-13T05:34:20Z,1
A Google user,I have problems adding my credit card for months . Have yet to receive any response from grab zz,4.25.0,2017-04-18T12:33:16Z,5
A Google user,It helps me a lot when I have to commute alone or with family. I got good driver so far.,4.29.0,2017-06-22T03:06:53Z,5
A Google user,Ok convince to uhse,5.88.0,2020-04-22T09:13:49Z,5
A Google user,The system should remove the riders destination until driver accept the booking.,v3.2.3,2015-09-11T10:12:55Z,3
A Google user,Grab is the most bully online taxi service I have ever used. Drivers in Bangkok dont know how to use GPS and I dont know why Grab is chosing such people. They cant survive by using such Drivers. Hope there will be other alternative applications soon to save us from their drivers.,5.60.0,2019-09-26T16:48:25Z,1
A Google user,Great experience! More pictures of menus or shops would be nice.,5.66.1,2019-10-15T06:27:39Z,5
A Google user,Good but everytime if want 2 use i must uninstall n install back.after that can use.if not do like that canot use this apps..,4.37.0,2017-10-13T22:30:16Z,5
A Google user,"After the latest update, my grab wallet has suddenly disappeared! What happened?? I tried looking inside the app to find a way to report this problem, but there is just none! There is no way to report a problem with the app from within the app except through here and by email, I think. This is quite frustrating.",5.29.0,2019-01-29T07:30:54Z,2
A Google user,Good job.,5.53.0,2019-07-20T22:42:31Z,5
A Google user,คุ้มจริงๆค่ะ/โค้ดส่วนลดมีตลอด/ประหยัดกว่าเดินทางไปกินเอง,5.45.1,2019-05-18T06:27:26Z,5
A Google user,Done,,2018-02-23T11:09:43Z,5
A Google user,"GPS always a problem, Making harder for everyone to spot the customer and drivers.",4.24.0,2017-04-03T03:00:31Z,4
A Google user,It's good,5.55.1,2019-08-19T05:33:57Z,5
A Google user,Lumayan,,2018-08-09T07:12:28Z,3
A Google user,Simple app,4.24.1,2017-05-18T19:29:18Z,3
A Google user,setelah update aplikasi grab yg terbaru.saya tidak mengerti kenapa saya tidak bisa log in lagi ya.,4.14.1,2016-12-14T03:47:53Z,1
A Google user,Useless.,5.114.0,2020-09-20T14:16:57Z,1
A Google user,Grab driver worse. Even if they wait us for 5 min due to their mistake but still charge us. They are scammer n cant be rate. Time for waiting become more longer due to ehailing. Difficult to call contact center.,5.74.1,2019-12-27T22:50:21Z,1
A Google user,his a good and kind fellow...,5.224.0,2022-10-30T16:42:04Z,5
A Google user,Very Fast App,5.245.0,2023-06-11T13:50:00Z,5
A Google user,rất tốt.,5.266.0,2023-08-23T13:18:55Z,5
A Google user,System aplication sometimes does not running well,5.106.0,2020-07-22T05:20:25Z,3
A Google user,"Booking always cancelled automatically, and it's the nearest compared to the second booking by distance and waiting time.",5.82.0,2020-02-06T03:22:29Z,3
A Google user,Its good you can use for emergency,,2022-05-19T16:25:39Z,5
A Google user,My feedbacks are not responded to,4.19.1,2017-02-22T13:25:30Z,5
A Google user,Revise ur fare for driver partners,5.242.0,2023-03-02T05:36:59Z,1
A Google user,bkit nag eerror?,5.23.1,2018-12-22T00:11:56Z,5
A Google user,Di suspen wkwk,5.52.1,2019-10-12T01:42:11Z,1
A Google user,"Lumayan lagi banyak masalah akhir"" ini pake grab, ovo tiba"" hilang walau balik lago terus sekarang katanya ""our driver are busy"" tp disekeliling banyak bgt drivernya",5.14.1,2018-10-18T03:47:32Z,3
A Google user,"Kemarin saya naik grab mau menuju rumah bersama keluarga saya 5 orang. Kita sudah nunggu lama2 tiba2 mas2nya ngomong kalo, gk bisa 5 orang naik padahal sebelumnya, kita naik avansa yang mobilnya lebih kecil bisa mengangkut 5 org, tp knp terios yg mobilnya lebih besar tidak bisa bisa disitu saya marah dgn driver",,2018-06-12T16:15:33Z,2
A Google user,how do i use that point ??,4.46.6,2019-01-17T09:45:04Z,1
A Google user,Gytyr,,2019-11-07T08:37:18Z,3
A Google user,Can not open the notification. So that I can not apply the code promotion. Pls fix it! Thanks,4.42.1,2018-01-13T00:44:08Z,3
A Google user,"I have been using these app for the past three weeks. All good till the third week. Same time booking, it increased the fare by $1 and by now, it becomes difficult to get driver, the app kept encourage customer to choose a higher cost ride......",,2016-08-03T23:01:11Z,4
A Google user,Udah dua kali mesen.. pilihan bayar pake ovo.. selalu aja jadinya cash..,4.53.1,2018-07-13T04:49:55Z,2
A Google user,bagus aplomb the first one to two of the best of luck with the new 1st place to start with,5.44.0,2019-05-13T00:36:22Z,5
A Google user,A good app but expensive service,5.131.0,2021-01-10T03:20:38Z,3
A Google user,"Best ride hailer user experience in Indonesia, compared to Gojek and myBlueBird.",5.277.0,2023-10-29T12:12:22Z,5
A Google user,"Hemat, cepat, dan utamakan selamat.",,2019-09-01T23:46:07Z,5
A Google user,The notification can not show in my passenger Grab apps,4.19.1,2017-02-19T08:04:32Z,4
A Google user,"It won't get past the loading screen. Unable to even book ride. Stuck like that for almost 30mins. Even tried resetting phone. No effect. Sometimes, the app tells me to register as if I'm a new user.",4.46.3,2018-03-06T08:50:14Z,1
A Google user,Amazing app for a stranger to get a driver,4.11.1,2016-11-10T05:05:09Z,5
A Google user,Tolong drivernya di filterlagi mana yang mau sama yang gamau narik jangan sampe ada driver yang beda 100m aja bilang jauh terus minta cancel klo bisa klo di cancel karena driver yang minta ban aja drivernya 2 atau 3 hari gitu,5.08.0,2018-11-05T11:09:28Z,1
A Google user,i cannot even register account...stupid,5.44.0,2019-05-15T15:44:39Z,1
A Google user,Good and reliable,5.69.1,2019-12-09T03:32:00Z,5
A Google user,I use grab hampir balik2 or hampir stiap hari but why i rarely get promo code instead of my friend yg sangat jarang guna grab balik2 dpt promo?,5.54.2,2019-07-25T06:48:21Z,2
A Google user,Why i caant download itt,,2020-07-20T11:23:06Z,1
A Google user,helpful for me to go anywhere,5.42.0,2019-05-29T10:14:52Z,5
A Google user,"After I add credit card, it doesn't allow me to use it for payment mode. Tried calling hotline but cannot get through. Sent email but nobody get back after few weeks. Had sent a total of 3 email regarding about this issue but nobody get back to me.",4.16.1,2016-12-17T03:20:08Z,1
A Google user,Fast delivery Good services,5.163.0,2021-08-29T11:20:28Z,5
A Google user,"efficient, food is still hot",5.261.0,2023-07-12T09:42:19Z,5
A Google user,tq,,2019-06-14T09:41:46Z,5
A Google user,Membantu,5.11.0,2018-09-19T11:49:40Z,5
A Google user,"i can't relogin because i deleted my old facebook account, it was hacked, and now i cannot login or do something to change it",5.50.0,2019-06-22T06:25:48Z,1
A Google user,"Akhir2 ini driver grab suka ngeselin, apalagi grab car. Saya pernah nunggu 1 jam lebih ga ada kejelasan, tiap kali di tlp bilang udah jalan, pdhl harusnya posisi dia ke tempat pick up ga nyampe 10 menit dan ga macet juga. Pas di cancel dia marah2 tau2 cul dtg depan rumah marah2. Barusan saya mesen dia minta cancel katanya kejauhan tempat pick upnya pdhl paling lama cuma 15menit sampe. Udah lah makan hati pake grab gara2 drivernya. Uninstal aja. Bye!",4.42.0,2017-12-22T04:40:47Z,2
A Google user,Mabilis at okay ang travel walang hustle,5.67.0,2019-10-25T03:24:51Z,5
A Google user,It's easy and fun thankyou,,2020-10-25T07:42:31Z,5
A Google user,"I am not able to log in to my account. Tried Google, FB or my mobile no and it keeps going back to the first step asking me to add my contact no. Until now I am still not able to use the service.",,2018-09-21T19:56:44Z,1
A Google user,Thanks grab untuk servicenya selama ini,5.06.0,2018-11-09T08:57:53Z,4
A Google user,"GPRS always led the driver to wrong location, girth time. That cause me pay extra money. Waste our time.",5.177.300,2021-11-28T12:36:59Z,3
A Google user,Love love just love it!!,4.23.1,2017-04-19T23:36:57Z,5
A Google user,Super slow response driver in indonesia,4.5.0,2016-06-08T01:36:55Z,1
A Google user,"Gak bisa login, pakai email / nomor sama aja, gak ada opsi lain",,2023-07-31T05:31:38Z,1
A Google user,Great and convenient app to use,5.143.0,2021-04-05T09:30:41Z,5
A Google user,price,5.216.0,2022-09-02T13:53:10Z,1
A Google user,fast booking and reasonable prices,5.55.1,2019-08-05T01:16:03Z,5
A Google user,Awesome! Very convenient at a considerably fair price (food) app.,5.49.0,2019-06-20T05:29:41Z,5
A Google user,Superv service,5.156.0,2021-07-10T07:49:49Z,5
A Google user,"So far, all the driver are very helpful and friendly.",5.53.0,2019-07-17T15:52:14Z,5
A Google user,driver very good.,5.167.0,2021-09-26T23:16:54Z,5
A Google user,Amazing service,,2020-08-18T12:18:23Z,5
A Google user,this application help me most. if I need transportation especially if I want to go to the mall which is difficult to park the car. With grab car its no need to queue. I can save time. And with grabfood I can safe time to order food from home eapecially if it suddenly I am hungry at night or at work. Grab express most helpfull for me to take or sent anything anytime I need. That usually I must send the goods myself. So I am thankfull to the Grab official that help most of us. Good Job for Grab.,5.46.1,2019-05-28T11:52:45Z,5
A Google user,burukkkk!!!!,,2019-01-02T23:03:25Z,1
A Google user,Convenient and helpful,5.59.0,2019-09-02T08:55:17Z,5
A Google user,app crashes everytime,5.175.1,2021-11-21T06:59:48Z,1
A Google user,Driver was awesome.. Nice app.. Thank you grap app,5.123.1,2020-11-19T00:46:50Z,5
A Google user,everything is okay,5.213.0,2022-08-14T14:54:18Z,5
A Google user,Grab food is the fastest food delivery ever 🥰,5.59.0,2019-10-02T06:03:17Z,5
A Google user,"Worst customer service ever. Ive been emailing them to get a solution & i have completed all the steps for me to get my account back, it's been several weeks and nothing resolved until today! I couldnt use my account, ive completed all the steps, they told me to wait 5-7 days but i still couldnt use my account. The customer service couldnt even handle my problem that well, in that case they failed miserably, they always used a template to answer my email, its indeed worst customer service ever!",5.75.0,2019-12-29T03:55:20Z,1
A Google user,The driver ask to multiply the fee,,2017-08-12T16:21:36Z,1
A Google user,okk,,2019-04-27T01:02:05Z,3
A Google user,Variy naies,5.57.0,2019-08-17T23:16:42Z,5
A Google user,super service,5.55.1,2019-08-03T14:39:35Z,5
A Google user,Can i give less than 1 start menyusahkan nak edit alamat. Patut boleh edit.ni beri pilihan alamat apa nak letak.,,2021-09-22T11:58:19Z,1
A Google user,I love u,5.54.2,2019-09-30T03:37:55Z,5
A Google user,registration,4.16.1,2016-12-21T14:11:27Z,5
A Google user,very nice..,5.50.0,2019-06-27T13:24:17Z,5
A Google user,discount and Many discount. Great app,5.68.0,2021-05-23T12:48:45Z,5
A Google user,goodssss,,2021-10-18T06:24:58Z,5
A Google user,The best app for all my needs. I love Grab food especially. I'm a fan. Keep it up.,5.66.1,2019-10-20T05:18:56Z,5
A Google user,Ge ade,,2021-09-04T06:29:59Z,5
A Google user,What is the use of showing me closed outlet? Can i buy from it? No. Should have just shown outlet that is open. Wasting my time by showing outlet that is closed that i can't even order.,5.216.0,2022-09-05T23:50:18Z,1
A Google user,Usefull App,5.76.0,2020-01-03T12:06:06Z,5
A Google user,When I use pin lock screen can't open app.,v2.6.1,2014-11-16T09:11:33Z,2
A Google user,Regarding about grabshare. I hope when you're going to pick up another rider it's not out of the way of the first rider's drop off way. Yeah it is cheaper than grabcarhowever it causes incovenience.,4.26.0,2017-04-25T22:11:20Z,5
A Google user,"Notes to drives its totally useless. I order grab food n write notes to driver, but they cant read it. Its totally useless. I even cant ask half sugar for my drink. USELESS!",,2018-04-19T07:48:39Z,2
A Google user,Smart services,,2016-10-03T13:30:59Z,5
A Google user,sek kito jange pecoh!,5.177.300,2021-12-14T04:39:16Z,5
A Google user,"Good service, right away.",5.35.0,2019-06-18T06:12:56Z,5
A Google user,"The transport service monopoly in the Philippines. High cost, Low quality service.",5.23.1,2018-12-19T02:43:44Z,1
A Google user,Is not letting us to get a booking with the new updates is so laggy!!!,4.53.1,2018-06-22T10:46:09Z,1
A Google user,it's good,5.52.1,2019-07-09T01:51:11Z,5
A Google user,"Ur drivers must give way to pedestrian. must not hv weird car smells. must always clean their car pls there are times when i cant rate my ride so i hv to go back to History to do it. If i go back to History, it allows ne to rate but i cant leave comments. now my ride today jan 25 2018, stayed in 6 mins wait time in such an early morning, i waited for 7-8 mins for the time to turn to 5 mins, so either the driver (0x7088) accepted r booking too early and made us wait or its a server/app problem. pls fix 2 things a. this intermittent problem preventing us to rate b. and educate ur drivers to be 'timely'",4.43.1,2018-01-24T22:37:47Z,3
A Google user,"Please provide CS online or chat online, it will be much better if costumer had problem.",5.60.0,2019-09-14T12:29:30Z,5
A Google user,although there are times that the driver did not accept or cancel your booking.,5.57.0,2019-08-14T11:23:15Z,5
A Google user,"Under Grab Hitch, if possible to have filtering by time option under recommeded list. That will be easier for arranging carpool for few riders in one trip.",4.39.1,2017-11-09T22:29:02Z,3
A Google user,Wanted to report an issue about the grabcar driver. But the report function isn't working as it is cannot connect to the Grab server.,4.5.0,2016-06-06T02:06:50Z,2
A Google user,lots of discount,5.50.0,2019-06-29T06:56:00Z,5
A Google user,"Was at overseas and when I'm back the app still shows the location of the country I was in and couldnt locate anywhere in SG so I used another provider instead. Other times or in fact many times, the location reporting is not accurate. Poor app.",,2018-12-10T05:09:54Z,2
A Google user,mag deliver kayo ng grabfood sa laguna plssss,5.57.0,2019-08-14T03:08:48Z,3
A Google user,"Males bgt sama service grab food yg sekarang, pesanan banyak orang di campur2 jadi ga ke handle dengan baik. Kalah jauh dari service food aplikasi yang lain. Biasa 30 menit makanan sampai kalo di aplikasi sebelah, giliran pake grab 1 jam lebih baru sampai.. keburu maag yang pesen makan.",5.266.0,2023-08-19T05:48:23Z,1
A Google user,the best app and easy to use and easy to go any where and more cheaper than another trnsport i like it.,4.27.2,2017-09-06T19:34:44Z,5
A Google user,"When I tried using Grab in Malaysia, I always got an error that said ""Nearby drivers are busy"". However if I used AirAsia Ride or InDriver I would be able to find a driver in seconds so I think there was an issue with Grab. I also noticed that prices in Grab were consistently 15-20% higher than these other apps. Also when I used the app in Singapore and my driver canceled I was still charged in advance. Grab's help centre and customer service have not been helpful in resolving this issue.",5.210.0,2022-07-19T03:56:19Z,1
A Google user,Bal,4.40.1,2017-12-13T07:53:46Z,5
A Google user,"1.the delivery guy ask for additional payment charges , better put it full on receipt not ask directly via chat 2.My account get suspended for no reason , welldone",5.163.0,2021-08-28T12:16:20Z,1
A Google user,Beberapa kali saya memesan grab menggunakan grab pay atau kode promosi 3 jam saya di tolak. Ternyata menurut beberapa laporan driver grab tidak mempunyai sistem pembayaran yang jelas apabila menggunakan grab pay atau kode promosi. Bahkan beberapa driver tidak mendapatkan bayaran mereka. Apabila informasi yang saya terima salah mohon penjelasan,,2016-09-05T07:40:24Z,1
A Google user,So helpful .. Like it,4.45.0,2018-03-21T05:04:28Z,5
A Google user,Good App and helpfull,5.43.0,2019-06-14T03:59:13Z,4
A Google user,Over pricing! This app sucks!,5.05.1,2018-08-17T16:11:13Z,1
A Google user,The map shown is incorrect while book a car. It didn't show the actual car movement... Please fix this problem. Tq,5.247.0,2023-03-31T02:28:27Z,3
A Google user,im a software analyst.. and i can say that the design does't deserve a 5 star.. people use this because we actually don't have a choice..,5.27.0,2019-01-15T00:17:34Z,1
A Google user,In short the best service to travel with,,2017-02-09T16:14:49Z,5
A Google user,Good app :) sangat membantu dalam menyediakan transportasi yg murah. Saran: driver harus menggunakan map shg tidak perlu diberitahu oleh customer,4.19.1,2017-04-11T04:54:33Z,4
A Google user,wrongly directed to destination,5.84.1,2020-02-26T23:23:31Z,5
A Google user,I will try first,,2017-02-10T14:20:07Z,5
A Google user,it's a fine one.,4.51.1,2018-12-26T01:41:59Z,5
A Google user,tingkatkan supaya lebih aman,5.44.0,2019-05-15T01:12:23Z,4
A Google user,"easy to use, integrated cashless paymentl",5.53.0,2019-07-19T00:39:42Z,5
A Google user,Slow. So apparently some store is grabfood are like ghost store order alrdy can don't delivery one.,5.189.0,2022-02-24T00:40:10Z,2
A Google user,"Membuat group order membuat pesanan lama,dan tidak bisa melihat maps,serta susah untuk me cancel orderan",5.88.0,2020-03-18T05:32:21Z,2
A Google user,grab is guud,,2019-06-25T06:36:05Z,5
A Google user,It would be better if we can opt to pay in cash when using promos.,4.34.1,2017-08-29T14:48:45Z,2
A Google user,จะเรียกเท็กซี่ต้องถ่ายภาพหน้าตัวเองเพื่อยืนยันตัว ลบทิ้งไม่ใช้,5.59.0,2022-04-29T09:06:16Z,1
A Google user,Greaaattttt app,v4.0.4,2016-04-14T17:20:57Z,5
A Google user,"The app is generally good, with only lagging that back button does not bring the user out.",4.9.0,2016-09-10T04:07:17Z,3
A Google user,Very good price & safe too with new cars,4.29.1,2017-07-08T11:08:41Z,5
A Google user,very dificult to use not user friendly,5.42.0,2019-04-30T16:33:47Z,1
A Google user,"Somethings wrong with grabfood section. Everytime I try to click on a restaurant or search one, a popup says ""Grabfood is coming soon, stay tuned"" or sometimes it directs me to Grabmart instead of Grabfood. The grabfood section is also missing from the app so I have to click on a poster or ad from a restaurant like yellow cab to get to the search engine of grabfood",,2022-08-24T17:13:45Z,1
A Google user,Verry cheap more than gojek,4.48.1,2018-07-20T23:37:45Z,5
A Google user,Improve cheap price please,5.69.1,2019-11-09T11:46:27Z,5
A Google user,"I've used it in Manila, Davao and Cebu. So far all drivers are advocates of the app and take time to explain details to me. They also are very professional and know the streets of their areas really well. Thanks, Grab Car/ Grab Taxi for professionalizing for-hire private transport services. More cars please!",v2.8.1,2015-07-27T15:02:16Z,5
A Google user,Sangat baik,5.155.1,2021-07-08T09:55:47Z,5
A Google user,"Delivery so expensive recently, would rather order from Foodpanda",5.183.0,2022-02-02T01:44:53Z,1
A Google user,Simangot,4.3.0,2016-05-17T08:12:45Z,2
A Google user,Helpul,,2023-09-20T18:06:20Z,5
A Google user,Unable to open app,5.172.0,2021-10-30T07:06:58Z,1
A Google user,unfair fare and treatment,5.75.0,2021-12-29T03:51:58Z,1
A Google user,AWESOME,5.128.2,2021-01-05T16:34:16Z,5
A Google user,Tried pabili but its useless tried using different modes of payment but still it doesn't work. Disappointed.,5.148.0,2021-05-14T04:38:08Z,1
A Google user,Thank u,,2021-09-04T05:37:59Z,5
A Google user,Install 3 kali gabisa dibuka trs. Niat ga bikin app??,,2019-11-10T07:41:51Z,1
A Google user,"After update, it keep sayin 'can't connect to server' please fix it",5.23.1,2018-12-17T02:15:14Z,1
A Google user,nais,5.189.0,2022-02-25T02:41:56Z,5
A Google user,That are good Izzy to use how to communication between others and faster response between others nation no reason to hold try give changes all has sacsis choice from your hand improvement just on your hand Izzy to use if u have communication in others notion ... Thanks for recquer most special how to get learn more information has contained this technology,4.12.0,2016-10-22T04:41:01Z,5
A Google user,Excellent apps.. very helpful,5.107.0,2020-08-03T13:07:20Z,5
A Google user,The car absolutely clean and follow protocol for covid-19. So no direct interaction between driver and passenger. I'm really appreciate grab innovation to run business at current pandemic,5.103.0,2020-07-04T05:21:29Z,5
A Google user,"dasarrr plagiatt!!!! ikut""an ajaa lebih kreatif bisalahhh",,2015-09-24T09:44:02Z,1
A Google user,Why the cash payment button didn't work?,5.149.1,2021-05-21T12:09:28Z,2
A Google user,Poor customer service in terms of sudden suspended account.,5.144.0,2021-04-12T12:55:35Z,1
A Google user,tipping and reporting is good,5.35.0,2019-03-20T03:58:26Z,5
A Google user,So far.. Good services!,5.64.0,2019-10-24T05:48:49Z,5
A Google user,git gut,5.46.1,2019-05-28T11:24:17Z,5
A Google user,promo is everything,5.45.1,2019-05-23T04:03:37Z,5
A Google user,Sangat membantu utk jalan2 :D,4.12.0,2016-11-03T15:56:31Z,5
A Google user,Work it,4.18.0,2017-01-17T06:28:30Z,5
A Google user,very confusing app. dont use this if you want to book in advance,5.35.0,2019-06-09T21:48:05Z,1
A Google user,"Good vehicle, feel safe",5.65.0,2019-10-28T07:27:18Z,5
A Google user,Why did you decrease the range of avaiable area of Grab Trike? Literally useless now.,5.156.0,2021-07-02T07:41:49Z,1
A Google user,need fast service,5.237.0,2023-01-20T06:02:29Z,4
A Google user,Drivwer minta cancel tp biaya saya di potong,5.13.3,2018-10-05T15:02:16Z,3
A Google user,บางร้านที่อยากสั่งสาขาใกล้ๆ ไม่มี มีก็สาขาไกลเลยค่ะ,5.57.0,2019-08-18T07:37:32Z,4
A Google user,I've been suspended twice with no reason. I got no feedback for the two suspensions after I filed appeal for each. Thumbs down to grab Philippines. Uber is a million times better,,2017-10-18T07:49:33Z,1
A Google user,Grab food app is terrible without any customer service possible. it's just frustrating.,5.48.1,2019-06-11T10:49:01Z,1
A Google user,very helpful App,5.52.1,2019-07-13T03:33:25Z,5
A Google user,"After the update, it removed my already registered debit card and it doesn't automatically show the trip history",4.37.0,2017-10-17T14:55:01Z,1
A Google user,"Please build in option to cancel hailing of cab. When ""finding driver,"" pressing back button does nothing. Thank you!",v3.2.5,2015-10-09T13:40:44Z,3
A Google user,Simple to use. Convenient.,4.23.1,2017-03-21T14:12:21Z,5
A Google user,"Aplikasinya sudah bagus. Tpi sayang, driver nya suka minta cancel kalo titik tujuannya jauh atau apalah alasannya. dan mirisnya driver yg minta cancel tapi malah suruh penumpangnya yg ngebatalin, katanya takut ratingnya hancurrr, parrah dan alhasil yg order jdi ga dpt2 driver lain..",5.01.0,2018-07-29T23:58:55Z,2
A Google user,No Is so good,5.104.0,2020-10-20T03:45:32Z,5
A Google user,saya nk masuk daftar account dia suruh masuk no phone lepastu tibe auto facebook meanwhile im not using fb & lol i cant use this apps,5.27.0,2021-03-01T08:05:08Z,1
A Google user,"So much fun with this useful apps, but still can't enjoy any promo bcause the point haven't much yet hehe...",4.39.1,2017-11-06T15:25:21Z,5
A Google user,the delivery is on time,5.247.0,2023-04-07T07:14:57Z,5
A Google user,যয়,5.175.1,2022-03-10T02:36:50Z,2
A Google user,I have purchased the pek senang raya and the rewards is not shown in the grab application. Called grab centre twice and was told by operator that system shown money has been deducted. I was still asked to screenshot the transaction details and email to grab centre. Investigation should take 24 hours. What is the purpose of promoting pek senang raya and rewards is not shown after the purchase. What does not make sens is grab needs 24 hours to resolve this issue. So much disappointment using grab.,5.44.0,2019-05-18T04:22:53Z,1
A Google user,Ok.its good,5.81.0,2020-01-31T05:31:31Z,4
A Google user,at timethe rate are ridiculous.taxi fare are much cheaper.,,2019-08-02T02:01:36Z,3
A Google user,"bad! buat di kota bandung map dan nama jalan tidak sesuai sama GPS, sangat sangat membingungkan! kasian sama drivernya pusing, dan penggunanya juga kalo ga tau jalan jadi malah makan waktu banyak! satu lagi, buat grab food juga tidak lengkap, jadi kalo mesan makin jauh dan makin lama datang makanannya, padahal ada yg dekat! masih lebih baik dan bagus GOJEK!",5.09.1,2018-09-09T21:41:00Z,2
A Google user,good awesome,4.18.0,2017-01-26T02:38:51Z,5
A Google user,"Your app sucks. Your services sucks. Your drivers are rude. Just now your driver cancelled the ride without even attemting to communicate and I got penalized P50? Left a note to the driver that the address I pinned was just right beside the pickup address. Its because your location services sucks, cant even find the address. But in lalamove, you can easily find it. My friend was waiting ouside the rain.",5.217.0,2022-09-03T08:20:28Z,1
A Google user,Doesn't allow me to proceed for payment upon ordered. Clicked the choose payment option and nothing comes up.(already updated app). Not able to pay with cash etc etc..Hence unable to place order. Quite surprise that this problem hasn't been fixed yet. Doesn't deliver at late night pass 2am. Foodpanda beats Grab at late night orders. This is how you loss customer Grabfood please take note.,,2020-01-29T04:12:08Z,1
A Google user,Doesn't work properly. And no connection with customer service. A lot of real negative reviews. This scam doesn't work !!!,5.225.0,2022-11-04T03:20:11Z,1
A Google user,"bad app, monopolizing marketing, increased prices, no rides available",5.03.2,2018-08-26T00:49:59Z,1
A Google user,"I aldy installed n uninstalled so many times, but once it ask for the code, couldnt get eventhough i gave the correct phone numb. Dnt knw whats the pblm.",,2020-07-17T04:46:22Z,1
A Google user,Jos,,2016-01-31T06:43:10Z,5
A Google user,Wonderful with all the promo codes :) go grab! Life is definitely made easier!,4.35.2,2017-09-19T09:57:24Z,5
A Google user,Kak ini akun saya tidak bisa dibuka padahal baru pakai untuk order makanan 1 kali Dan log in lagi sudah tidak bisa. Tolong bantuannya kak agar akun saya kembali SAYA MEMOHON DENGAN SANGAT KEPADA PIHAK GRAB UNTUK BISA MENGAKTIFKAN AKUN SAYA,5.186.1,2022-02-25T05:10:35Z,1
A Google user,Terlallu sering dapat cancel sialan,5.48.1,2019-06-11T08:18:34Z,5
A Google user,A good and prudent driver.,5.263.0,2023-10-13T07:09:03Z,4
A Google user,"They are excellent,",5.71.0,2020-01-03T03:18:42Z,5
A Google user,Really I like it,5.64.0,2019-10-07T08:15:31Z,5
A Google user,Convenient and easy to use,4.16.1,2017-01-10T14:05:43Z,5
A Google user,"THE PRESIDENT OF GRAB PHILIPPINES BRIAN CU LOOKS LIKE A MONKEY SLIGHTLY EVOLVED INTO A MAN. OVERPRICED FOOD DELIVERY FEE, FROM P50 TO P80 HERE IN MY AREA. IT'S LIKE ORDERING FOR ANOTHER MEAL.I'D RATHER BOOK A HABAL RIDE ON FACEBOOK AS THEY CHARGE LESS AT AROUND P50 THAN PAY YOU GUYS FOR P80. GIVES ME THE CHANCE TO HELP THEM TOO. YOU GO TO HELL WITH YOUR STUPID MOM AND DAD BRIAN CU! STUPID APP UNINSTALLED! YOU MUST BE FORGETTING THAT THERE IS LALAMOVE AND OTHER TRANSPORT/DELIVERY SERVICE",5.94.0,2020-04-25T22:01:04Z,1
A Google user,its all about convenience. sometimes riders opt out bec of a short route. understandable.kuya took me to my Harley for P177.00 gave him P500.00 -Salamat Arnel,5.240.0,2023-02-15T01:46:21Z,4
A Google user,mantapbdan keren aplikasi nya,,2019-06-20T01:08:09Z,5
A Google user,Choosy masyado drivers. Lang kwenta,4.43.1,2018-06-07T10:53:00Z,1
A Google user,I like grab..,4.46.6,2018-03-21T11:05:25Z,3
A Google user,nice and fast,5.53.0,2019-07-11T10:32:15Z,5
A Google user,Good service!,5.60.0,2019-09-20T03:47:41Z,5
A Google user,I want the old version,5.20.0,2018-11-28T03:59:37Z,1
A Google user,"Please don't forget to send us a grab details regarding on our rides. Through our emails, cause it's really useful for company compliance . Thank you..",5.76.0,2019-12-26T08:03:32Z,4
A Google user,Very very nice,,2021-06-17T21:15:50Z,5
A Google user,you know why i gave u a star,5.256.0,2023-06-09T20:42:45Z,1
A Google user,This is good service and safe one,5.65.0,2019-10-08T19:08:22Z,5
A Google user,Never fail my expectation,5.78.0,2020-01-09T05:22:15Z,5
A Google user,very help full app,,2019-06-29T13:21:22Z,5
A Google user,Maybe open a pay option using gcash,5.142.0,2021-04-03T23:07:46Z,5
A Google user,"Hope this will be noticed. Every time the app updates, I find that my credit card is suddenly unlinked in my account. Hope you fix this as this is a huge inconvenience and you will charge another 50 php jilust to register my CC again.",5.177.300,2021-12-05T00:24:15Z,4
A Google user,Kok drivernya jauh jauh ya,5.35.0,2019-03-08T23:04:47Z,3
A Google user,My online food partner!,5.186.1,2022-02-10T22:01:14Z,5
A Google user,Good enough,4.46.6,2018-03-25T00:22:45Z,5
A Google user,Very Helpful!,,2023-07-29T05:32:07Z,5
A Google user,Seems like the service is going downhill since...,4.47.1,2018-03-29T11:58:53Z,2
A Google user,So far so good. I just hate it when other drivers cancels the booking.,5.127.0,2020-12-19T11:30:17Z,4
A Google user,always request updated every moments,5.06.0,2019-01-12T06:21:49Z,1
A Google user,I can't use my grab pay wallet..,5.53.0,2020-11-23T13:16:25Z,1
A Google user,New update is buggy. Link to history disappeared. Keeps resetting.,5.38.1,2019-04-02T00:35:02Z,1
A Google user,IKLANNYA GABISA DI KLIK BUAT MUTE. BERISIK.,,2022-10-27T14:45:00Z,1
A Google user,Aplikasi yang membantu banget di jaman skg ini,4.16.1,2016-12-14T10:50:12Z,5
A Google user,"nice, usefulll",4.11.1,2016-10-10T15:21:39Z,5
A Google user,Driver polite and always smile,5.55.1,2019-09-12T00:53:58Z,5
A Google user,this is really good app... every month you must get disc%%%%,5.46.1,2019-05-27T05:42:55Z,5
A Google user,Very convenient apps and usefull,5.106.0,2020-07-21T02:42:36Z,5
A Google user,Tq ya.,5.157.0,2021-07-17T14:25:13Z,5
A Google user,This app very helpful,4.6.4,2017-04-10T15:48:47Z,4
A Google user,Nice job,5.63.0,2019-09-26T14:12:05Z,5
A Google user,transpotasi yang paling terbaik diantara terbaik ..,5.45.1,2019-05-24T15:35:10Z,5
A Google user,"Currently,they do not allow driver to choose destinations but rather award it to drivers. This doesnt sound bad alone. But they have also implemented an optional additional fees for 1. Nearer driver 2. More insurance claim I have just gotten a ride which I have to wait 11 minutes after rejecting to pay the optional fees. Mind you that i have ordered grab at this popular destination and it is always filled with drivers and never have I waited more than 5 minutes for one.",5.111.0,2020-08-31T13:33:44Z,1
A Google user,Your app hangs a lot I cant even book a ride,4.53.1,2018-06-21T20:10:04Z,5
A Google user,Excellent Job!!! Really A Loved Ones To Tge Users And The Drivers Are So Polite and helpful too ... Good Job Guyz.....,4.15.0,2017-01-08T13:16:24Z,5
A Google user,Everything now works fine. Thanks,5.00.1,2018-07-06T12:45:10Z,5
A Google user,running weeeelllll,5.167.0,2021-09-22T05:06:24Z,5
A Google user,please more promo or you will lose,5.49.0,2019-06-20T04:31:13Z,5
A Google user,Asw Rp 2.999 ovo w gk kepake gara2 promo 1 rupiah asw :(,5.58.1,2019-09-07T13:28:13Z,2
A Google user,SG grab is getting too expensive,5.229.0,2022-11-28T03:22:09Z,3
A Google user,"Apps nya user friendly, dan banyak promonya :)",5.59.0,2019-09-10T10:11:47Z,5
A Google user,I cannot log in even i press 6 digit from sms.,5.71.0,2019-11-15T09:01:31Z,1
A Google user,Very good application...thank you..,5.112.0,2020-08-30T04:09:42Z,5
A Google user,Grabfood grouping bikin nunggu lama. Paling nggak bikin algoritma biar nyari yang 1 arah lah,5.112.0,2020-09-02T13:13:09Z,2
A Google user,Excellent friendly app. Faster and safe,5.254.0,2023-05-31T13:07:17Z,5
A Google user,Not user friendly,5.146.0,2021-04-30T00:39:08Z,1
A Google user,Tell us what you thing,,2016-12-05T04:59:55Z,5
A Google user,help a life a lots,5.48.1,2019-06-24T13:14:12Z,5
A Google user,Mình bị trừ hết tiền trong tài khoản trong khi không thực hiện bất kì giao dich nào.,5.223.2,2022-10-23T08:00:01Z,1
A Google user,All the hotline is not in use. Help center is not even helping. Nobody seems to be working in grab. Nobody bother to reply emails as well.,5.112.0,2020-09-03T05:15:48Z,1
A Google user,agak lambat,5.32.1,2019-03-27T08:20:44Z,4
A Google user,"Cs ny kooperatif dan kalo ad kendala cpet terselesaikan , fitur dgrab jg membantu customer , semoga terus berkembang",5.119.0,2020-11-05T06:24:39Z,5
A Google user,"Lol, grab customer service in Indonesia is laughable My account is deactivated and when I asked why i am being deactivated, they send a reply through sms and... without even proper Indonesian and many spelling mistakes, telling me to read the T&C... Seriously? Do you really even think people read T&C? Beside I did nothing wrong nor abusing the system whatsoever... You seriously need to invest more in your customer service department; what an entitled individual your cust. service rep. was.",5.109.0,2020-08-16T07:08:42Z,2
A Google user,"Tại sao tôi nhập mPin đúng mà app luôn bảo là: ""you have tried 3 times, pls reset your mpin"" khi nạp tiền vào moca???",,2019-10-20T07:13:07Z,2
A Google user,"Akun di non aktifkan,padahal selalu melakukan transaksi sesuai ketentuan",5.120.0,2020-10-31T12:27:35Z,1
A Google user,"I have a booking now for grab pabili. Your app does not show that a driver has accepted my booking, but a driver called. But since driver has no face shield he cannot pick up my order so he cancelled. I need to re-book but your app says cant cancel & rebook because driver is on his way. But still my order has not been picked up. Your app still does not show if another driver has accepted my booking. Am i waiting for nothing???!!!",5.111.0,2020-08-23T03:45:06Z,3
A Google user,Wonderful Food Delivery Service!,5.237.0,2023-01-24T08:18:34Z,5
A Google user,experience is something you can eat phyisically. what a shame..,5.44.0,2019-05-20T09:39:53Z,5
A Google user,Very convenient to use,5.75.0,2019-12-20T10:17:23Z,5
A Google user,Hishh!!!! Aku dah ada akaun dah kena buat lain pula!! Hampeh ahh!! Log in je la aduh!!! Dah la verification code x send2 dari tadi lagi!!!!,4.45.1,2018-03-01T02:38:08Z,1
A Google user,Simple and easy,4.27.2,2017-06-03T04:50:17Z,5
A Google user,verry good service,4.16.1,2016-12-23T04:55:58Z,5
A Google user,"i need a grab for early morning but i cant get the grab ...i request 10 times , why????",5.135.0,2021-11-14T23:08:51Z,1
A Google user,Best hailling service,5.51.0,2019-07-16T06:10:52Z,5
A Google user,The pin location is not exact with the chosen location,5.256.0,2023-06-11T06:05:27Z,3
A Google user,maayos at mabait nmn si grab,5.258.0,2023-06-18T08:45:04Z,5
A Google user,This is really useful affordable,4.29.0,2017-07-15T15:01:05Z,5
A Google user,Easy to use.trusted,,2019-11-13T03:44:51Z,5
A Google user,The best for this service in Malaysia.,5.163.0,2021-08-23T11:51:27Z,5
A Google user,"I never download or registering this application, but suddenly my email had been used by someone as member this application. This means no validation system in this application, so unsecure.",4.26.0,2017-04-21T12:32:19Z,1
A Google user,the app is faulty,5.43.0,2019-09-27T03:56:14Z,1
A Google user,Mr,4.12.0,2016-10-15T06:41:53Z,5
A Google user,Updated review: took while but the app is now decent,5.57.0,2019-08-26T07:54:42Z,4
A Google user,Used to be very efficient. But now driver can accept our trip while dropping passenger. Let us wait for 15min.. and they love to cancel. Please improve your service,5.12.1,2018-10-02T01:37:32Z,1
A Google user,"G66h ,,77yyyy. 66 7y6g. ,765c v ấy 63 Dạo này có gì mới không?",5.81.0,2020-01-31T23:46:01Z,2
A Google user,"kenapa subcription saya ga bisa dipakai ya. subscribe grab ultimate baru 2hari pakai, besoknya ga mau ter-apply beli di resto apapun.",5.245.0,2023-03-29T11:09:05Z,1
A Google user,Monopoly of grab breaching level after level,5.66.1,2019-10-18T07:43:49Z,1
A Google user,Poor App,5.261.0,2023-07-16T02:06:00Z,4
A Google user,I appreciate grab app and services! The drivers and taxis don't smell cigarette.,4.12.0,2016-10-16T04:24:55Z,5
A Google user,great and useful app,4.15.0,2016-12-04T07:44:26Z,5
A Google user,tell ur driver to not make me waiting so long! im in hurry and they won't accept! what a mess grr,,2017-06-28T12:27:17Z,3
A Google user,bad,5.55.1,2019-08-01T04:07:06Z,1
A Google user,Helpfull and easy to use,5.70.1,2019-11-16T14:00:33Z,5
A Google user,reliable,5.222.0,2022-10-18T06:31:07Z,5
A Google user,diskon teross,5.51.0,2019-07-06T02:20:00Z,5
A Google user,Great and helpful app!,5.58.1,2019-08-28T06:56:23Z,5
A Google user,Private taxi,,2017-08-25T16:02:41Z,5
A Google user,What's going on? Booking is so difficult. Is it because of the app or drivers are losing interest? Cash-ins were wasted. Can't even book a ride.,5.201.0,2022-05-16T11:25:52Z,1
A Google user,Please allow uploading images on the rider chat. We want to share screenshot to the rider too but camera is the only option.,5.251.1,2023-04-29T10:26:06Z,4
A Google user,"Terbaik.. Jimat masa, jimat wang.. Servis tip top..",4.5.1,2016-07-28T11:54:18Z,5
A Google user,Grab us great!,5.22.1,2020-05-24T07:32:17Z,5
A Google user,Great apps!,5.68.0,2019-11-01T08:42:12Z,5
A Google user,Useless customer service channel.,5.07.1,2018-08-28T21:58:45Z,1
A Google user,amazing drivers. great timing. grab it.,5.254.0,2023-05-29T18:43:02Z,5
A Google user,Please jangan upgrade terus jdi lolaa mulu klu misal mau booking,4.34.1,2017-09-09T16:20:21Z,5
A Google user,Express tab having techinical problem again🤣,,2022-05-09T01:47:59Z,3
A Google user,kreng krek,5.16.1,2018-12-18T11:45:13Z,5
A Google user,your charges are way higher than uber... and updated your routing. lastly your drivers are relaxed to cancel trips midway it irritating,4.47.1,2018-04-04T00:15:47Z,2
A Google user,clean vehicle. peaceful ride. :),5.258.0,2023-06-30T07:00:23Z,5
A Google user,"Mapnya sering ngaco, grabfood hrs cash ga bs pake ovo,",5.06.0,2018-08-15T03:53:05Z,3
A Google user,เอาเปรียบผู้ใช้บริการที่สุดครับ,5.274.0,2023-10-15T06:00:29Z,1
A Google user,Don't have human contact support for complain if any issue with order,5.262.0,2023-07-18T12:20:42Z,1
A Google user,I hope you can add multiple orders in 1 go! That would be very helpful.,5.142.0,2021-03-27T10:43:12Z,4
A Google user,practical & helpful,,2019-07-27T11:25:57Z,5
A Google user,Butooooooo,5.75.0,2019-12-18T04:34:23Z,1
A Google user,"Super helpful and easy to use! Just got a free ride home, so i just had to give 5 stars haha ^^",,2017-02-23T07:43:32Z,5
A Google user,Good transportation app,4.6.4,2016-08-03T18:20:56Z,4
A Google user,"scheduled delivery for Grab Food not working, keeps hanging",5.128.2,2020-12-29T06:48:15Z,3
A Google user,Godd,,2017-11-27T08:05:40Z,5
A Google user,Good app to get transportation easly,4.41.0,2017-12-01T05:16:36Z,5
A Google user,"Your poor pinpoint map makes my life harder to point my location since some location/district do not have a house number and so rely on the pin. The issue is while try to drag the pin to the exact location, it automatically change to another location nearby. Stupid feature if you ask me. No wonder most people not using grab anymore.",5.206.0,2022-06-20T05:53:12Z,1
A Google user,sangat baik,5.53.0,2019-07-20T06:02:51Z,5
A Google user,Sometimes..... gps not working well..,,2020-08-04T04:32:01Z,3
A Google user,Tolong dong kalo jumat jangan error,5.15.1,2018-11-16T08:24:31Z,3
A Google user,soooo freakkk,5.40.1,2019-04-27T05:32:33Z,5
A Google user,Poor app. I have to wait for more than 1 hour to get my food ready from a restaurant located only 2 km from where I live. My driver said he had to deliver another food order. Very disappointing.,5.79.0,2020-01-13T13:01:01Z,2
A Google user,It's very nice and helpful but I hope if they make back the collection of points from cash payment method... I was platinum user.. And I got dropped to gold user cuz of that,5.128.2,2021-02-22T13:59:16Z,5
A Google user,Driver Baik Cuma Untuk Gps Untuk Ngelacak Grabnya Di Perbaiki Lagi ya :),5.83.0,2020-02-14T12:46:29Z,5
A Google user,Excellent app.,5.32.1,2019-02-18T17:27:23Z,5
A Google user,"Ever since you updated, I can no longer open the app. It always says ""no internet connection"". And when it finally opened, maps were not loading, fare is not showing up. Tried to uninstall and install it multiple times already and still have the same problem.",v3.7.2,2016-02-02T00:02:41Z,1
A Google user,"byk driver nakal, gada etika, sistem suka ngaco, kalo pake uber sy gprnh ada masalah",4.35.2,2018-04-12T05:54:43Z,1
A Google user,too expensive but great service,5.59.0,2019-09-03T16:55:13Z,3
A Google user,Error cant choose my foods,4.11.0,2016-10-01T02:37:54Z,3
A Google user,greatest apps,,2018-04-03T01:30:48Z,5
A Google user,I was late to work bec of one rude taxi driver!!,v2.7.3,2015-06-28T01:20:15Z,1
A Google user,"its all about profit and monopolising. over pricing at peak hours, grabshare is more expensive than regular taxi, grab hitch is totally unreliable and waste of time. Grab drivers have not arrived yet on the location but marking passengers have already been picked up. Almost getting hit by grab food delivery bikers busy on his phone while cycling. Im avoiding grab and will only use this given no choice.",5.209.0,2022-07-12T07:51:57Z,1
A Google user,Thank you for making my life easier eventhough it's really hard,5.137.0,2021-02-28T11:46:12Z,5
A Google user,There're always alot of driver in my searching area and the best is the fixed price. ( grab car daily customer ),4.8.0,2016-08-11T02:36:28Z,5
A Google user,"It forces you to use a credit card from specific banks. No visa, no mastercard, no other way to top up. It's useless now.",5.16.1,2018-10-31T14:34:16Z,1
A Google user,Grab more better services than other online transport provider.,5.52.1,2019-09-25T06:31:05Z,4
A Google user,I can't download the app.,,2020-06-09T06:44:23Z,1
A Google user,The service level is getting bad recently. It's getting more difficult and longer time to get a ride.,5.05.1,2018-08-16T14:17:58Z,2
A Google user,Dis stalking me on youtube it wants me to access my microphone!!1!1,,2021-07-11T04:39:31Z,1
A Google user,good luck app,,2019-06-05T10:28:02Z,5
A Google user,Great app.,5.163.0,2021-08-19T07:26:18Z,5
A Google user,i redeemed the Rm5 off reward for 2 times but i couldnt use it . It deducted my points but didnt give me the reward. Pls help im a platinum user,5.39.1,2019-04-05T08:38:49Z,1
A Google user,"very easy with a template message for the driver, so we dont need to type the same message everytime.",5.38.1,2019-03-31T04:54:05Z,4
A Google user,Sekarang tidak langsung bisa melihat map posisi driver setelah order.,5.76.0,2019-12-25T07:03:11Z,1
A Google user,Using this app from last 4 years i think grab is good and safe to travel any where and also easy to book.,5.154.0,2021-08-05T03:27:31Z,5
A Google user,Coz its laggy,4.28.2,2017-07-11T23:40:51Z,1
A Google user,The best! Makes our life easier,5.120.0,2020-11-02T03:51:29Z,5
A Google user,Very good app i enjoyed always,4.29.1,2020-08-02T15:46:18Z,5
A Google user,No comment,4.20.0,2017-03-13T01:11:03Z,5
A Google user,Happy used grab bike,4.8.0,2016-08-16T09:49:28Z,5
A Google user,"Wish there is a way to upload/send images in messaging, I'd like to just send picture of our house. Im tired of describing our place(cos of gps not beings specific can't pin in our real place) yet they still end up going to the wrong house.",5.120.0,2020-11-06T16:43:12Z,3
A Google user,excellent promo,5.44.0,2019-05-19T05:15:38Z,5
A Google user,"Great, keep up the good work",5.78.0,2020-01-12T05:30:20Z,5
A Google user,Nn,5.79.0,2020-01-20T06:36:38Z,5
A Google user,Cool service,5.200.0,2022-05-15T10:38:40Z,5
A Google user,"I love Grab but sometimes I noticed they charge too much in GrabFood. Now that it's pandemic, they started requiring credit card payment in Grab car which I can't really use since I don't have CC.",5.136.0,2021-02-25T10:52:24Z,3
A Google user,Pelayanan makin bagus dari sebelumnya.,5.121.0,2020-11-01T03:28:22Z,5
A Google user,"I hated the high amount of payment with a really bad quality of service! Lalamove is still better. I could never forget how bad they treated me! The cash on delivery service is really bad! As usual, another bad service happened. It did not ping in the right location which it should be and instead it ping on my work location nearby. The driver did not deliver as requested here in Kalayaan and he took my Php 400order which is in my grab wallet. This is the worst service ever!!! Pwede mgbayad xtra",5.190.0,2022-05-07T21:56:07Z,1
Jo***************ab,I don't even know why but I can't install this stupid app for years now with no real reason. Then I try it again today and it says my account is suspended. U fokn wot m8?,5.95.1,2020-05-11T02:08:12Z,1
A Google user,I wish they could have a program to protect drivers (especially to grab food drivers) from pranksters to avoid losing money. Grab should be more strict to it's users. You shouldnt only think about customers giving you money but also to your employees that helped your company grow. I would change my ratings to 5 if you would have a protection for the drivers in the future.,5.64.0,2019-10-04T06:04:15Z,3
A Google user,Ss flicker freestyle,5.164.0,2021-09-02T10:42:53Z,5
A Google user,Transport,v3.2.2,2015-08-25T00:04:56Z,5
A Google user,the app does not always update what is in stock then cancels the order,5.200.0,2022-05-14T04:30:43Z,3
A Google user,Superb experience !,,2021-04-12T03:46:37Z,5
A Google user,I can't log in. Log in issue.,,2018-01-26T22:21:03Z,1
A Google user,hoàn hảo,5.177.300,2021-12-16T05:18:05Z,5
A Google user,"The server is bad, my wifi is very good but it keeps error. Your drivers were very impolite.",4.47.1,2018-03-27T15:18:41Z,1
A Google user,"Due to your latest update August 22, 2019, the driver's full name can't be seen.",5.23.1,2020-05-30T10:52:38Z,3
A Google user,koq aplikasinya ga bisa di pakai ya? padahal dah berulang kali re-install...tp tetep aja jenis layanan yg di sebelah bawahnya loading teruz & ga bisa!!,,2016-04-26T03:49:45Z,1
A Google user,They bother me incessantly to rate their app. Almost every ride. Other than that great service.,5.71.0,2019-11-17T12:05:28Z,1
A Google user,Very usefull app,4.6.2,2016-07-01T09:00:58Z,5
A Google user,Like the grab,,2018-11-06T06:04:57Z,5
A Google user,Reliable!!!,v2.8.0,2015-07-10T17:26:17Z,5
A Google user,Cannot open the app. I have reinstalled it 3x still not opening,5.112.0,2020-08-31T08:34:56Z,1
A Google user,Putang ina iyong mga drivers niyo. Mga drivers niyo pa nagacancel ng ride?puke ng ina iyan. 3 drivers pa nag cancel sunod sunod. Mga walang kwenta. Potang ina.,5.136.0,2021-05-15T09:17:31Z,1
A Google user,"Setelah upgrade, ongkir ilang, males ahh",5.115.0,2020-09-25T08:17:01Z,1
A Google user,Great service especially on food delivery!,5.189.0,2022-02-26T10:34:12Z,5
A Google user,kk,,2019-04-26T14:27:19Z,5
A Google user,My 1st acc suspended without any reason...dah berkali2 send apeal pun still sama...xde email pun nk bgtau apa sebb kena suspended...,5.138.0,2021-04-13T16:15:48Z,1
A Google user,Mabilis ng transactions ng pag order sumasagot agd ung rider...,5.192.0,2022-08-14T04:24:28Z,5
A Google user,I can pinpoint to my location. The nearest is 10block away,4.46.6,2018-03-23T07:27:14Z,1
A Google user,Nyaman dan aman,5.46.1,2019-05-26T12:39:50Z,5
A Google user,cool apps,5.50.0,2019-06-24T04:08:28Z,5
A Google user,"Please give notice when you want to have maintenance and update, then tell the customers before head to immediately update when the maintenance done. Grab make things difficult with not giving this kind of notice before. I really need the service right away for an urgent when it suddenly says can't be used since I have to update. And the size to update is just make frustated as the result that there is almost NOTHING new feature or any helpful things",5.58.1,2019-12-05T11:27:36Z,1
A Google user,It is simple and effective to call a taxi.,4.9.0,2016-09-10T04:13:22Z,5
A Google user,Grab keeps changing my grabmart delivery location to the last location I went to take a grab taxi which is a bit far from home. I only realized this after I booked a grab mart delivery since the visibility on delivery location is very low. This wouldn't be a problem if I could edit my location before a grab can get a rider which takes almost an hour.,,2023-06-27T05:26:28Z,1
A Google user,Thumbs up Grab !,5.144.0,2021-04-18T09:02:02Z,5
A Google user,Why need to update?? But I cannot update from google store.,5.03.2,2018-10-14T10:05:53Z,2
A Google user,I really regret updating this app. It always written no available grab in your region. What?! I use grab everyday and you said no grab in my region?! What update is this?!?! and i can't even use my grabpay credit!!,5.12.1,2018-10-03T11:09:01Z,1
A Google user,So far so good and very convenient.,,2021-05-20T04:22:23Z,5
A Google user,Very disspointed that i need to top up atleast rm 50 in my grab wallet. I know that this might sound outdated but why can't grab let user top up minimun amount to rm 10 instead of rm 50 . Please make shopee wallet as your example because i think grab wallet is not user friendly and annoying,5.132.0,2021-02-11T11:15:49Z,1
A Google user,Excellence.,5.14.1,2018-12-11T22:02:16Z,5
A Google user,I used to be a happy and very good customer if grab. After changing my phone impossible to sign it will not accept my phone number or email address because it says it is in use. You do not know where to get support as well. Terrible!,5.200.0,2022-05-12T12:29:08Z,1
A Google user,Nice experience,,2019-06-09T17:34:41Z,5
A Google user,"Its been a while since this error message on service type "" Hmm it seem something went wrong. Tap to retry"". I tap, but nothing happen.",5.49.0,2019-06-20T13:24:40Z,5
A Google user,The problem with grab is that the drivers can see your location so that when it comes to emergency stuff like heavy rain and going to the airport it becomes very unreliable.,4.53.1,2018-06-29T07:03:41Z,4
A Google user,More discount please,4.6.4,2017-03-09T19:01:25Z,5
A Google user,selama pake grab sih ga pernah ada masalah.,5.49.0,2019-06-21T11:44:27Z,5
A Google user,Translatenya ngawur,5.203.0,2022-06-01T12:54:19Z,2
A Google user,After merger of the food app into all in one. The delivery took way longerrrr and drivers kept cancelling on orders!,5.43.0,2019-05-12T02:37:28Z,1
A Google user,Saat ini Grab indonesia itu pelayanan transportasi solutif atau pelayanan kepentingan politik ya? Bye grab... #UninstallGrabID,v3.8.2,2016-11-17T10:19:03Z,1
A Google user,Helpfuuuuull,5.240.0,2023-02-18T09:52:05Z,5
A Google user,Constant price rigging morning and after work hour is extortion,5.51.0,2019-07-08T00:33:54Z,1
A Google user,useful when raining and when no one could give a lift,5.216.0,2022-08-27T12:10:21Z,5
A Google user,kok stelah di update gak bs buka halaman grabfood ? suruh refresh aplikasi jg udh tp hasilnya sama aja ttep gak bs buka grabfood,5.39.1,2019-04-07T12:01:34Z,1
A Google user,I am pretty happy with the availability and ready of the service,,2019-08-01T14:19:25Z,5
A Google user,zaya kyaw,5.97.0,2020-08-21T16:16:04Z,5
A Google user,The app is not working. For some reason I cannot insert an order nor my payment data,5.07.1,2018-08-28T23:24:52Z,1
A Google user,enaknyoo promo teyus,,2018-10-20T13:38:58Z,5
A Google user,All blank white after update,5.113.1,2020-09-10T00:41:29Z,1
A Google user,Improve on the Apps with functions like 1. Allow passenger to snap photo of pick up point and send to driver. 2. Allow user to view Grab top up history. 3. Allow passenger to key in the pick up point for driver. 4. Allow passenger to store often used messages.,4.31.0,2017-07-18T15:13:45Z,4
A Google user,Carry on.,5.76.1,2020-01-08T15:49:13Z,5
A Google user,"Sudah di update n restart,sudah pindah toko tapi grabmart ku error terus !! Mau belanja sudah pilih 6 7 item tetap di keranjang hanya 3 item dan berulang ulang kali seperti itu !!!",5.159.0,2021-07-28T03:56:08Z,1
A Google user,Sangat membantu untukku yg anak kos mageran,5.29.0,2019-04-25T02:11:45Z,5
A Google user,Sayangnya aplikasi yang baru tidak ada petanya. Jd tidak bisa cek posisi driver dsebelah,5.76.0,2020-02-04T05:55:37Z,1
A Google user,I have an issue with my payment and I've been reaching out to the help center to help me solve it and Ive sent them photos for proof already but its already been a week and still no response and I cant use cashless payment anymore. I dont want to pay it since it was already deducted from my account already. THIS IS TOO MUCH!,5.208.0,2022-07-12T07:31:55Z,1
A Google user,DDDDD.,v3.2.3,2015-10-04T04:56:42Z,5
A Google user,"Hi Deaf, excellence Happy I know you waze",4.51.1,2018-05-17T06:07:30Z,5
A Google user,"For promotion codes, you should make it such that its keyed in once abd apply throughout validity period rather than for every ride. Of course Grab would benefit by not having to pay out the promotion if your customer forgets. Grab can claim it is the customer's responsibility but at the end of the day, I feel that Grab is not customer-friendly and doing so is a very insidious and sneaky business practice to deprive your customer of the promotional benefits",4.32.1,2017-08-08T00:40:25Z,1
A Google user,sitaram,5.212.0,2022-09-16T09:03:17Z,4
A Google user,Well done,5.153.0,2021-06-18T09:39:39Z,5
A Google user,"Too many pop up windows all the time is really annoying! Why don't you give us the option to deactivate that from the settings?! Also most menus are only in Thai, very difficult to navigate in English. Uber is still 10 time more user friendly.",4.46.6,2018-03-19T15:34:01Z,1
A Google user,"I've automatically updated by google play, but after updated, this app requesting for activation, and after activated this app says my account has been suspected. Weird.",4.17.0,2017-01-05T06:18:46Z,1
A Google user,great job in malaysia,5.35.0,2019-03-08T09:00:47Z,5
A Google user,"Sometimes there are no cabs, and charges shoot up like anything. It's the only problem with Grab.",5.59.0,2019-09-13T16:01:57Z,4
A Google user,Can deliver food to my house which is more than 5km in suburbs which is very convenient for me.,5.177.200,2021-11-26T04:02:44Z,5
A Google user,Perbagus lagi,5.69.1,2019-11-01T10:57:34Z,5
A Google user,jossssssss,5.51.0,2019-07-01T23:41:36Z,5
A Google user,Helpful and reliable,4.8.0,2016-08-26T07:07:32Z,5
A Google user,LOL the driver was on wrong pickup point and the driver cancel my order then i need to pay the no show fee duh ridiculous,5.215.0,2022-08-20T07:13:39Z,1
A Google user,naisssssss,4.8.0,2016-08-17T08:29:45Z,5
A Google user,"Grab car provides us a lot of benefits in terms of transportation convenience and not to forget the promotion for the rides. The invention of this app is a great success and from now onwards, what you can see on the street is how people calling for Grab car, scrolling through the phone instead of waiting for the taxi. And the word ""Grabcar"" has been even using as a verb in our lives. Thanks Grab Car for all the promotions provided and it is a wise choice in using Grab Car. Try it, enjoy it and you will love it.",4.35.0,2017-09-08T12:58:34Z,5
A Google user,Yeah..,4.5.1,2016-07-06T05:19:38Z,5
A Google user,mempermudah banget untuk transportasi,5.27.0,2019-03-20T01:23:15Z,5
A Google user,the app will not deliver your items and yet will not refund hiding behind fine print policy etc. the convenience is not so significant compared to delivery charges and lost delivery which are not refunded all in all 1 in 10 orders is not delivered and yet not refunded which is akin to milking people of their hard earned money,5.140.0,2021-03-21T10:57:12Z,1
A Google user,"Very convenient, expect to have more often promotion.",5.69.1,2019-11-16T13:30:10Z,4
A Google user,"So far, reliable. Just dislike it when it was doing the automatic pin location back then (which was inaccurately far from where we live). But all fixed now so 5 stars",5.137.0,2021-03-10T10:15:08Z,5
A Google user,sobrang tagal maka grab ng taxi. abot isang oras,,2017-03-25T11:16:37Z,3
A Google user,"Terrible app. Very difficult to get registered and once I finally am, the app keeps crashing and does not work! Very frustrating!",5.88.0,2020-03-16T11:12:17Z,1
A Google user,Can't open app when I transfer data into sd card.,5.59.0,2019-09-08T23:22:06Z,1
A Google user,Everything is good just the location problem,5.134.0,2021-02-10T13:11:51Z,4
A Google user,"Fast, efficient and cosy",5.149.1,2021-05-23T02:15:57Z,5
A Google user,"Dude, why update for the worse... your grabcar option keeps taking me to grab delivery. So I gotta take GoCar for now. See ya",,2019-06-26T14:16:05Z,4
A Google user,I like,v2.8.1,2015-08-19T07:32:03Z,5
A Google user,hi hi,,2019-03-25T12:23:34Z,1
A Google user,cepat dan ramah,5.55.1,2019-07-31T23:19:58Z,5
A Google user,Perfect service,5.67.0,2019-10-26T08:23:19Z,5
A Google user,Klo bisa mapnya dibuat lbh detil lg dan bonusnya di banyakin..,4.26.2,2017-05-06T07:39:56Z,4
A Google user,Mantap bossku,,2019-10-10T00:23:54Z,5
A Google user,Recently the upgraded sistem or app turninf to awfull...i have to deal with angry driver bcoz the app said that there are no driver available...turn out someone called me but unfortunatelly i have left......i've been dealing with this situation several times and the last one is so disrespecfull...so please fix the core if the application bfore you upraded the layout system,4.5.0,2016-06-06T15:12:08Z,1
A Google user,very helpfull,,2019-06-16T18:43:45Z,5
A Google user,Nice one,4.6.7,2016-08-06T01:45:15Z,5
A Google user,Fast n Oke,5.57.0,2019-09-09T13:28:05Z,5
A Google user,Best in the world...,5.57.0,2019-12-23T04:15:47Z,5
A Google user,Whew...,4.21.1,2017-04-15T12:05:13Z,5
A Google user,so good,5.203.0,2022-05-28T08:19:05Z,5
A Google user,loved it.,5.44.0,2019-05-19T06:50:08Z,5
A Google user,Setelah di update malah jadi gajelas. Suka keluar masuk dan jadi lbh susah untuk memesan perjalanan yg di inginkan. Gausah ada update aja deh drpd jadi susah gini mau dipake apps nya,5.58.1,2019-08-23T08:06:50Z,2
A Google user,"Excellent app, good service in Singapore and Ho Chi Minh.",5.82.0,2020-02-12T16:07:03Z,5
A Google user,Wish it was available in India. A far better UX than Uber or Ola.,5.76.0,2019-12-23T10:08:21Z,5
A Google user,No hassle and very convinient,5.10.0,2018-11-07T06:36:48Z,5
A Google user,sae,4.8.0,2019-06-06T12:11:14Z,4
A Google user,some drivers need to monitor and improve attitude,5.44.0,2019-05-17T14:12:40Z,4
A Google user,"Saya sudah di suspend hampir 2 BULAN karena saya mengganti HP, dan sudah mengikuti prosedur yang diminta oleh pihak Grab baik melalui telepon call center maupun pengajuan surat banding. ternyata account saya sudah disuspend selamanya. saya hanya memiliki satu nomor dan satu alamat email aktif. mungkin menurut CS yang menerima telepon saya sore ini menganggap hal yang mudah untuk mendaftarkan nomor baru dan alamat email yang baru. tapi tidak untuk saya. sebagai pengguna aplikasi grab saya cukup kecewa dengan penjelasan yang saya terima hari ini. sepertinya tidak ada jalan lain untuk menggunakan aplikasi grab.",4.27.0,2017-05-09T10:46:30Z,2
A Google user,so far good,5.02.1,2018-10-02T09:10:29Z,5
A Google user,Downloaded app in Thailand and used it three times already and it's accurate in terms of timings and fares.... Great app....,5.76.0,2019-12-22T14:12:44Z,5
A Google user,Excellant,5.66.1,2019-10-20T07:27:22Z,5
A Google user,excellent!,,2020-12-23T05:43:47Z,5
A Google user,This is a very good APP for booking taxies.. Used in Vietnam and Philippines.. Very Useful..,5.70.1,2019-11-21T00:45:40Z,5
A Google user,"Lagi laper, menyusui gendong bayi. Biasa pakai akun suami skrg pakai akun sendiri udah topup ovo 798k buat beli makan, belanja grocery dan belanja kebutuhan bayi tp hanya beli kebutuhan bayi bisa dipakai ovonya.. Udah diupdate appnya jg tetap gk bs dipakai beli mkn sejak 13.30 nyoba berkali kali baru bsa jam 15.30. Smg da perbaikan ya. Makasi sudah di balas, tapi setelah baca tautan yang diberikan belum bisa menjawab kebutuhan saya. Semoga suatu hari saya dapat mengganti ulasan yg lebih baik",5.240.0,2023-02-14T15:53:51Z,1
A Google user,diskon grab food trus yaaaaa hehe,,2019-06-17T15:58:03Z,5
A Google user,Having ongoing Grab wallet issues which is causing adminstrative back and forths,5.151.0,2021-06-08T04:29:53Z,1
A Google user,"i was charged for a trip that i didnt take. when i write a feedback to Grab i receive a msg telling me that i will be hearing from them in a few days, but now it has been months!! so i pay for whose trip???",4.42.1,2018-01-16T01:59:17Z,1
A Google user,"Omg, so much BS push message and spam and ads, its constant... Just give me the core service that I pay for and leave me alone otherwise.",5.85.0,2020-03-06T05:44:12Z,1
A Google user,Faster booking,,2020-11-02T14:21:55Z,5
A Google user,I do not use select visa. Do you support atm?,4.47.1,2018-03-26T00:24:23Z,1
A Google user,It freezes my phone everytime i try to get a drive. Apps is extremely slow and never able to spot my location correctly.,4.48.1,2018-04-12T12:02:24Z,1
A Google user,real quick :),5.45.1,2019-06-03T01:51:28Z,5
A Google user,The driver was really helpful and took the shortest route possible.,5.87.0,2020-03-10T22:32:05Z,5
A Google user,Quick response grab application and very convenient.,4.44.1,2018-03-01T22:40:13Z,5
A Google user,In accurate,4.51.1,2018-05-19T07:51:09Z,1
A Google user,"Bad experience lately.This did not happen when I first started using the app.Furthermore,I couldn't even call the grab centre to inform them.I assume this grab app is filled wifh malicious android bugs.Furthermore the apps email address differs from Grabs original premise which I only discovered recently.",5.112.0,2020-09-01T20:50:36Z,1
A Google user,"Payahhhhhh, supirnya suka cancel sndiri biar dpt uang",5.19.1,2018-11-27T07:26:01Z,2
A Google user,hairey,5.49.0,2019-06-19T10:21:58Z,5
A Google user,Nice service but sometimes prices are too high and unreasonable. But I got no choice.,,2019-11-30T11:13:00Z,3
A Google user,Its easy to use and the price is acceptable. But the app is the problem. It is always make me sign up again again. Please fix it.,,2017-08-04T10:24:16Z,4
A Google user,Need to update more accurate on the maps that grab car heading,4.17.0,2017-03-23T15:19:12Z,5
A Google user,"habis update error mau psen grabfood> install ulang> Nomor ga bisa diverify, via call jg ga ada kodenya astaga> kalau fixnya lama uninstall selamanya",5.71.0,2019-11-16T11:06:26Z,1
A Google user,It's my usual go-to app for transport. Only flaw is the not-printer-friendly receipt. Always got hard time trying to print out for official claim. Possible to email receipt in pdf A4 size??,5.49.0,2019-06-19T02:33:52Z,5
A Google user,It's been convenient,,2020-07-17T01:01:29Z,5
A Google user,Hv dropped cabs bec it always comes back with no taxis available now! Grab taxi...always gets one for me within a minute. Journeys r very pleasant and thank God I don't hv to deal with the taxi smell tat usually gives me a headache.,,2016-01-10T02:49:31Z,5
A Google user,must still update,,2019-02-04T14:35:15Z,5
A Google user,Aren't you already saving money by making the taxis more efficient through these bookings? The P70 booking fee is too steep. Lower the fee if you want more people to use this app. The additional P70 is impractical to most people.,v2.0,2013-07-28T19:26:13Z,2
A Google user,Tq for your Good service,5.216.0,2022-09-05T01:47:18Z,4
A Google user,Great App to use,4.14.1,2016-11-30T06:40:05Z,5
A Google user,Loveit,5.133.0,2021-02-12T10:50:55Z,3
A Google user,Terima kasih maafkan saya,5.156.0,2021-07-07T01:44:33Z,5
A Google user,GreAt,4.17.0,2017-01-10T13:29:44Z,5
A Google user,⭐⭐⭐⭐⭐,5.55.1,2019-08-21T23:55:53Z,5
A Google user,Cs nya bego. Manusia jawabannya ky robot. Ngga memahami fitur aplikasi dan permasalahan. Tiba2 hr ini tdk bisa kombinasikan pembayaran ovo cash dan ovo point. Tidak terselesaikan,5.176.0,2021-11-22T05:38:01Z,1
A Google user,spoidormon,5.48.1,2019-06-14T12:46:28Z,5
A Google user,Haysst,,2023-02-16T09:21:40Z,1
A Google user,"I'm getting really sick of grab not telling me that I've gotten a ride until I get a notification that the driver is nearby, then having to pay the cancellation fee for the ride they didn't tell me I had.",5.240.0,2023-02-16T15:25:35Z,1
A Google user,Reliable! Thanks for always a great ride!,v2.7.3,2015-06-22T22:19:41Z,5
A Google user,Tres utile,,2014-12-26T14:15:21Z,4
A Google user,"I used to loved this app, but now I don't recommend for you guys to use this app anymore. Price increase a lot, even if you want to go nearest place, it's so expensive (from IDR 13k to 20k). There're no subscription anymore for car ride which is sucks when you know the fee is keep increasing. Better to use other transport application rather than this.",5.75.0,2019-12-24T08:41:22Z,1
A Google user,I hated it,4.35.2,2017-10-28T08:29:05Z,1
A Google user,"Very good app make easy to go every where, Thanks Grab",5.177.300,2021-12-12T18:16:11Z,4
A Google user,"Always hear driver complain about grab.. Please hear driver problem.. Don't juz think your profit only.. Driver unhappy, rider got problem to get driver..",5.12.1,2018-10-03T12:15:24Z,1
A Google user,Couldn't imagine my life without this apps. Awesome service.keep it up the good work.,,2018-06-18T02:41:10Z,5
A Google user,Why my Huawei p20 dont have grabfood in Grab app. Can u tell me why?,,2020-01-22T03:15:32Z,3
A Google user,I have to keep reinstalling the app to be able to use it. So frustrating,5.140.0,2021-03-16T07:16:17Z,1
A Google user,Kepake banget,4.21.2,2017-03-19T08:09:23Z,5
A Google user,v. good,4.42.1,2019-08-29T02:04:19Z,5
A Google user,"Want to edit my review and rating but I won't change it because I got a new problem in this app. I can't buy the subscription package. I have uninstalled and installed again, also restarted my phone, but still it crashed everytime I try to buy the subscription package.",5.135.0,2021-02-16T05:04:57Z,1
A Google user,very helpfull app,5.44.0,2019-05-24T03:54:20Z,5
A Google user,The drivers are choosy when it comes to location I can't get a single driver to pick me up.,5.255.0,2023-06-03T09:01:17Z,1
A Google user,"Interface isn't as crowded anymore. Grabfood service is top notch with hassle free transactions and great restaurant selections. I just wish the reward points system gave more per transaction, since the rewards are really expensive.",5.57.0,2019-08-21T06:15:06Z,4
A Google user,good for service and not to long to wait for a ride,5.45.1,2019-05-25T03:49:04Z,5
A Google user,Cannot login upon reinstall. It ask to register again.,5.107.0,2020-08-01T07:46:59Z,3
A Google user,"Only cancel the order after I wait for 1 hour, disappointed",5.128.2,2021-12-25T11:30:49Z,1
A Google user,Very useful when you can't or too lazy to use your own vehicle to go anywhere... But it will be more easier to choose if all menu have a picture. Because aomecuatomer don't know what will the food be just by looking at the name,5.147.0,2021-06-14T05:26:43Z,5
A Google user,Fitur save placesnya jelek banget dan merepotkan....segera perbaiki,5.101.0,2020-06-18T06:40:14Z,1
A Google user,"Its an ok app to use in SEA, Lots of other competitors. The biggest issue i have with the app is that the algorithm that calculates time of arrival is usually wrong, it takes double or even triple if the driver has a passenger to drop off - This is extremely annoying when you are in a hurry.",4.4.0,2017-10-12T13:04:09Z,3
A Google user,"When I started Grab, it gave me many promo codes, BUT NOW IT HARDLY GIVES ME ANY!!!! My neighbours always get promo codes, but why don't I???",4.42.0,2017-12-22T07:07:55Z,1
A Google user,great services in Vietnam !!,5.51.0,2019-07-04T08:41:34Z,5
A Google user,so convenient,5.238.0,2023-02-05T07:57:28Z,5
A Google user,"The application is not stable on android 11, it often crashes when displaying the driver position map, then you have to exit the application and enter the application again.",5.153.0,2021-06-19T06:08:01Z,1
A Google user,Gak ada sopir yang minta2 isiin ovo terus kayak gojek. Bagus,5.09.1,2018-09-06T09:48:20Z,5
A Google user,I cant register until now,,2018-05-31T17:54:32Z,3
A Google user,lets join to use a grap,5.79.0,2020-01-18T07:48:28Z,5
A Google user,good service. only flaw is i cannot place two seperate food orders before the first one gets delivered. but sometimes i need food from different,5.58.1,2019-08-25T06:15:27Z,4
A Google user,Not working at all in my phone why before when my phone was HTC working very well but with my new not working,4.55.2,2018-06-30T19:51:06Z,1
A Google user,Solutif,4.3.0,2016-07-31T04:03:11Z,5
A Google user,Responsive call center help customer a lot,5.210.0,2022-07-16T05:36:05Z,5
A Google user,"I cannot login with my current personal phone number, FB n Google. I try to create new account n it is not working. The only way is to log in with another phone number. Please assist n verify my old personal phone number",4.54.1,2018-06-26T00:41:42Z,1
A Google user,Always love things that simplify life; with various offers too. Also responsive attitudes.,5.135.0,2021-02-14T08:07:57Z,5
A Google user,sangat membantu jika dapat mengurangkan harga tambang,4.54.0,2018-06-21T10:58:59Z,5
A Google user,♥,,2022-10-13T10:49:57Z,5
A Google user,easy apps,5.116.0,2021-01-25T11:24:43Z,5
A Google user,Good app !!,5.58.1,2019-08-28T14:38:42Z,5
A Google user,Good services..,5.101.0,2020-06-19T10:12:00Z,5
A Google user,Very user friendly application,4.8.0,2016-08-12T01:14:27Z,5
A Google user,customer service sucks! no resolution at all,5.165.0,2021-09-10T21:16:24Z,1
A Google user,lovely rides,5.250.1,2023-04-27T11:13:03Z,5
A Google user,Hard to connect to server,4.32.0,2017-07-27T15:01:55Z,2
A Google user,The most horrible app I have come across.. I am in kl and shows me that I am in some deserted island. Other apps shows me that I am in kl that the f*** is wrong with you guys. And the app has removed my grab pay and now to add you guys always charge money.,4.34.1,2018-07-04T10:39:32Z,1
A Google user,Cant use coupons,5.184.0,2022-01-17T09:23:00Z,1
A Google user,useful and helpful,5.48.1,2019-06-19T09:46:47Z,5
A Google user,help full.,5.229.0,2023-02-01T06:56:21Z,5
A Google user,It's getting lesser n lesser driver,,2018-02-05T08:47:51Z,1
A Google user,Takes time to book and every back to homescreen the fare is increasing.,4.34.1,2017-09-11T21:47:59Z,1
A Google user,User Friendly and easy to use,4.36.1,2017-09-24T16:26:37Z,5
A Google user,"Malaysia is awesome with this app, however last 2 days I have had nothing but problems trying to book in Bangkok. Always fails, I even tried switching to Grab Lux and nothing. Doesn't matter where I am. My hotel or a big mall. Never books",5.46.1,2019-05-31T15:29:12Z,3
A Google user,Key in my location and it seems to pick randomly where to pick me up. It's happened multiple times where it decided I should be picked up at the opposite side of a 4 lane highway or the other side of a block that's a 15 minute walk.,4.28.2,2017-06-22T14:11:45Z,2
A Google user,Awesome s,5.63.0,2019-09-20T04:21:50Z,5
A Google user,Very handy for getting around HCMC,5.83.0,2020-02-19T15:29:50Z,5
A Google user,Bagussss,5.268.0,2023-09-06T10:30:02Z,5
A Google user,Harus di akui app ini lebih bagus dibanding app Karya Anak Bangsa. Harga sangat lebih bersahabat. Good joob grab.,5.01.0,2018-07-20T04:32:09Z,5
A Google user,"Cant access grab food only hotels,bills,and load ... I dont know why",5.97.0,2020-05-25T11:50:26Z,2
A Google user,Nakakatuwa na nagkaroon na ganito site/apps laking tulong para sa mga tao at nakakapanatag kasi di ka mawawala at mapapahamak sa kanila :) .. Mababait pa ang mga driver .. Thank you grab kasi nandyan ka para magkaroon ng kapanatagan ang loob ng mga tao .. Pagpatuloy nyo lang ang inyong mabuting gawa .. Pag palain nawa kayo ng panginoon ..,4.35.2,2017-09-19T17:08:13Z,5
A Google user,"It's fine, but sometimes price change",4.43.1,2018-01-23T11:50:38Z,3
A Google user,Lousy customer service. How they are trained to be so unprofessional? Keeps telling us there is nothing they can do and expect us to find a solution ourselves. Are we the customer service here or are they the one who are trained to solve our problems when it arises??? Useless people just sit there and get paid for doing nothing,5.180.0,2022-01-04T05:49:02Z,1
A Google user,Won't let me see anything unless I make an account. I don't even know if this is in my area and I refuse to make an account if it is not in my area. Other services will atleast let you see what stores/restaurants locally are using this service,5.261.0,2023-07-13T08:36:13Z,1
A Google user,a few arrogant drivers,5.48.1,2019-06-10T06:54:13Z,4
A Google user,"Excellent Grab, keep up the good job! Love Grab!",5.75.0,2019-12-25T09:02:51Z,5
A Google user,Helpfully app,5.154.0,2021-06-26T06:59:14Z,5
A Google user,Cant change destinations. No refund of unspent 'grab credits' - very poor!,4.47.1,2018-05-09T08:26:33Z,2
A Google user,super cool,5.49.0,2019-08-12T22:20:33Z,5
A Google user,Thanks a lot for making this app,v2.7.3,2015-06-02T23:57:32Z,5
A Google user,this app is so bad. i tried to update this app but it cant work,5.87.0,2020-08-29T00:38:19Z,2
A Google user,"Almost 5 times have a very bad experience, report to grab id but.....spechless",4.13.1,2016-11-06T19:10:38Z,1
A Google user,nice one,,2019-07-20T01:45:04Z,5
A Google user,"bingung klo mau naik grab,kenapa ada yg applikasi grab nya bisa 1-6seat,koq punya g doang yg 1-4seat dan kl yg naik 5 org itu gimana?",,2018-06-23T08:29:24Z,1
A Google user,Polite 10/10,5.59.0,2021-11-18T21:26:03Z,5
A Google user,Really helpful!!!,4.26.0,2017-04-23T04:28:45Z,5
A Google user,"Nope, im not gonna take a selfie",5.64.0,2019-10-18T09:23:54Z,1
A Google user,Easy to use for your daily needs,,2021-06-03T13:07:41Z,5
A Google user,Multi order grabfood. Make the order arrive so long. More than 2 hours.,5.68.0,2019-12-08T09:06:51Z,1
A Google user,I can't open the app,4.46.2,2018-05-30T12:01:55Z,3
A Google user,"Overall it's a very good app and very convenient. However, I have gotten sick of drivers cancelling my trip after accepting them. I would rather choose uber if this keeps going on.",4.44.1,2018-02-09T00:31:23Z,3
A Google user,Lanjutkan! Aplikasi lumayan bagus. Driver sering tidak langsung jalan setelah menerima order.,5.59.0,2019-09-12T14:21:07Z,4
A Google user,"Upgrade info driver and give a full info ""car type or bike type""",4.6.4,2016-08-27T19:17:01Z,5
A Google user,Ang hirap mag book,4.53.1,2018-06-19T23:48:03Z,1
A Google user,Solid grab po,5.194.0,2022-03-28T23:11:45Z,5
A Google user,surge is unreasonably high ALWAYS!,5.47.1,2019-06-08T14:53:03Z,3
A Google user,"Grab PIN wrong location, after 15mins wait for driver, your driver went to wrong place. GPS is accurately pointing my location but grab pin wrong location. Please improve.",4.51.1,2018-05-18T02:54:53Z,2
A Google user,Giving rating for Grab food... Received bad food and no refund from Grab... You should not loose regular customers.. You may verify the previous transactions and my ratings to vendors...,5.76.1,2020-01-03T03:25:27Z,1
A Google user,Pretty nice,5.86.0,2020-03-03T02:49:44Z,5
A Google user,damn application base. I almost died being hit by my older brother because of this useless App,4.47.1,2021-11-05T08:28:07Z,1
A Google user,Thank you so much GrabTaxi company.. Hoping for more extended promos....hehe...it's not in vain...(y),v2.7.3,2015-05-03T01:26:16Z,5
A Google user,Liked it.,4.6.7,2016-07-30T08:41:36Z,4
A Google user,Good. Really helpful...,5.57.0,2019-10-01T00:34:20Z,5
A Google user,Help us alot,4.39.1,2017-11-07T10:09:13Z,5
A Google user,Code : GRABFPRRXSME,5.64.0,2019-10-03T14:50:38Z,3
A Google user,Enjoy the app,4.3.0,2016-05-15T17:02:58Z,5
A Google user,Terima kasih,5.72.0,2019-11-27T23:18:57Z,5
A Google user,Driver always cancel booking after accepting the job. Map is not accurate. Always reset and i will hv to rebook...,4.32.1,2017-07-31T01:47:23Z,3
A Google user,Pengaduan kalo email ato cs via telephone nya mana sih... ada komplain nih... masuk help centre malah dimuter muterin ga jelas,4.39.1,2017-11-16T08:40:15Z,1
A Google user,Cara bawa bagus,,2016-11-22T21:08:44Z,5
A Google user,Very nice ride,5.174.0,2021-11-11T20:31:03Z,5
A Google user,Great app n point to pint pick-up n drop off. Love the discounts too! :-),4.26.0,2017-04-22T09:28:35Z,5
A Google user,Good Service and Driver,,2022-06-06T13:53:56Z,5
A Google user,"After order food and wait for one and half hour, it is cancelled by GRAB. I feel this is not acceptable, at least, inform me earlier.",,2023-09-24T11:39:59Z,1
A Google user,good driver and fast,5.46.1,2019-05-27T23:53:15Z,5
A Google user,nice guys,5.217.0,2022-09-09T07:30:11Z,5
A Google user,Tried to login but it keeps saying activation failed regardless os how many times i have tried. Pls resolve soon.,4.26.2,2017-04-30T04:42:45Z,2
A Google user,"is a cool apps but I don't like the location cuz pick up point something difficult to choose I can't write on my own, just can choose from the pop up list. this one should be improve more other then that all ok.",5.59.0,2019-09-10T05:07:14Z,4
A Google user,easy to use and alot of promo. good job!,5.54.2,2019-07-29T10:53:07Z,5
A Google user,"Malaysian user. Mostly importantly : I've just been CANCELLED 3 T H R E E TIMES IN A ROW AFTER WAITING 5 MINUTES EACH. Used a different app and got a ride instantly. Whatever they've done with the incentives it's absolutely toxic for customers now. Many many things have changed for the worse as well. From the moment you open the app, where you're now faced with 4 small messily placed buttons instead of the ride hailing screen. Just face it Grab, no one will use a wallet you have to top up in RM10 increments. The rides are also much more expensive now. Then the drivers are always busy or constantly cancelling. As in cancelling after you've waited 4~5 minutes for them. And to top it off I read that Grab squeezes its drivers dry too, grabbing 20 or 25% commission for their worsening services. No one wins except Grab. Do not support these guys or we'll all lose.",5.18.2,2018-11-13T11:37:25Z,1
A Google user,Thank You. Useful and Affordable Price !,4.55.2,2018-06-30T09:23:28Z,5
A Google user,Very useful. All you have to do is wait 🥰 Thanks Grab !,,2019-08-31T11:08:57Z,5
A Google user,"After update on 15/3/21, the app crashed exactly after 10 seconds",,2021-03-23T05:24:58Z,1
A Google user,"The waiting time estimate is way off. Supposed to be a 7 minute wait. End up waiting for 20 minutes. I refused to flag a cab because I thought the wait is bearable. Now when dropping off a passenger, from 4 mins becomes 10 mins. I rather u tell me straight off that it's a 10mins wait. Then I can plan properly.",4.43.1,2018-01-21T01:21:01Z,1
A Google user,Promonya ga ada yg bisa dibuka,4.42.1,2018-01-16T17:32:30Z,1
A Google user,Grab log out my account from the app now i can't log in anymore. I hope that you can answer my email and i think that you should put log in for old user and sign in for new user so that the number and account will not be duplicated because it is so hard to log in again if you have an existing account,5.10.0,2018-09-17T05:32:45Z,3
A Google user,Great app for getting around in Asia.,5.55.1,2019-08-03T12:34:12Z,5
A Google user,Easy to use and efficient. Excellent!!,5.76.1,2020-01-07T05:55:41Z,5
A Google user,Since the update for android. Wasnt able to book because according to the app i cant connect to the grabtaxi server. Please fix this. And also the 30seconds is too long for another booking.,v3.2.3,2015-10-01T14:11:11Z,2
A Google user,This app really helpful. I will suggest this app to my friend. Thanks :),4.8.0,2016-11-12T18:56:08Z,5
A Google user,"good app, really helpful",5.21.0,2019-01-10T04:32:51Z,5
A Google user,apps is good,5.52.1,2019-07-15T06:36:48Z,5
A Google user,"Excellent Service,Thanks for the Hustle-free food delivery",5.67.0,2019-10-25T12:26:16Z,5
A Google user,The service has improved tremendously but I give 4 stars as once you order food you cannot use the app to place order or request for a car until your first order is complete. This is a big inconvenience when we want to order food from different restaurant or get a car.,5.48.1,2019-06-12T12:49:07Z,4
A Google user,"Grap app, you need for life, I only miss here because don't have grab massage.",5.51.0,2019-07-07T00:46:27Z,5
A Google user,help people,5.38.1,2019-03-31T18:37:20Z,5
A Google user,Very useful and low fare.. hoping for more promotions,4.23.1,2017-07-26T03:24:13Z,5
A Google user,PROMO GK BISA DIPAKE PADAHAL MASIH BERLAKU,,2019-03-06T09:44:37Z,1
A Google user,Safe trip,4.46.2,2018-03-03T16:35:50Z,5
A Google user,Very famous,5.64.0,2020-03-01T12:44:53Z,5
A Google user,Cannot cancel order made by mistake.,5.157.0,2021-07-08T08:42:57Z,1
A Google user,bagus pokoknya,5.24.1,2019-03-25T12:21:36Z,5
A Google user,first time using their service and it went smoothly,5.195.0,2022-04-05T12:35:39Z,5
A Google user,"Trừ tiền thẻ tín dụng khi liên kết với ví mà vẫn chưa hoàn lại, cho các voucher không áp dụng tại khu vực đang sinh sống. Tồi tệ.",5.68.0,2019-10-28T09:32:45Z,1
A Google user,Trusted,5.107.0,2020-08-03T05:02:42Z,5
A Google user,Kualitas sistem grab food menurut saya menurun karena : 1. Tidak bisa lihat posisi driver kecuali saat pengantaran ke lokasi. Sehingga pelanggan tdk tahu apakah driver sudah mulai ke lokasi pembelian makanan atau mungkin masih ngaso2 2. Order di grouping : seharusnya menjadi lebih efisien tapi yg terjadi adalah waktu pengantaran menjadi lebih lama karena tidak hanya tergantung ke restoran to tergantung ke berapa lama customer lain mengambil ordernya ke driver.,5.68.0,2019-12-27T06:29:37Z,2
A Google user,"Tolong diperbaiki lqgi ya masalah mapnya kok gak jalan2 ya koneksi saya juga cepet kok , dan juga buat pengemudi grab kalo dipesen jangan suka alesan kalo mau cancel2 aj",4.48.1,2018-05-06T23:45:46Z,1
A Google user,Selalu puas dengan layanan grab,5.46.1,2019-05-28T00:44:58Z,5
A Google user,Every update degrade the app.,,2020-08-12T08:14:24Z,1
A Google user,User friendly.,4.5.1,2016-06-18T04:04:07Z,5
A Google user,the new integrated grabfood app is terrible.,5.42.0,2019-05-02T15:06:29Z,1
A Google user,Iklan menyusahkan,5.150.0,2021-05-29T03:08:41Z,1
A Google user,"Good service, but some driver talk so rude and din't want to hear customer complaints",5.124.0,2021-01-04T07:54:44Z,4
A Google user,User friendly.. Nice application.. Keep it up..,5.76.0,2019-12-27T08:56:57Z,5
A Google user,"After the latest updated, my previous saved card was gone and need to add again which is redirecting to the online transaction and needed to deduct $1 for what purpose?",4.27.2,2017-05-15T10:27:04Z,3
A Google user,Pelayanan cepat...sudah 2 x order oke oke saja. Tingkatkan kualitas.,v2.8.0,2015-07-03T05:51:08Z,5
A Google user,This application is the worst my grab booking didn't work at all and I tried to look for a car but the booking sign couldn't be pressed. It's so annoying ive been looking for grab for 2 hours but the booking didn't work this is the worst app ever. Worst worst worst worst never download this,4.51.1,2018-05-26T05:22:49Z,1
A Google user,"Installed and uninstalled many times, but still not working. Bought a new phone, it worked for a while and stopped working now.",v2.8.1,2015-08-18T05:34:18Z,1
A Google user,sangat puas hati,5.215.0,2022-08-25T11:56:34Z,5
A Google user,Good service so far,5.39.1,2019-05-25T14:56:29Z,5
A Google user,oke wae,,2018-12-17T08:03:12Z,3
A Google user,If it's traffic hours they won't pick you up!!! Stupid!,4.48.1,2018-04-20T00:06:39Z,1
A Google user,Titik lokasi gabisa tepat. Padahal sebelumnya bisa.,5.203.0,2022-06-01T06:41:05Z,1
A Google user,Aplikasi yg sangat membantu,4.9.0,2016-09-09T01:15:19Z,5
A Google user,EXCELLENT,4.31.0,2017-07-28T14:48:21Z,5
A Google user,i cannot install this application..,5.91.2,2020-08-11T01:17:51Z,1
A Google user,Saw 50 baht discount for 1st ride linking from google maps. Didn't get the discount. Looks like many many fake reviews with no review written.,4.19.1,2017-02-17T04:54:22Z,1
A Google user,Easy to use and reliable. Highly recommended.,5.140.0,2021-03-18T11:49:02Z,5
A Google user,nil,5.55.1,2019-08-03T10:53:45Z,5
A Google user,Navigasi kurang update / akurat,5.220.0,2022-10-01T07:27:44Z,3
A Google user,baik dan semoga makin baik,5.37.1,2019-04-17T08:06:29Z,5
A Google user,Easy to use and competitive rate,5.87.0,2020-03-17T05:58:59Z,5
A Google user,Arrived ?? Sreaching for hitch found yet never send the carplate ..,4.8.0,2016-08-22T11:03:14Z,1
A Google user,yummy,5.271.0,2023-09-23T23:04:45Z,5
A Google user,So convenient to use when traveling in South East Asia.,5.51.0,2019-07-08T14:20:00Z,5
A Google user,not sending OTP,5.256.0,2023-06-14T07:03:18Z,1
A Google user,The best app ever can give me discount hehehhe,5.117.0,2020-10-05T03:02:39Z,5
A Google user,"Good application, usefull",4.36.1,2019-07-04T06:13:03Z,5
A Google user,"Service become long, it seems they lack of driver. I'll think twice to order food here again. I have gastric problems, I am ordering food at 06pm thus after order it, I just wait and didn't checked anymore. After 40 minutes i try to checked again but there is delayed and my order stated will come at 08pm... Thus I have to arrange my other food, otherwise I will have my gastric problem again.",5.199.0,2022-04-30T12:33:28Z,2
A Google user,"Really love it. I can see the location where the car is when my parents were in that car. But unfortunately, somehow i cannot give rate to the driver",v4.0.4,2016-06-22T13:49:01Z,5
A Google user,Sometimes it takes more than an hour to get a driver for grab rent!!!,5.118.0,2020-10-22T00:52:37Z,1
A Google user,How to cancel order bij,5.165.0,2021-09-12T10:13:19Z,1
A Google user,Love this app,5.59.0,2019-09-09T06:30:13Z,5
A Google user,Excellent!!,5.54.2,2019-07-29T06:55:13Z,5
A Google user,Hi. Can I use my voucher and this apps even am here in Saudi?,,2020-12-18T13:21:06Z,4
A Google user,My first time to register then automatically I got a notification that account has been suspended. Seriously?,4.40.1,2017-12-02T23:23:53Z,1
A Google user,"very good, job",,2022-03-18T13:04:39Z,5
A Google user,"add check receipt feature for grab express, so receiver can check where receiver's goods easily.",4.46.6,2018-03-18T06:25:55Z,4
A Google user,App yng memuaskan,5.165.0,2021-09-07T07:16:28Z,5
A Google user,Makin diperpanjang promony trus jangan kelamaan dptin ojeknya... sering bgt sibuk hehehehhe,v2.8.1,2015-08-20T11:38:24Z,4
A Google user,"Really good, considerate driving",5.270.1,2023-09-10T11:52:14Z,4
A Google user,"okay, sippp",4.6.7,2016-08-07T17:28:25Z,5
A Google user,Efficient and smooth,5.162.0,2021-08-21T06:31:54Z,5
A Google user,Grab payments af of now is so expensive! Before its cheap and a lot more helpful for commuters giving them covinience to ride where the need to go to. But now its double its prices for a short route,5.12.1,2018-10-10T05:16:35Z,1
A Google user,"Too. Many. Notifications. Even though I switched off all push notifications, I still get 5-10 per day!",5.108.1,2020-08-04T05:08:47Z,1
A Google user,Punyeta pinaka walang kwentang kwentang food delivery app punyeta kayo pano ako oorder ng di nyo ma trace address namin mga punyeta kayo wala kayong kwenta bulok ng sistema nyo,5.142.0,2021-03-26T05:47:05Z,1
A Google user,"terdapat bugs pada menu grab express. saya tidak bisa kembali ke menu utama ataupun melihat driver saya. jika memencet tombol back, maka saya akan keluar dari aplikasi",5.40.1,2019-07-22T12:04:03Z,2
A Google user,"masih kurang dipenetuan titik mapsnya, udah ditarik ke titik yang saya mau malah pindah sendiri entah kemana.. mohon di perbaiki ya :)",5.63.0,2019-09-29T10:59:27Z,4
A Google user,so accesible and safe,5.27.0,2019-03-18T08:13:36Z,5
A Google user,All good service,5.48.1,2019-07-21T22:55:11Z,5
A Google user,Umu7xKinx,5.173.0,2022-03-19T04:27:48Z,4
A Google user,"It's a great idea to make Grab centralised for many services. It's a shame that points have expiry date. During this pandemic, Grab should change the expiration period. Already spent nearly thousand RM, but the points just go to waste like that.",5.126.0,2020-12-17T07:28:07Z,4
A Google user,the AI built into the platform churns out insanely exorbitant fares,5.55.1,2019-07-28T14:13:53Z,3
A Google user,My go to app if I need to order food quickly and got no time to cook. My only grief is the minimum order fee but I guess it's a necessary evil and I have ways to get around it.,,2021-09-15T05:37:38Z,5
A Google user,"Sometimes the driver is unprofessional. They just pick it up, and then chat us to cancel our order. The driver often makes the customers wait their arrival because sometimes they still having conversations with other driver. some driver don't want to pick up long distance order, however, they still pick it up to not get suspended and give us reasonable excuses, such as flat tire. Please be professional.",4.48.1,2018-04-12T23:37:14Z,2
A Google user,"Service totally bad, i cannot see the map, and keep show Google service updating, I'm waiting more than a week, if u cannot handle, huge customer, don't buy other company.",4.51.1,2018-05-21T12:39:17Z,1
A Google user,Do it the best,5.198.0,2022-04-26T06:59:54Z,5
Na********al,Good,5.95.1,2020-05-12T04:16:51Z,5
A Google user,nice attitude. arrived earlier than expected.,5.227.0,2022-11-20T06:02:53Z,5
A Google user,Drivers are less professional than Uber. Fares are ALWAYS higher because of high demand even there are a lot of drivers around the pickup spot. A taxi fare of 150 is always x3. It's convenient but you are ripped off.,4.51.1,2018-05-29T12:49:39Z,1
An********ja,Good Service,5.93.0,2020-05-01T04:11:36Z,5
A Google user,Thank,5.139.1,2021-03-07T16:43:51Z,4
A Google user,okokokokokkkok,4.12.0,2016-10-15T02:38:30Z,5
A Google user,"it's not cheap, but it has benefited me to go elsewhere.",5.83.0,2020-02-11T14:26:05Z,5
A Google user,Helpful in many ways,5.90.1,2020-04-16T04:42:19Z,5
A Google user,I'm happy to see you again,,2021-11-13T05:37:31Z,5
A Google user,"grab service no responsibility to customer and just sacrifice customer profit. grab driver fetch wrong place and don't fetch back to the correct place. after argue with driver and hotline service ,the driver say drop me at the place she fetch wrong and the grab company will pay to driver the fee and i need to call another grab. ok well, i think it's already settle but at just now I get an email from grab, it say i no pay the fee, then I go to Facebook page but also can't fix the problem",5.41.0,2019-05-31T12:08:39Z,1
A Google user,Won't let me book,5.100.0,2020-06-12T04:23:10Z,1
A Google user,Easy to use the app.. i love it..,4.46.6,2018-03-13T03:26:38Z,5
A Google user,Hebat...Saldo Grab saya diambil juga..,,2019-04-02T08:28:45Z,1
A Google user,Very poor service for customer & rider partners.,5.180.0,2022-01-04T01:46:55Z,1
A Google user,Best app to find any transport if i want to go somewhere....,5.36.3,2019-05-29T07:11:41Z,5
A Google user,awesome✊,5.36.3,2019-06-03T11:20:37Z,5
A Google user,Ok good job,,2017-07-26T03:10:02Z,5
A Google user,Doesn't pick up true location with pin even when entered in. Useless if you have to go hunt your driver down.,4.43.1,2018-01-23T13:28:02Z,1
A Google user,Banyak promo,5.70.1,2019-11-19T02:08:37Z,5
A Google user,Very helpful...,4.20.0,2017-03-05T11:44:15Z,5
A Google user,Ok bngets,5.66.1,2019-11-01T01:35:15Z,5
A Google user,This service is very helpful.,5.139.1,2021-03-11T04:22:45Z,4
A Google user,ang dami pa din tlagang mga grab driver na may mga ginintuang puso.,5.189.0,2022-02-21T04:35:32Z,5
A Google user,safety and good transport,5.35.0,2019-03-18T06:44:41Z,5
A Google user,It so easy and the fare is cheap,4.48.1,2018-04-21T06:22:07Z,5
A Google user,I hate this app. Your freaking drivers won't accept my book. Don't do Grab if ylu don't have drivers,5.20.0,2018-12-05T02:31:55Z,1
A Google user,User friendly not only in our country but also in neighbouring countries,5.64.0,2019-10-05T08:59:10Z,5
A Google user,"very convenient, clean and safe",5.215.0,2022-08-25T02:18:49Z,5
A Google user,I cant login!!... - solved-,5.11.1,2018-12-15T20:16:10Z,5
A Google user,Without this App I can't move around at Da Lat. This App also help me save a lot of money. Thanks Grab.,5.253.0,2023-05-15T08:37:25Z,5
A Google user,"Pernah dapet driver tulisannya megapro tapi tnyata dapet motor supra jadul dan pas lagi hujan, driver bawa motornya malah minggir. Saya, driver dan motornya jatuh saluran air. Hanya mengecewakan. Dan ada lagi driver yg ngantuk lagi bawa saya, tiba2 motornya jatuh d tengah jalan#sangat memalukan. Payah",4.29.1,2017-07-10T04:48:32Z,3
A Google user,Good...all services driver.,v3.7.2,2016-02-08T10:41:56Z,5
A Google user,My OVO balance become zero and i cant access help center. Please fix and help soon.,5.33.0,2019-03-17T18:11:55Z,5
A Google user,useful to our place and work,5.211.0,2022-07-30T22:59:58Z,5
A Google user,Good app very best app,,2020-09-13T23:57:15Z,5
A Google user,"Grab notification on andriod phone cannot view in detail, can only show the list of them. Pls fix it..",4.44.1,2018-07-29T13:19:18Z,3
A Google user,Be A Different,4.18.0,2017-02-07T14:15:56Z,5
A Google user,Very bad. Your grab car drivers wont even accept my ride when i was using grabpay for mode of payment.nobody accepted it . But when i changed it to cash... vwalaaa! As quick as flash !driver booked. Why???,5.190.0,2022-02-28T12:00:14Z,2
A Google user,Giá của GrabTaxi còn chênh lệch hơi cao so với giá báo trước,4.29.1,2017-07-09T05:27:08Z,5
A Google user,fast and easy,5.76.1,2020-01-05T19:31:57Z,5
A Google user,Hello again by the way i alredy send a message from here i just want to try this apps..im here in ksa and my family is in the philippines so this christmas i want to suprised them so i want to used your apps. Thanks you,5.127.0,2020-12-24T08:54:15Z,1
A Google user,Thank You Grab!,5.263.0,2023-07-31T09:13:09Z,5
Ba*********************te,I like this grab but i can't use this now,5.46.1,2020-05-07T02:43:00Z,5
A Google user,Grab foodnya skrng smkn menurun kualitasnya... Khususnya tmpt makan yg bkn resto... Harga mahal tp kuantity tdk berimbang ... Sy pikir satu tmpt aja.. beli 3 kali dan 3 3 nya smua bgitu harga doang selangit...tdk ada QC dr grab nya...,5.149.1,2021-05-21T16:39:35Z,1
A Google user,Saldo OVO kok tiba2 ilang jadi 0? mudah2an ini bukan modus ya..!!,5.35.0,2019-03-16T02:46:49Z,1
A Google user,Great service and customer oriented drivers,4.17.0,2017-01-05T11:38:29Z,5
A Google user,very good driver..,5.213.0,2022-08-06T12:58:43Z,5
A Google user,tq for excellent service,5.201.0,2022-05-27T01:46:36Z,5
A Google user,"Buat driver nya, tolong dibaca notes nya ya. Menurut saya disediakan note adalah supaya kita gak habis waktunya untuk vhat dan lain sebagainya. Dan aplikasi ini luar biasa membantu dengan menyediakan notes yang asa di halaman booking sebelum kita melakukan pemesanan. Sayangnga banyak driver, terlebih driver grab-bike, yang mungkin tidak mau meluangkan waktu unfuk baca notes yang diberikan pelanggan. Bisa jadi notes itu berisi alamat terang pelanggan yang mungkin alamatnya tidak masuk dalam list lokasi grab. Semoga bisa jadi masukan untuk driver grab. Sukses terus grab.",4.35.1,2017-09-08T15:42:14Z,4
A Google user,"I am working from home. Grab food is one choice ,I choose.",5.128.2,2020-12-28T04:51:29Z,5
A Google user,Good discount for food delivery,5.128.2,2020-12-26T10:06:13Z,4
A Google user,"Tự động hủy chuyến không thông báo lại, không ghi rõ nguyên nhân gì cả",5.205.0,2022-06-18T08:58:34Z,1
A Google user,"Nice application, easy to use, many discount, can call the driver directly.",v2.8.1,2015-07-31T02:20:47Z,4
A Google user,menyenangkan sekali,5.28.0,2019-08-06T02:04:34Z,3
A Google user,great and helpful sometimes,5.124.0,2020-12-19T08:19:02Z,5
A Google user,Thank you Grab! I love your apps and promos!,5.51.0,2019-06-29T07:22:45Z,5
A Google user,Way more Better than the other Food App,5.158.0,2021-07-17T14:18:34Z,5
A Google user,I couldn't log in into system,5.35.0,2019-03-13T01:16:21Z,1
A Google user,Some driver who got VIP. When some of them call me they not respect customer.,,2018-04-19T03:49:53Z,5
A Google user,เลิกใช้ grab เพราะไม่เห็นด้วย กรณีคุณภาณุวัฒน์,5.48.1,2019-06-10T06:26:27Z,5
A Google user,Can't view notifications in app despite updating it to latest version.,4.17.0,2017-01-13T12:31:39Z,2
A Google user,I cant open the app always try againn,4.39.1,2017-11-03T01:38:50Z,2
A Google user,Very bad.. Can't even solve log in issue,5.35.0,2019-03-16T04:53:15Z,1
A Google user,low,5.28.0,2019-05-11T03:47:56Z,1
A Google user,great Caesar salad!!,5.266.0,2023-08-23T13:27:43Z,5
A Google user,I used to go everywhere with grabbike. But now the app only provides grabcar and grabtaxi in my phone,4.8.0,2016-08-11T02:22:45Z,1
A Google user,ส่งเร้วบริการดีค่ะ,5.51.0,2019-07-04T11:36:16Z,5
A Google user,"Great service. My friend lost his wallet in the car, I called the service, they had someone who spoke english, the driver returned the wallet the next morning. ☺",4.19.1,2017-02-14T20:09:08Z,5
A Google user,Why this app not working? i can't use the app do i need to verified first before it's work??,5.123.1,2020-11-17T01:22:28Z,1
A Google user,keeps crashing & loads v v slowly most of the time.,5.79.0,2020-01-23T12:17:27Z,4
A Google user,Sgt suka pmndu sgt bagus mllayan saya yg oku,5.76.0,2020-01-25T10:49:09Z,5
A Google user,"I'm a regular grab rider but your app sucks. Since September it's taking very slow to load with each transistion page, discouraging us really. So time consuming, apart from actual waiting time for the driver to arrive. Please fix your app. Not funny and a lot of time wasted.",4.38.3,2017-10-28T12:09:55Z,2
A Google user,The last few day its really hard to get the driver of the grab bike. No one want to take the order. Please fix the service,,2017-05-03T05:59:48Z,3
A Google user,Keep it up!!,5.51.0,2019-07-07T08:37:56Z,5
A Google user,Soe ko ko,5.21.0,2020-09-23T14:52:57Z,5
A Google user,super helpful,5.35.0,2019-03-18T07:10:06Z,5
A Google user,"Good, but app FORCES us to give reason for not giving perfect score.",,2019-11-29T16:16:28Z,4
A Google user,Easy to use. So far so good,5.81.0,2020-02-01T00:18:54Z,5
A Google user,Driver sangat bagus drive,5.242.0,2023-06-01T11:47:53Z,5
A Google user,รอรถนานมาก แล้วขึ้นเวลารอแค่ 3นาที ก็รอไปสิ 3นาที รอยัน 20นาที ยังไม่ถึงเลย,4.6.2,2016-06-30T12:35:19Z,1
A Google user,wow cool post,5.44.0,2019-05-23T16:49:29Z,5
A Google user,Very good and reliable services,5.106.0,2020-07-26T14:42:48Z,5
A Google user,Call system need to be improve,5.80.0,2020-01-24T09:44:00Z,3
A Google user,Too expensive sometime,5.107.0,2020-10-07T17:53:10Z,3
A Google user,Very helpful..thanks,5.60.0,2019-10-30T09:06:26Z,5
A Google user,"After i am forced to update, the app kept crashing!! Ive uninstall and install several times to no avail.. Please fix this.. And some vouchers, sometimes, will show that ive used up the limit eventhough i have not used any..",5.57.0,2019-08-20T13:17:22Z,1
A Google user,Often does not start correctly,4.39.1,2017-11-04T09:34:16Z,3
A Google user,Amazing app!!,5.157.0,2021-07-16T11:30:02Z,5
A Google user,Poor Grabfood service!,5.97.0,2020-05-20T10:50:26Z,1
A Google user,Im happy to travel with grab,4.49.1,2018-04-19T14:58:01Z,5
A Google user,I am frequent flyer with this app,4.18.0,2017-01-25T12:37:08Z,5
A Google user,Fakk..plzz put picture so the driver know the exact location.. I cant put picture of my location,4.42.1,2018-01-15T04:05:55Z,2
Li*********an,An all around poor experience for consumers as they increase prices and introduce additional charges. Too many app functions which are wholly irrelevant. Points and benefits have been severely reduced.,,2020-05-10T10:53:09Z,1
A Google user,great service...,,2020-02-08T20:15:05Z,5
A Google user,Great app!!,5.189.0,2022-07-06T05:10:41Z,5
A Google user,"Aplikasi meniko Sae, ngebantu sanget, trus Solusi ketika butuh urgent",5.41.0,2019-05-24T10:31:37Z,5
A Google user,"Lazy Retarded Interface, money grubbing piece of shite of a company. Customers support from hell, spewing canned replies with no action taken.",5.118.0,2020-10-14T09:17:00Z,1
A Google user,Always to deliver on time.,5.144.0,2021-04-22T10:04:23Z,5
A Google user,Uber is way better.,4.10.1,2016-11-12T15:01:39Z,2
A Google user,"22/04/20: Latest update is faulty/glitchy. My app keeps shutting down on itself 5 seconds in. Can't place any orders or even view accounts status. Emailed for support a few days ago, still no reply. Update: Very happy with the improved interface but there are times when it's not raining outside but a whole number of restaurants are closed from delivery for a long period of time. Like right now",5.126.0,2020-12-08T03:48:39Z,3
A Google user,Thank you for good service,5.204.0,2022-06-14T12:18:38Z,5
A Google user,Hhe maap [mrasa malu],5.79.0,2020-01-24T08:23:37Z,5
A Google user,thanx for your promo,5.55.1,2019-08-07T08:35:11Z,5
A Google user,very good at delivery thank you.,5.242.0,2023-02-27T11:58:55Z,5
A Google user,stuck at white screen after installation,5.60.0,2020-09-29T06:21:25Z,1
A Google user,This app is useful and good. app ini bagus dan berguna,5.175.1,2021-11-25T03:50:39Z,5
A Google user,Okokok,4.42.1,2018-02-14T12:27:28Z,5
A Google user,On time delivery.,5.143.0,2021-04-09T07:15:56Z,5
A Google user,I've waited for more than 1 hour but still cannot get a driver but other person who book later than me already got a driver. There is something wrong with your system. Worst,,2019-12-08T18:09:36Z,1
A Google user,"Untuk para driver, kalau ada message baik via chat atau sms, tolong dibaca. Seringkali sudah dikirim message berkali2 mengenai detail alamat/posisi, tapi masih bertanya ""dimana"" Terima kasih",4.44.1,2018-02-14T09:18:02Z,4
A Google user,wanna have baby driver,5.245.0,2023-04-29T22:00:03Z,4
A Google user,"I'm visiting Singapore, and this app. is just perfect. You must download and use.",5.71.0,2019-11-20T01:00:48Z,5
A Google user,good app more convenient than food really love to use grab now instead of foodpanda,5.165.0,2021-09-14T05:24:32Z,5
A Google user,Very convenient ..,5.88.0,2020-03-16T04:08:40Z,5
A Google user,Excellent for everyday use.,5.153.0,2021-07-06T04:03:13Z,5
A Google user,Good app. Easy to use,5.59.0,2019-09-05T21:18:59Z,5
A Google user,"Pesan Grabfood sdh confirm pake kode tsb harusnya dapat potongan 20rb, tapi Driver tdk tau, jd tetap bayar normal. Telp ke CS grab nomernya tdk terdaftar...",4.15.0,2016-12-03T05:23:33Z,2
A Google user,Eveything is smooth,5.128.2,2021-02-09T10:17:19Z,4
A Google user,Excellent!!!,5.65.0,2019-10-11T18:36:10Z,5
A Google user,I like dis app,v2.7.1,2015-03-09T15:21:05Z,4
A Google user,Grab is very helpful,5.149.1,2021-06-16T01:55:42Z,5
A Google user,Its ok..good,5.06.0,2018-12-19T01:48:19Z,5
A Google user,Good maps,4.33.2,2017-08-27T17:27:01Z,5
A Google user,amaizing,5.58.1,2019-12-27T17:55:04Z,5
A Google user,"Nice! But please improve the waiting time. There are times that I have to wait long and no driver nearby, which is BS considering my area, transportation is needed because bus is not accessible.",5.58.1,2019-09-01T10:39:20Z,4
A Google user,Awesome. Keep it up. Youre doing good. Thank you po!,5.161.0,2021-08-13T08:18:26Z,5
A Google user,"Crashed a few times after installing. Later it worked but showed white and black pages. Then worked for choosing the destination and tried to find a driver but not successful and I repeatedly searched for car for 20 minutes, so left the app and took bus. Hate it",4.37.0,2017-10-19T10:36:11Z,1
A Google user,Lower the price,5.10.0,2018-12-04T04:22:00Z,5
A Google user,"The option to have your driver take multiple order takes away the urgency of the food deliveries. It greatly affects delivery time which is a huge disappointment. I hardly get any deliveries on time anymore! If you're gonna normalize that, the least you could do is inform the customers ahead of time before they'll have their orders placed. It's better to not have placed the order at all than be disappointed with the waiting time. Let the customer know and give them the option to decide please.",5.169.0,2021-10-01T18:41:18Z,1
A Google user,"Try to order grab car with corp billing and the driver told me to wait 25 min just to grab ticket even though he already inside airport, i already got delayed flight, delayed baggage, now delayed grab for ridiculous reason and after cancelling it my price goes up. What a great service grab. Whats the reason we cooperate if the service is bad like this? And whats more ridiculous is people who order after me get their car first. Splendid",5.217.0,2022-09-04T13:50:20Z,1
A Google user,Update terooss,5.07.1,2018-12-03T12:50:10Z,2
A Google user,helpfull wherever you are... companion & easier way for your transportation in many occasions & timing... amazing invention ever,5.47.1,2019-06-05T16:06:27Z,5
A Google user,Comfortable car with a pleasant driver.,5.258.0,2023-06-17T03:52:41Z,5
A Google user,"Need more improvements on the app. Maybe i can give a suggestion if theres an option to BUZZ the driver if after 5 min no movement, so we can remind the driver within an app.. Thanks",v2.7.2,2015-04-25T02:23:43Z,4
A Google user,They have the worst help center ever & and they focus on money only and they don't care about the customers,5.162.0,2021-08-15T08:34:08Z,1
A Google user,"My card was charged TWICE for the same trip. First, when I made the order, and then charged again when completing the trip",5.72.0,2019-11-23T14:13:15Z,1
A Google user,I suggest a Grab lite version for traveller's only. The App is quite bulky!,,2022-12-04T15:02:25Z,3
A Google user,Alamat selalu tak betul.....gagal hantar barang ikut alamat sabenar Terpaksa ejas2 pulak peta supaya hmpir dgn alamat sabenar,,2022-03-01T06:02:06Z,2
A Google user,"Grabfood... missing item. When reported, the app say ""we are not able to deliver the item. kindly reorder the item."" Like seriously. Refund were given but I think this can be prevented when collecting the item.",5.100.0,2020-06-16T08:51:26Z,1
A Google user,"Kesel harus update terus, ngabisin memory tauuuu",4.55.2,2019-12-21T11:08:41Z,2
A Google user,sangat mudah menggunakan.. menyenangkan pengguna,4.27.2,2019-03-09T06:46:16Z,5
A Google user,vary good,,2020-01-29T23:42:32Z,4
A Google user,Driver's eta is off by a mile every time. You're better off removing them tbh. Take traffic into consideration. ETA 7 mins but waited for 15 mins. Joke?,5.173.0,2021-12-17T08:57:45Z,1
A Google user,"I have problem with the payment option and have sent 2 emails about it still, unresolved. Number to call gets disconnected on its own. Call grab help center call me instead please?",5.124.0,2020-11-24T16:56:08Z,3
A Google user,Best app ever,4.6.4,2016-08-16T05:12:57Z,5
A Google user,Useful and convenient,5.59.0,2019-09-01T16:54:28Z,5
A Google user,"driver suka cancel order tanpa alasan jelas, aplikasi not responding saat pencarian menu",5.59.0,2019-09-01T11:51:36Z,1
A Google user,"Please do fair play in business! You make everything seems cheap, but you take profit so big! What a greedy applicator!",5.206.0,2022-06-28T00:38:55Z,1
A Google user,"What a pointless app, if you can't pay with it. They don't take amex, they don't take visa, they don't take us banks. Pointless.",,2019-11-08T05:21:58Z,1
A Google user,"Call center ga jelas, complain tidak di kasih nomer komplain..",,2022-02-06T07:38:48Z,1
A Google user,"Good apps, good service",5.42.0,2019-05-19T10:40:17Z,5
A Google user,Nice work,5.65.0,2020-07-30T01:03:18Z,5
A Google user,"phv and taxi went hiding during wet weather, refuse to pick up booking",,2022-08-13T04:55:03Z,1
A Google user,"Even i never experience first free ride, this transportation concept excelent and helpfull for society. Please do not dismiss the plus plus benefits for the driver and customer.",v4.0.3,2016-04-02T18:08:01Z,5
A Google user,"After updating Grab app, it constantly hangs. Unlike old version which was easy to use. What's wrong with your app? Please do something about it. Don't tell me to restart or uninstall, I did all that.",5.01.0,2018-07-16T10:23:57Z,2
A Google user,Very lousy app. Recently keep having problem to top up the wallet. So difficult to reach out to customer service and so hard to get them to resolve the issue. I think I have tried more than 30 times to top up. Seriously wasting customer time.,5.109.0,2020-08-16T10:38:15Z,1
A Google user,Hope this to the better,,2017-01-01T06:47:06Z,5
A Google user,Can i play mario bros ?,5.72.0,2019-12-08T07:26:10Z,5
A Google user,Book Wait and Reach :) never fail to get me a taxi or car.. loving it..,4.6.4,2016-07-22T01:18:28Z,5
A Google user,"my problem with this app, specifically grab food, is that it automatically orders from stores that are actually far away from my location; when i know for a fact that there are same stores nearby. that's why sometimes drivers cancel because they're too far.",5.91.2,2020-09-05T08:16:11Z,2
A Google user,"Sejauh ini untuk pelayanan Grab Indonesia sudah bagus, tapi saya punya saran yang mungkin bisa dijadikan upgrade kedepannya. Layanan Grabfood ada baiknya kita, sebagai pelanggan bisa komunikasi langsung dengan pihak restaurant, karena sudah beberapa kali pengalaman meskipun sudah chat dan note via app ke driver pesanan yg datang tidak sesuai. Bingung jadinya mau menyalahkan driver atau pihak restaurant. Kasian juga bisa jadi salah pihak restaurant karena gak puas driver tidak dapat bintang 5.",5.75.0,2019-12-26T11:36:13Z,4
A Google user,Good price and service .... but not accepted my visa anymore,5.55.1,2019-08-01T13:09:05Z,3
A Google user,"Grabpay is the worst ewallet in Malaysia, many listed pay later merchant but app don allow paylater payment. Disappointed.......... Not recommend this app",5.255.0,2023-05-31T16:11:39Z,1
A Google user,"App stuck at logo page. Error message says ""unable to access server"" even though promo banners pop up fine. Wrote in to Support but staff gave generic answers and were very unhelpful",4.46.3,2018-03-09T01:14:18Z,1
A Google user,Good n easy,4.24.0,2017-03-30T14:31:35Z,5
A Google user,Lebih banyak fitur dari sebelah.,,2019-09-20T03:27:01Z,5
A Google user,Very easy to setup and get the taxi..,5.68.0,2019-10-29T13:01:14Z,5
A Google user,Great I love it I saved my money Thanx,5.76.0,2019-12-25T06:55:40Z,5
A Google user,Love the app.,v2.8.1,2015-08-24T14:49:11Z,5
A Google user,ល្អ,,2018-07-20T06:13:36Z,5
A Google user,my home address does not show up when searching and no more option to use pin to get my exact location (pin is no longer movable),5.16.1,2018-10-31T10:54:01Z,2
A Google user,Setelah update terbaru kok ga bisa diakses lagi?,,2017-07-26T01:33:16Z,2
A Google user,zzz,,2019-07-10T11:11:46Z,4
A Google user,"worst app ever complained for countless about the e wallet but the issue is never solved, not even receiving any reply from Customer",5.76.0,2019-12-29T02:44:34Z,1
A Google user,GRAB RIGHT NOW LIKE TO LYING THEIR CUSTOMER !!!!!!!!! LIKE THE MAKE CUSTOMER BE HUMBLE AND TRICK THE CUSTOMER!!!!!!!!,5.39.1,2019-04-07T14:20:34Z,2
A Google user,"Driver nya ramah2 banget semuanya. Mudah untuk memantau drivernya, untuk pengguna baru ini highly recommended banget karena mudaah utk digunakan. saya udh coba hmpir smua ojek online, dan so far ini yg terbaik. Good Job ! Tingkatkan terus",5.122.1,2021-03-25T11:14:19Z,5
A Google user,Very much like!,v2.7.1,2015-04-24T03:58:28Z,5
A Google user,sometime have a good driver,5.24.1,2019-04-10T12:54:14Z,5
A Google user,I am from Saudi Arabia I am always using grab in Indonisia and Malysia it is very usefull and very good .,5.54.2,2019-07-21T15:05:08Z,5
A Google user,Worst service. Don't patronize.,,2021-12-20T23:05:06Z,1
A Google user,promonya jangan sering gabisa,5.55.1,2019-09-19T14:46:03Z,5
A Google user,Bad service! And bad attitude!,5.111.0,2020-09-01T08:06:30Z,1
A Google user,Teruk.... Pick up point susah nak cari. Debit card info kalu update hilang.,4.53.1,2018-06-30T11:57:48Z,1
A Google user,easy to order the taxi,5.266.0,2023-08-15T08:16:43Z,4
A Google user,Can't active app,,2018-08-01T14:13:01Z,1
A Google user,So far have not had any major problems with the app or it's drivers.,5.50.0,2019-07-16T11:10:23Z,5
A Google user,Ngcash in ako from other bank account ko ng july 01 2023 pero hanggang ngaun july 04 2022 wala p..nkailang follow up n ako pero wala nmn ngrereply sa concern ko. poor service,5.238.0,2023-07-04T00:53:58Z,1
A Google user,Verry good service,5.17.1,2018-11-12T03:22:50Z,5
A Google user,ol,4.17.0,2017-02-15T11:32:08Z,5
A Google user,Safe and secured,5.145.0,2021-07-19T01:56:19Z,5
A Google user,"punctual, curious, fast.",5.245.0,2023-03-21T05:42:18Z,5
A Google user,layanannya selalu memuaskan meski kadang dapat driver yg mobil dan nopolnya tidak sesuai dg profil di aplikasi,,2019-06-13T12:04:50Z,5
A Google user,makasih grab atas promonya,5.43.0,2019-05-17T08:01:43Z,5
A Google user,"KALO MINTA UPDATE JANGAN SEENAK JIDAT, GW LAGI PESEN GRABCAR JADI ILANG ORDERANNYA, KASIAN DRIVERNYA GAJADI NARIK, GW JUGA LAGI BURU2 KERUMAH SAKIT BEROBATIN ANAK GW TOLONG DIPIKIRIN LAH",5.63.0,2019-09-20T09:31:13Z,1
A Google user,"Pesen grab bareng krn lg high fare, nunggu udah 30 menit, gak dapet2 diarahin ke grab car biasa tp lebih murah. Sekarang dapet grabcarnya genap. Mnta cancel. Kalo cancel saya harus tunggu lg, harus pesen lg. Mnta tlg ke help centre. Ttp dibatalin dong harus pesen ulang dngn harga mahal. Ibaratnya disuruh ngantri ulang. Itu fitur grab bareng not works. Totally scam because wasting time wasting opportunity cost. Dan help centre tidak membantu customer sama sekali.",5.272.0,2023-10-30T01:02:01Z,1
A Google user,I use this frequently and it is great.,4.19.1,2017-02-27T09:07:07Z,5
A Google user,ttt,5.34.0,2019-04-05T23:41:53Z,5
A Google user,Its a good aplication... really helpfull,4.18.0,2017-01-30T10:41:24Z,5
A Google user,Help me so much,4.19.1,2017-02-21T18:07:23Z,5
A Google user,I do satisfied with this application. This application makes life much easier..,5.43.0,2019-05-09T00:07:14Z,5
A Google user,"Pin poin tidak sesuai dengan alamat, dulu agak error gak separah ini, jangan sok ngide kalo gak bener",5.201.0,2022-06-17T07:16:34Z,1
A Google user,i want to reinstall back this app but after 3 times install and reinstall i still dont get any verification number,,2021-03-04T05:09:27Z,2
A Google user,"Easy interface, easy to use, helpful transport app!",4.6.2,2016-06-30T05:38:15Z,5
A Google user,Very helpfull and have a lot of discount and promo,5.65.0,2019-10-20T01:44:42Z,5
A Google user,nice app. very convenient,5.44.0,2019-05-18T01:37:40Z,4
A Google user,beberapa pengemudi tidak menyukai penumpang yang menggunakan promo dan meminta uang lebih.,,2021-08-24T06:51:16Z,1
A Google user,Having problem to active with data internet applied.,5.185.0,2022-01-29T10:18:46Z,5
A Google user,"I enjoy grab the most , but i encounter that my address pinned in the place i never been so the rider went to a wrong address and with it cost another delivery fee.",5.190.0,2022-03-10T01:12:13Z,5
A Google user,driver busy terus gilak udh sejam lebih,5.50.0,2019-06-30T07:14:50Z,1
A Google user,"i've cash in to my grab account then suddenly logged out when i log in again, the app said that may acc is suspended. how can i use the money i cash in, if i can't log in. please fix this. asap.",5.112.0,2020-10-20T07:30:33Z,1
A Google user,why dont i have grab challenges???,,2019-03-08T05:39:11Z,4
A Google user,"Ive been uninstalled this apps 2 months ago, and just installed again to use the service from grab, but what I can called this app is not an app, just a trash , no order button, no button to create any order.. in home UI only there information page about grab.. no option to create any order.. grab must stop operating their service I think. This apps looks like a scam in 2020",5.87.0,2020-03-07T08:05:12Z,1
A Google user,A lot of improvement and very helpful these days of staying home.,5.164.0,2021-08-31T03:07:48Z,5
A Google user,"reliable and very convenient, easy to use app and lots of choices available",5.150.0,2021-05-28T15:23:06Z,5
A Google user,Sering eror keluar ke menu utama sampe susah mau pesen grab,5.64.0,2019-12-24T04:36:23Z,2
A Google user,Berkali kali driver minta cancel.,5.183.0,2022-03-15T04:21:37Z,4
A Google user,Cost efficient and well managed by the developer,,2016-08-21T10:40:34Z,5
A Google user,awesome. make my day. thank you,5.266.0,2023-08-28T15:24:45Z,5
A Google user,Fastand convenient,v2.7.3,2015-05-11T04:19:05Z,5
A Google user,easy to use and very handy dandy,5.44.0,2019-05-15T20:52:58Z,5
A Google user,Ggwp rude driver,,2017-06-25T02:39:46Z,1
A Google user,1rm,5.203.0,2022-06-07T09:31:33Z,1
A Google user,Great app and great service!,4.2.1,2016-07-31T07:24:20Z,5
A Google user,"Some driver is so rude , he don't know the place that we set thn blaming us why we don't point for him and we just keep quiet . So bad i wouldn't use this apps again , it let me down . Bye",4.53.1,2018-06-21T12:10:53Z,1
A Google user,I cant update my ap,5.65.0,2020-03-27T09:22:16Z,1
A Google user,"Grab, please fix the bugs, you're booking drivers who won't even move or respond which gives us a lot of inconviniences. Please fix it",5.68.0,2019-10-31T02:28:27Z,2
A Google user,"All the food menu seems to be in Thai language, can you change it to English as well?",5.93.0,2020-04-25T13:56:39Z,5
A Google user,"Disappointing. Grab deleted my account for no good reason. Apparently was due to cancelled ride requests which was through no fault of the user. Was in Indonesia. Countless drivers accepted my ride request without finding out destination properly. Only to cancel on me later. And they communicated only in Bahasa Indonesia which i do not understand. Instead of educating the drivers and improving their level of professionalism, Grab has decided to unfairly penalize user without finding out the actual reasons for cancelled ride requests. Grab has also yet to follow-up on the requests to have the account restored. Truly disappointing.",4.39.1,2017-11-06T07:10:44Z,1
A Google user,Missing food. Ordered a spicy chicken meal with coke float and mushroom soup. Plus a pepper steak. Coke float and mushroom soup and pepper steak made it. But the spicy chicken meal is missing in action. So disappointed with this app. Used to love it but now not so much and response time is so slow.,5.242.0,2023-03-03T17:19:50Z,1
A Google user,Badtrip talaga... Aanhin ku yung perang diniposit ku now sa inyo? Di namn pwedi ibayad sa order.. Asar. Dapat nakalagay agad don!,5.127.0,2020-12-16T11:21:13Z,1
A Google user,unable to connect server? what the hell is this?,4.42.0,2017-12-22T10:00:36Z,1
A Google user,good helpful app,5.261.0,2023-07-08T17:36:17Z,5
A Google user,Convenient to our short trips with hubby... Trip from city to another city... Like the application...,5.105.0,2020-07-10T01:20:52Z,5
A Google user,very convenient apps we love it,5.197.0,2022-04-23T03:57:26Z,5
A Google user,akun disuspend. terus solusi dari cs disuruh ganti hp. hahaha lucu bangeeeetttt,5.28.0,2019-08-18T15:21:35Z,1
A Google user,I honestly dislike grab so much. the service is rng. Get dropped off at the wrong location/unfriendly driver doing this job for the paycheck. One time this driver drove away right infront of my face just because I arrived at the 5 minute waiting mark. i was right infront of them about to go into their car. Hello?? The price jump fluctuates like crazy like paying 20 rm to a place 10 mins away. Pls just support air asia and do not contribute to this monopoly of a company. It's not worth it anymore,5.242.0,2023-03-07T07:43:54Z,1
A Google user,app won't stop loading smh,,2018-02-11T04:37:12Z,1
A Google user,"App encountered problem with the food order so i ordered again , resulting in a double order of food that was unrefundable.",5.134.0,2021-02-03T03:56:57Z,2
A Google user,"Surge prices are getting extremely expensive but appwise it's an okay app. Suggestion: for grab share, it would be good to know if the ""making 1 stop first"" is for a different passenger pickup or dropoff. It will prevent the awkward turtle situation of entering the back seat with your ride partner only to see someone else there",5.73.1,2019-12-23T11:03:21Z,3
A Google user,"No match for food panda. From a regular customer perspective, always have problems such as wrong order, driver didnt recieve blablabla idc waste of time. I had to wait for an hour just to be told the driver didnt recieve it. System problem or driver problem? Idk im disgusted.",5.116.0,2020-09-28T11:10:20Z,1
A Google user,"driver always bussy ,just close this app then!!!",5.43.0,2019-05-06T05:49:51Z,1
A Google user,Im having problem lately logging on my android phones.cannot connect to server error.is anyone having this issue and what is the solutions,4.19.1,2017-02-28T01:19:32Z,1
A Google user,Accurate convenient hassle free,5.58.1,2019-08-22T23:26:10Z,5
A Google user,Horrible experience trying to change language to english from thai when trying to order food. Finally gave up. Will now try FoodPanda. Disappointed does not even come close. Horrible!!!,5.132.0,2021-01-19T11:02:50Z,1
A Google user,"Kapag omorder ka sa grab mart at nagcancel yung rider, it should be possible to continue the order with different rider. Kc ang scenerio ay cancel ang order then kapag nag reorder ka out of stock na yung ibang item na inorder mo. Why rider can cancel order but not the buyer itself?",,2022-03-22T04:19:38Z,3
A Google user,great and very useful service,5.40.1,2019-07-04T10:19:37Z,5
A Google user,"Used to be a good app, having difficulties with booking Grab Car the past few weeks",5.202.0,2022-05-23T03:42:07Z,2
A Google user,Good for our plan !!,4.42.0,2018-01-12T02:45:10Z,5
A Google user,Why cant i grab food,5.193.0,2022-03-15T04:30:06Z,1
A Google user,Life easier,5.48.1,2019-08-28T10:46:07Z,5
A Google user,Very good and handy app,5.82.0,2020-02-11T05:16:54Z,5
A Google user,Lower down your price. I understand that it has fixed price compare to uber however the price different is really huge.,4.27.2,2017-06-22T03:26:03Z,3
A Google user,Verry helpful app,,2017-04-21T01:54:47Z,5
A Google user,nice n easy,5.49.0,2019-06-23T07:07:43Z,5
A Google user,Cepat dan terbaik,5.94.1,2020-05-16T08:43:02Z,5
A Google user,I can't update it anymore ?,5.229.0,2023-06-05T10:16:45Z,1
A Google user,"Impressive experience, very easy to book cab & order food.",5.252.0,2023-05-09T08:15:56Z,5
A Google user,Its easy to find a person nearby to give you a ride to your destination when you dont have a vehicle!,5.71.0,2019-11-21T13:20:23Z,5
A Google user,"Pembodohan, your promo code is fully redeemed or invalid untuk semua voucher promo. Sudah contact support, jawabannya adalah masalah sistem jadi untuk 15 hari jangan menggunakan kode promo / subscribe Edit : sudah sampai sekarang gk diperbaiki masalahnya. Customer service cuman memakai template reply yang sama",5.98.0,2020-05-28T23:36:31Z,1
A Google user,Constant vibration during phone calls significantly affect the user experience. Irritating,5.168.0,2021-10-18T00:28:10Z,1
A Google user,lanjutkan,5.42.0,2019-05-25T03:55:40Z,5
A Google user,Quickly transportations,5.101.0,2020-07-02T01:45:59Z,5
A Google user,thumb up,5.41.0,2019-08-15T00:53:10Z,5
A Google user,biaya grabfood makin mahal padahal pesennya deket,5.51.0,2019-06-30T09:20:45Z,1
A Google user,Works great!,5.19.1,2018-11-20T13:33:06Z,5
A Google user,ig. Danny.kvkj follow for follow back,,2017-09-24T02:22:29Z,2
A Google user,Cheaper,4.18.0,2017-03-23T23:24:29Z,5
A Google user,This service is the cheapest transport service in Jakarta. Specifically for foreigners. Most of drivers are very helpful and they do their best when it comes to language. I would like to recommend this service provider.,5.54.2,2019-07-23T03:28:40Z,5
A Google user,Good app and good service.,5.149.1,2021-06-01T04:04:49Z,5
A Google user,why lah cannot take picture? i to ugly is it?,,2020-07-05T06:58:18Z,1
A Google user,Satisfied using grab,4.19.1,2017-02-11T01:30:02Z,5
A Google user,Need more time to evaluaet the full potential of the app.,,2017-03-08T08:35:06Z,4
A Google user,"Big help to the country""s tranpo problem particularly to scammer taxi drivers. Just wish that rates be more affordable to us ordinary citizens. I suggest that your grab drivers who do not show up must be suspended for a week or so.",5.142.0,2021-04-01T08:39:23Z,4
A Google user,Receipt received with fare indication.,5.155.1,2021-07-03T03:54:09Z,1
A Google user,It is very helpful everytime i need to go anywhere.,,2020-03-26T10:10:13Z,5
A Google user,so far so good,5.45.1,2019-05-17T10:30:44Z,5
A Google user,Good Services & Awesome Promos,5.51.0,2019-06-30T08:19:33Z,5
A Google user,Its good application.,v3.8.2,2016-03-15T14:11:42Z,4
A Google user,Bad update installation,5.100.0,2020-08-26T22:39:13Z,1
A Google user,"GrabFood's status and GPS are not upating once order was placed by the rider. Recently, the rider waited outside the house while raining for 15 minutes due to the said issue. Happened multiple times and it's inconvenient for both me and the rider. Fix this asap.",5.58.1,2019-08-26T13:10:47Z,2
A Google user,Thank grabfood,,2021-11-10T10:40:49Z,5
A Google user,great apps with a great helpful,5.101.0,2020-07-22T23:43:15Z,5
A Google user,Promoooo,5.59.0,2019-09-11T01:24:26Z,4
A Google user,its supeer,5.44.0,2019-05-20T05:46:55Z,5
A Google user,can't take one time selfie,5.51.0,2019-07-04T09:34:06Z,3
A Google user,keren lah!,4.37.0,2017-10-16T15:36:46Z,5
A Google user,"A very good service , one month free idr 20k for grab car , we can reedem points for free and also had grab chat to communicating with the driver , a verry good applicantion .thankyou Grab",4.20.0,2017-03-15T15:20:05Z,5
A Google user,grab kntl,5.32.1,2019-02-17T15:15:59Z,1
A Google user,user friendly and easy to use,4.8.0,2016-09-07T22:08:13Z,5
A Google user,Useless app,5.06.0,2023-10-11T14:06:56Z,1
A Google user,really a helpful app!!,,2019-03-18T16:33:21Z,5
A Google user,"i love the app... it helps me a lot! but something is wrong... i am not a grab driver for a car or food, but i am seeing a lot of grab food drivers suffering because of those heartless people booking and canceling their orders which is already paid by the drivers! i hope you can do something about this grab... for grab food, please remove your cancel button or atleast let the customer talk to the driver first if it is possible to cancel their booking just to be fair for the both of them!",5.89.0,2020-03-30T14:30:47Z,4
A Google user,Good application!,4.19.1,2017-02-20T13:33:28Z,5
A Google user,force gps,5.64.0,2019-10-02T16:39:36Z,2
A Google user,IT SUCK!!! IT CAN'T TRACK Accurately . Its too much of a hassle. It eats up my time txting my driver for my location.,4.39.1,2017-11-29T01:03:15Z,1
A Google user,Love this app. It's very useful,4.18.0,2017-02-10T10:28:31Z,5
A Google user,"Pesen food, 5 kali, semuanya minta di cancel semua akibat lokasi driver sm lokasi tempat pickup jauh, gmn nih mapsnya. Harusnya di berikan ke driver yg lokasinya deket sm tempat pickup makanannya.",4.43.1,2018-03-21T11:49:40Z,1
A Google user,"So, the user app is great, I used my referral coupon, but somehow there is no information that I've used any coupon on the drivers app after finishing the trip. I'm having a hard time convincing that I've used my coupon, this happens after the major update, please fix",v3.8.2,2016-03-14T12:19:15Z,3
A Google user,a new feature that lets the driver take more than 1 food order at once disadvantages the user. food came late and several errors occured. better be removed.,5.63.0,2019-10-05T02:18:38Z,1
A Google user,some drivers are rude,,2019-08-21T07:48:27Z,3
A Google user,I use this app as needed.,4.11.1,2016-10-08T21:57:00Z,4
A Google user,Why am i being suspended? And i followed ur appeal and nothing happened...,5.193.0,2022-03-19T00:46:07Z,1
A Google user,"I am trying to delivery small items to customer. So i choose express delivery. However i was charged 3 times even no driver was found, no order created.",5.147.0,2021-05-09T01:14:39Z,1
A Google user,If I can give negative 5 stars; I would,5.268.0,2023-09-09T18:11:35Z,1
A Google user,The application keeps hanging,4.27.2,2017-06-14T23:14:03Z,2
A Google user,expensive. abusive and greedy.,5.194.0,2022-03-26T11:28:32Z,1
A Google user,rubbish,5.239.0,2023-02-07T05:29:25Z,1
A Google user,I think it will good,,2017-10-04T12:02:44Z,3
A Google user,Reliable even at odd hours,5.47.1,2019-06-06T15:28:15Z,4
A Google user,"i don't understand . I got promo,but when i wanna use it , i couldn't . wht is going on?",5.46.1,2019-05-25T22:53:12Z,1
A Google user,Good interface and services. Good job,4.6.4,2016-07-26T13:03:28Z,5
A Google user,"Realy easy to use, well done..",4.15.0,2016-12-06T17:10:37Z,5
A Google user,Very convenient!,v2.6.3,2014-12-13T11:45:00Z,5
A Google user,good app very helpful,5.33.0,2019-03-01T06:16:56Z,5
A Google user,"hi grab, i just want to ask about my account get suspend idk why but please to tell me about these. i had account grab before but my gmail was delete permanently. so, how i can get back my account if my gmail was deleted permanently? please replied, i want my old account back :( thank you! i give you 5 rate because everything about grab is great, i just regret about my old account get suspended and no reason why.",5.47.1,2019-06-03T16:20:33Z,5
A Google user,"Sangat membantu kita yang sedang malas keluar memesan makanan, go food go go go",5.46.1,2019-06-03T12:33:38Z,5
A Google user,bagus tapi suka tibatiba force close,4.15.0,2016-12-03T02:59:41Z,5
A Google user,"can't find ""contact us"", i have an issue with my use of rewards points",4.51.1,2018-05-30T03:55:08Z,4
A Google user,safe driving,5.210.0,2022-07-16T16:33:11Z,5
A Google user,Helpful.,5.17.1,2021-03-23T03:14:13Z,5
A Google user,🤩 amazing,5.245.0,2023-03-21T05:05:08Z,5
A Google user,help full,5.44.0,2019-05-18T22:48:46Z,5
A Google user,"Pathetic customer service. Despite of multiple calls and emails, the response is bad. Multiple times I've faced this issue. Moreover, some of the drivers are really bad and drive rash. Despite making complaints with customer service, there is no action whatsoever. Some of the drivers don't follow traffic rules, and if I tell them to obey rules, they talk very rudely. Uber is much better. And prices on grab are much higher. I don't understand why they have the grab hitch option.. It never works..",4.21.2,2017-03-14T09:52:27Z,2
A Google user,"Not as good as before anymore, hope it can improve on customer relations.",5.97.0,2020-06-01T23:53:32Z,3
A Google user,"Linked your Gcash American Express virtual card to Grabpay and try to cash in. This Thieves will hold up your money and you cannot use it elsewhere but to their services only. This is the legal way of doing illegal, put up a business like grab, monopolise the industry, pay ur taxes. Booom! Transform into Thieves, yes. You read it right! Thieves! You are a Thieves! Change ur company name! GRAB SUPER THIEVES.",5.218.0,2022-09-17T06:31:15Z,1
A Google user,IT'S A SCAM DON'T DOWNLOAD IT,,2020-03-31T00:29:20Z,1
A Google user,noiiiiiiceeeee,5.219.0,2022-09-24T10:10:19Z,5
A Google user,"These guys will ban you out of nowhere, i'm really surprised because i'm an avid user when one day i can't book anymore, they say that something about my booking is wrong and I should be the one proving myself to them when i don't even know why? That system sucks, you prove your self for something you didn't even know when they already banned your account,",4.15.0,2017-04-07T11:07:36Z,1
A Google user,Good like,,2019-09-19T15:37:20Z,5
A Google user,Keep force close after the last update. Please fix it.,4.26.1,2017-04-25T23:46:08Z,2
A Google user,This app is so cool,4.40.0,2017-11-18T00:32:22Z,5
A Google user,"Sejak update alamat rumah saya malah jd ga ada di aplikasi grab, pdhl di gojek dan google map ada. Smntr di grab satu komplek perumahan cm terdaftar satu alamat rumah jd semua orderan grab nyasar ke rumah tsb. Sdh komplain ke help center tp berhari2 ga ada update jd terpaksa beralih dulu ke aplikasi lain yang lebih baik mengelola map nya",5.202.0,2022-05-30T15:05:11Z,1
A Google user,always give masker and hair cover please,4.21.2,2017-03-16T09:42:34Z,5
A Google user,"sgt2 bagus semua driver grab yg pernah sy naik,tk sombong tk cerewet,",5.52.1,2019-07-11T03:42:35Z,5
A Google user,1 of 2 essential apps for getting transport in Indonesia. It's great as a traveler and an expat to not have to worry about being ripped off by unscrupulous taximen on the street or hanging around airports & bus stations,,2019-06-26T12:52:45Z,5
A Google user,Can't get any during floods,4.53.1,2018-07-25T12:22:16Z,2
A Google user,"Hi Grab, Please give the driver especially Grab Ride in Indonesia more acknowledge how to cash out the money from OVO. Some of them feel inconvenience with OVO payment as did not know how to cash out their money.",5.55.1,2019-08-04T01:21:06Z,4
A Google user,Good Services,5.18.2,2018-11-12T15:12:36Z,5
A Google user,Promo code prompt error after validation. Your Promo code is just for entertainment....,4.16.1,2016-12-24T02:53:39Z,1
A Google user,sangat memudahkan dan harga bersaing. tetap buat promo2 yg bagus..,5.45.1,2019-05-20T00:21:20Z,5
A Google user,"Great service! Quick, convenient and safe! I would recommend to my friends.",v2.8.1,2015-07-17T15:06:14Z,5
A Google user,Very Efficient,4.36.2,2017-10-01T18:57:50Z,5
A Google user,"I opt out from offers and ads notifications, yet I'm still getting them spamming my phone notification bars",5.70.1,2019-11-14T02:38:59Z,1
A Google user,cool and cheap,,2019-08-04T14:55:08Z,5
A Google user,"Mình đã rất vui khi thấy GrabFood có mục Không lấy đồ nhựa dùng một lần, và niềm vui đó vụt tắt khi mình order đồ. Không những mình đã bỏ chọn option lấy đồ nhựa mà mình còn note rất kĩ (mình note 3 lần ở mục Note, và còn nhắn cho tài xế ko lấy ống hút và túi ni lông), vậy mà nhận về tay lần nào cũng có ống hút và túi. Mình rất thất vọng và mong Grab sẽ gắt gao hơn trong việc này giúp bảo vệ môi trường tốt hơn.",5.86.0,2020-03-04T03:56:58Z,2
A Google user,Best application,5.97.0,2020-05-24T12:40:14Z,5
A Google user,Good app but improvements for better experience are a must do!,5.60.0,2019-09-14T13:55:09Z,5
A Google user,Beautifullll,5.55.1,2019-12-24T00:15:54Z,5
A Google user,"Principle is fine, however there is a lack of availability in my area and some drivers don't understand the rules... Immediately calling you and trying to negotiate non metered/ overtime rates... If they do that what's the point of grab taxi??",v4.0.3,2016-03-31T19:31:07Z,3
A Google user,better than Uber in Thailand. used for multiple functions,,2023-07-10T12:03:10Z,5
A Google user,"Cant seem to log in been trying for hours now, ive checked my contact number multiple times and is correct but cant receive any otp to log in.",5.263.0,2023-07-25T05:00:13Z,1
A Google user,"Nice apps, really helpful",5.128.2,2021-03-09T22:49:07Z,5
A Google user,Nice✌,5.74.1,2019-12-24T12:53:57Z,5
A Google user,"help centre cannot access,i have problem with my account link with fb,after my fb disable, my grab app suddenly gone,when try to download again and try to open new one.But after stage phone fiil up phone and code,the result is wasn't not link and pop up help centre but stopped with out any further stage.Now i can't use grab car,you lost 1 customer",,2019-04-11T10:37:52Z,1
A Google user,buat hape highend aja aplikasi terasa berat apalagi buat hape kentang dan seringkali masih terdapat bug. Tapi suka dengan promo2 yang ditawarkan,5.47.1,2019-06-07T13:50:19Z,4
A Google user,reagan gallardo so mabait na driver feel na feel mong safe katalaga hehehe,5.37.1,2019-06-20T05:05:55Z,5
A Google user,Cukup bagus...,5.185.0,2022-01-25T09:13:33Z,4
A Google user,i could change ratings later,5.51.0,2019-07-01T04:46:54Z,5
A Google user,Cant change payment setting,5.81.0,2020-01-27T05:47:03Z,3
A Google user,fun,5.108.1,2020-09-10T16:59:17Z,5
A Google user,Its really great although i hope that theyll expand the choices for grab food. Its mostly just 1-2 kilometers from home and theres very few choices. Hope to see more choices and expanded restaurant locations.,5.49.0,2019-06-21T08:51:34Z,4
A Google user,I loved it,,2019-03-25T02:14:38Z,5
A Google user,The best pari,4.28.2,2017-07-20T04:40:24Z,5
A Google user,top transportation's application for me so far,5.16.1,2019-02-03T04:21:03Z,5
A Google user,Looking at the 1 star history of your rating its impossible you still have 4.7 even playstore cannot be trusted on the reviews.,5.173.0,2021-11-09T07:13:03Z,1
A Google user,Great Service,5.100.0,2020-06-10T04:41:49Z,5
A Google user,"After upgrading, i cannot find a single taxi for past few days. I mean ZERO taxi. Totally useless",v3.7.3,2016-02-21T22:47:32Z,1
A Google user,Hindi ko ma update.,5.48.1,2021-09-06T08:57:49Z,1
A Google user,Recently the apps or connected is messed up. It says cant connect to server but I was able to get confirmed booking. One time I booked for a shared ride and again it says cant connect but someone confirmed my request but am sharing someone who is from the other side of my destination or really out of the way.confusing,4.11.0,2016-10-02T23:20:17Z,5
A Google user,Very good and useful application,,2021-06-19T08:19:52Z,5
A Google user,"The new update was no good. After ordering food, I can't browse the food list to order some more or to even book a ride for my family member, not until the food arrived. The old GrabFood app was brilliant but the new one is terrible. Don't like. And after May 1st update, I can't even book a ride. When I pressed transport, all they show me was just a map. Can't key in destination.",5.43.0,2019-05-09T06:00:07Z,1
A Google user,mudah cepat,5.76.0,2019-12-26T01:19:14Z,5
A Google user,Very useful and great service app,5.114.0,2020-09-19T00:21:37Z,5
A Google user,Simply and better,5.215.0,2022-08-22T20:53:38Z,5
A Google user,Uninstall...males bgd,,2016-11-18T20:04:35Z,1
A Google user,semakin bagus,5.148.0,2021-05-16T05:02:49Z,5
A Google user,"yeah, did great",5.42.0,2019-06-05T13:19:57Z,5
A Google user,very poor,5.13.3,2019-04-05T08:03:23Z,1
A Google user,Thank you for your service and helped,,2021-08-27T02:23:00Z,5
A Google user,always hangs,4.34.1,2017-10-28T02:34:29Z,3
A Google user,Susah nak dapat driver. . .Mahal giler dah sekarang(dis 2019). . . Baik pakai my car @maxim lagi murah2. . .,5.71.0,2019-12-22T13:21:07Z,1
A Google user,Very quick to help.Very very happy with such excellent service,5.74.1,2019-12-07T12:04:58Z,5
A Google user,"Totally useless app which was made by a couple of kids for a school project, i ordered food and paid 52 Singaporian dollars via card to Sofitel hotel in Sentosa, while i did not get the food and the app shows delivered, I was very hungry and tired after a 6 hour flight and they made me angry too, either you should check your app or the loyalty of your staff.......... The person said that they didn't do it as bikes were not allowed in Sentosa, could they not tell me before I ordered and paid full",5.226.0,2022-11-08T18:38:55Z,1
A Google user,App messed up with 3 drivers showin up. Then driver cancelled and my promo gone. No clarity on discount/promo on the app resulting in dispute with cabdriver,v3.5.0,2015-11-23T05:07:47Z,1
A Google user,Waited for like 30 mins. And still no driver accepted my booking. Even though there are 3 drivers around me. Very cool drivers. 1/10,4.39.1,2017-11-11T10:25:43Z,1
A Google user,Just Good,5.04.0,2018-09-10T12:21:15Z,4
A Google user,Very helpful and useful,5.84.1,2020-02-17T07:12:40Z,5
A Google user,please fix the map for the driver. the map isnt accurate. so the driver cant find my location. even they pick up a wrong passenger,5.69.1,2019-11-11T11:17:16Z,3
A Google user,Too many far driver,5.104.0,2020-07-18T10:16:00Z,1
A Google user,"Grab secara sistem tidak bisa mendetksi apakah orderan itu Fake atau asli. Karena kelyarga saya ada yg menajdi sebagai driver Grab Car.. dan dia sering dapet orderan Fake, berhubungan menolak orderan itu menurunkan rating. Jadi mau tidak mau harus dijalankan walaupun tidak ada penunpang yg ikut. Untuk saat ini saya merasa Grab Car belum ada sistem untuk mendeteksi hal tersebut apakah orderan nya asli atau palsu. Kalau Go Car dan Uber sudah ada belum ya? Wah bisa jadi masukan nih buat para pesaing. Intinya saya kecewa besar dengan Grab Car. Karena dengan dapat nya tembakan orderan seperti itu akun id driver keluarga saya di suspend permanent. Saya teramat kecewa.",4.39.1,2017-11-18T05:48:05Z,1
A Google user,Nice apps to use .,5.94.1,2020-06-13T05:50:49Z,4
A Google user,Thanks grab,,2018-05-11T02:46:53Z,5
A Google user,Great journey great drivers,5.125.0,2020-12-11T00:36:03Z,5
A Google user,very fast to deliver our food.I gave him 5 star.,5.233.2,2023-01-13T09:34:46Z,5
A Google user,The app is very hepfull and user friendly.. great!,4.42.1,2017-12-28T06:30:15Z,5
A Google user,Sobrang mahal ng fare,5.11.0,2018-09-21T12:28:21Z,1
A Google user,A much needed service,5.108.1,2020-08-21T04:15:43Z,5
A Google user,makes life easier,5.236.0,2023-01-19T04:20:15Z,5
A Google user,"Buruk banget. Kemaren susah dapet driver. Hari ini order kopi, ternyata resto tutup dan customer gak bisa cancel. Gebleg amat nih Grab",5.220.0,2022-10-29T08:06:19Z,4
A Google user,good application to help everyone,5.39.1,2019-04-17T21:49:24Z,5
A Google user,Kupal mga rider . Sobra lapit sa pick up point hindi nagaaccept,,2022-05-14T14:27:37Z,1
A Google user,Grab food service is to much expensive,,2021-07-12T23:27:32Z,1
A Google user,Very good services.,5.175.1,2022-02-09T12:34:47Z,5
A Google user,UI dia x setanding foodpanda,5.206.0,2022-06-25T01:42:28Z,2
A Google user,"Jossss mantap, pelayanan bagus, murah meriah",4.53.1,2018-06-26T07:47:11Z,5
A Google user,"Great app, helps me get around town easily and comfortably.",5.43.0,2019-05-24T07:56:38Z,5
A Google user,this app jam my Samsung j7prome,5.40.1,2019-06-26T10:50:07Z,1
A Google user,I so love it the app..,5.171.0,2021-10-26T07:29:42Z,5
A Google user,cant to add on debit/credit payment menthod,v3.8.2,2016-03-19T01:54:36Z,1
A Google user,app has been restarting and crashing when searching for the drop off point. unable to proceed to booking after my 1st ride of the updated app.,5.51.0,2019-07-06T09:36:40Z,1
A Google user,"grab food driver send wrong location and you cant contact them,and cant find them in your order history cant make any rating",5.111.0,2020-11-01T03:52:03Z,1
A Google user,Memuaskan,5.69.1,2020-01-06T14:59:50Z,4
A Google user,thinking of food... 🤪,5.241.0,2023-02-21T17:01:47Z,5
A Google user,"in Indonesia, this app its good, super good, good job team",5.22.1,2018-12-17T01:42:06Z,5
A Google user,It is a very helpful app,,2019-12-02T12:52:17Z,5
A Google user,Coba beberapa x.. selama ini ok ok saja. Overall good.,4.20.0,2017-03-08T01:05:54Z,5
A Google user,"There is an issue on grabfood payment method and i cant make any payment. please fix it asap, thanks.",5.42.0,2019-04-30T10:34:39Z,3
A Google user,Notification alerts unable to read frequently.,4.45.1,2018-03-04T12:46:18Z,3
A Google user,"Dear Grab, you can one more star IF your support follows up whatever my complaint was and another one is if you could please let me rate the driver i FORGOT to rate. Cause after i completed my journey, i dont simply open your apps and rate the driver. I gotta do what i gotta do. It is ridiculous if you can only rate your driver 5 minutes after you complete your journey. Your competition do better in this. Other that the app run flawlessly.",v4.0.4,2016-04-18T03:24:51Z,4
A Google user,"Tolong ya kalo grab food, jangan multiple.. lama banget nunggu nya. Laper",5.173.0,2021-11-06T10:42:40Z,2
A Google user,aplikasi aph ini tidak bisa di gunakan setelah isi ovo di ginakan cuma sekali kesini nya malah gak bisa order gmna si saldo ovo saya masih bnyak tolong dong di perbaiki,,2019-05-17T07:25:10Z,2
A Google user,"What for this app ????? If so many drivers available, but they don't want work or what??? I'm trying to get taxi for 40 min and nobody!!!...drivers keep canceling and ignoring",4.8.0,2016-08-24T00:15:19Z,1
A Google user,good people,5.211.0,2022-07-27T10:02:53Z,5
A Google user,"Sometimes when high demand , fare is too high.even short distance",5.64.0,2019-11-02T01:18:28Z,3
A Google user,Good dan mantab promo nya,5.49.0,2019-12-30T02:04:35Z,5
A Google user,Problem to pay by ovo,5.13.3,2018-10-09T06:04:56Z,5
A Google user,Pantas dan mesra. Terbaik.,5.60.0,2019-12-17T03:20:31Z,5
A Google user,"Bought food countless times using your app, no single point received. What a scam. Tell me what I lack of??",,2021-09-23T03:08:09Z,1
A Google user,"Why cant i sign in with google or facebook it pissed me off!! I cant ride, fix your app!",5.09.1,2018-09-08T23:54:08Z,1
A Google user,"user friendly, easy to use, and seamless transfer",5.165.0,2021-09-09T13:04:50Z,5
A Google user,Aplikasi yang sangat membantu,5.67.0,2019-11-25T07:36:00Z,5
A Google user,"Saved map location are disappear and Map not Accurate anymore, missed place anywhere, too much frequent update but what kind of update ? nothing impact into feature, perform and direct benefit like competive price and services, please update only in major version, also Apps size become big and bigger than before, thank you",5.219.0,2022-09-22T10:51:14Z,1
A Google user,I have problem installing the app. Even after troubleshooting,,2018-10-22T04:57:04Z,1
A Google user,"Lemah grab ni, aku dah panggil 1 jam baru ada driver apa la punya app mcm ni terpaksa aku hadap boss pagi2 kena marah bayar mahal ambik orang bapak lamanya",5.180.0,2021-12-19T01:22:03Z,1
A Google user,Actually a good app but the pick up position is everytime inaccurate.,4.38.3,2017-10-31T05:55:16Z,3
A Google user,"Good app, and helped for transport, buying",4.15.0,2016-12-01T01:52:34Z,5
A Google user,"I am a platinum member of grab,but now it is very dissapointed,its not about the driver..you are giving such a suck service,before it was fantastic but now its horrible..waiting for too long,its says 5 mins.but never arrived in 5mins..high price! Goodbye! Wasting time and money!",4.41.0,2017-12-11T05:51:56Z,1
A Google user,"Percuma aplikasi sbgus apapun, ksi promo bonus saldo 100% klo drivernya pemalas smua.. Srg nyolong saldo, lom jemput ud complete. Mental drivernya payah.. Pilih2, cancel seenak jidat, ga customer oriented..",4.27.2,2017-05-22T17:46:40Z,2
A Google user,Dr.Docmat MPR Indonesia 1 only for vip a3a formal zona tertutup directly in 1box ma home screen s'bay short easy to buy from menagement Madem NM STEATMENT pribadi tetutup a3aformal persatunya ksk mitting bersama madem nm lead zona antar benua in Siegel formal madem nm lead home screen till on duty power life easy buy only for [a3a formal Pullman = presiden vip ksk mitting madem nm easy buy tertutup .],,2020-09-16T12:13:19Z,5
A Google user,"What a bad experience with grab food delivery. Despite messing up my order, causing me to have to waste extra time ordering the same thing again, Grab is unwilling to compensate me for my delivery charge for my second order despite me raising the issue to them. I have wasted money on a mistake they have made. Would not recommend to anyone to use grabfood",5.54.2,2020-01-02T15:00:23Z,1
A Google user,"promonya selalu menarik, mudah dan praktis.",5.44.0,2019-05-17T06:06:28Z,5
A Google user,terbaikk,5.219.0,2022-09-25T05:19:00Z,5
A Google user,Mantaaap,,2016-12-17T07:37:05Z,3
A Google user,very convenient. for a breastfeeding mom who cant alwsys leave the house. this is such a nice option.,5.51.0,2019-07-03T07:26:55Z,5
A Google user,Awesome. A life saver.,4.43.1,2018-02-07T04:01:15Z,5
A Google user,this apps easily could be understood,5.128.2,2021-03-19T05:04:17Z,5
A Google user,2x nyobain grabcar dan it help bgt,v3.6.8,2016-01-29T02:00:32Z,4
A Google user,BUG. LAG. TRASH.,5.110.0,2020-11-06T14:04:49Z,1
A Google user,Trouble if rain. Can not make any order,5.75.0,2019-12-17T23:27:22Z,1
A Google user,"Kirrthana Mohan Had the Cheek on her duty day to pass me to Fidarus & NEA. Is Kirrthana duty on Grab just to Chit Chat for fun & NOT to serve & work. Kirrthana rather I do NOT top up Grabpay & CLOSE Account. Grab whenever they call will NOT make an effort to ring a few more attempts. As Grab GOLD member, What type of Service this ?",,2020-09-01T09:25:16Z,1
A Google user,Tolong di update peta daerah Mataram,4.42.1,2017-12-29T21:27:18Z,5
A Google user,happy,,2023-02-02T10:15:00Z,5
A Google user,"Grab.ID got error. I cant open inbox. It says Webview not available ? How i am suppose can read message in inbox menu. And when i click help centre, suddenly Grab apps stop responding and kicked me out to home screen.",5.68.0,2019-10-25T08:22:19Z,3
A Google user,"When you want to go somewhere nearby it's fine. As soon as you want to go more than 5km no drivers will accept you. I've been late for meetings several times now. Will be using uber in future. This is meant to be a taxi service. Not a journey share service. Taxi service implies you can be taxied to wherever you want to go, not to where the driver can be bothered to go to.",v3.2.3,2015-09-04T05:53:35Z,2
A Google user,"GRAB IS ALWAYS BUSY!!! SOME DRIVERS ESP OLD DRIVERS ARE IGNORANT BASTOS! AGGRESSIVE! ARROGANT! GET MAD/ANGRY EASILY, DRIVE FAST! IF THE ROUTE IS WRONG OR TRAFFIC OLD DRIVERS WILL SAY ALL KINDS OF BAD WORDS. SCREEN YOUR DRIVERS CAREFULLY. DONT HIRE DRIVERS THAT ARE OLD / OLDER DRIVERS. AGE 55 AND ABOVE. I DONT CARE THEY WANT TO DRIVE AS LONG THEY ARE NOT DRIVING. THE ASSURANCE AND SAFETY OF THE PASSENGER/CUSTOMERS IS THE KEY TO A SUCCESS-BUSINESS.",,2019-12-19T23:24:48Z,5
A Google user,"So cheap, and i am so satisfied",5.23.1,2019-01-06T12:33:32Z,5
A Google user,"Dear Grab, in Malaysia you have monopoly on transport services & you're being arrogant now, please improve your stupid customer service not even informative, slow as snail, useless & do take a look your stupid complaint system, dont easily banned / suspend driver based on slander without investigation, whenever you banned too much then theres no driver / rider now, waiting time increase, complaint getting more, bye2 Grab",4.44.1,2019-12-11T00:39:25Z,1
A Google user,Why does after grab update all my rewards is in Vietnamese dong?,5.55.1,2019-08-04T23:03:25Z,1
A Google user,Good and friendly driver,5.137.0,2021-02-26T01:03:49Z,5
A Google user,Time estimation way off from reality,4.41.0,2017-12-08T11:02:53Z,3
A Google user,Its better than the others,,2018-10-19T02:58:44Z,5
A Google user,"App stocks at either grab express or grab food. When you try to tap back to choose other options like grab car, app closes.",,2018-12-08T07:16:06Z,3
A Google user,"Dissapointing & lousy app. Almost everytime my food order get cancelled last min on your end. Sometimes,wasted our time waiting wondering why our food is not here yet. Checked app found out it was cancelled just like that. Foodpanda is better.",5.165.0,2021-09-07T10:06:35Z,1
A Google user,Absolutely amazing,,2023-08-28T03:04:39Z,5
A Google user,Grab always the best,5.189.0,2022-02-28T15:13:53Z,5
A Google user,I tried multiple times to enroll my card but its always not accepted ☹️,5.87.0,2020-03-13T22:11:28Z,4
A Google user,helpful app!,5.52.1,2019-07-11T06:02:01Z,5
A Google user,ntap,5.45.1,2019-05-19T03:59:58Z,5
A Google user,You give me e-pemula in vouchers? I need in a wallet not vouchers,5.196.0,2022-04-12T08:55:59Z,1
A Google user,"The app states my payment method wrongly and thus I get confused. For example, I chose cash as payment method but it shows that I'm using my debit card. I also chose paypal but it showed grabpay. Please fix it. Users may have paid extra due to this.",,2018-05-22T05:24:43Z,3
A Google user,Keeps crashing. Wasted my time.,4.36.1,2017-09-25T10:22:46Z,1
A Google user,On time and good attitude,5.167.0,2021-09-28T23:33:24Z,5
A Google user,White screen and nothing appear after login with my contact number. *Problem Fixed*,5.115.0,2020-09-22T00:19:36Z,4
A Google user,very good apps and very helpful,5.47.1,2019-06-03T05:28:14Z,5
A Google user,"App hoàn thiện, giao diện đẹp",5.45.1,2019-05-24T08:11:01Z,5
A Google user,rất thích với tôi,5.45.1,2019-05-22T08:16:52Z,5
A Google user,Saya putuskan uninstall aplikasi ini.. Support center juga sangat tidak membantu... Problemnya apa. . Solusinya ga nyambung.... Kayaknya robot semua cs nya.... Jawaban sama persis.. Cuma copy paste...,,2018-01-19T00:19:13Z,1
A Google user,"Poor synchronization with OVO account, please get it fixed immediately",5.23.1,2018-12-21T03:00:43Z,5
A Google user,Reliable and cheap,4.40.1,2017-12-20T05:09:05Z,5
A Google user,huhu,5.76.0,2019-12-25T12:07:37Z,5
A Google user,Kalo pesen grab ekspress dan setelah selesai udha ga bs balik ke home lg. Harus di uninstall dl br balik normal :'( tlg diperbaiki dong Untuk tim grabbike.. tlg kalo kejauhan jgn suruh customer yg cancel. Masa pake berantem dl dan tetep maksa customer yg cancel.,5.21.0,2018-12-05T11:58:21Z,3
A Google user,The top up for Grabpay is very slow. They deducted bank but it is not updated. Sometimes it take more than 10 minutes. Very inconvenient.,5.135.0,2021-03-16T05:01:30Z,2
A Google user,Simply Nice app.,,2021-03-10T13:41:45Z,5
A Google user,Make to the low memory using. This app too heavy.,5.58.1,2019-11-07T21:31:11Z,3
A Google user,"Notifications, particularly calls and messages from the rider via the app, do not appear. I can only see them as missed call logs when I open the actual app. Will adjust the rating once fixed.",5.153.0,2021-06-16T12:17:04Z,1
A Google user,ripoff with subscription,5.192.0,2022-03-16T06:22:06Z,1
A Google user,The app won't translate,5.250.1,2023-04-25T08:35:32Z,4
A Google user,Ilang beses nko gumawa ng account pabalik balik sa code letshe kayo. Naka ilang ulit nko,,2018-09-24T05:31:48Z,1
A Google user,Grab is much convenient to ride,4.42.0,2017-12-18T11:42:14Z,5
A Google user,Good apps for online transportation,5.74.1,2019-12-12T01:56:20Z,5
A Google user,Good transpo app,5.58.1,2019-09-01T07:08:18Z,5
A Google user,ohsome app,4.13.1,2019-06-14T05:03:19Z,5
A Google user,Helpful n everyday had a promo,4.38.3,2017-11-08T23:55:36Z,5
A Google user,Kerwn banget dan sangat mantap,5.24.1,2019-03-15T08:39:48Z,5
A Google user,fast & easy way to get a ride. Very convenient.,5.45.1,2019-05-21T02:31:04Z,5
A Google user,Why I cannot using my grab already????so many time I download and register back ....but it do not work???,4.40.0,2017-11-18T14:52:18Z,1
A Google user,TY,5.09.1,2018-12-01T04:26:04Z,3
A Google user,"Feel a very terrible experience in this application.Especially the payment experience and Grab customers service. Reload the money to grab wallet, but can't transfer back to bank account if accident reload more to grab wallet. Mostly, I am using paylater to make my food and transport bill, and clear the paylater bill before end of the month. Just once! Late make the payment for Feb or March, I get 15 calls and above, a days, continue 2month. CS names Anies service attitude bad.",5.251.1,2023-05-01T06:02:58Z,1
A Google user,"The apps is good but it should also provide an entry for the number of passengers accompanying the rider so that GRAB can determine what type of vehicle i(5 seater or 6 seater) is appropriate to ferry them. Oftentimes, there are more than 4 persons riding and a 5-seater vehicle vehicle responds... But in the end nit all can ride in one car.",,2018-12-07T01:12:09Z,3
A Google user,ดีมาก,5.60.0,2019-09-19T08:17:05Z,5
A Google user,"This app is really useful. Ride, drive, food, and mart in 1 app",5.162.0,2021-08-22T11:33:09Z,5
A Google user,Got less cars than expected! Zero star!,v3.8.2,2016-03-17T04:37:14Z,1
A Google user,pertahankan promo promo nya,5.49.0,2019-06-18T09:09:26Z,5
A Google user,Good and easy to use But when will the length of time for promo code to be extended?? Hope the same driver can fetch after 2 or 3 days because not many drivers are around or available at certain time and at certain area...,4.46.6,2018-03-17T11:19:35Z,4
A Google user,no response from cs,4.39.1,2017-11-09T17:48:37Z,3
A Google user,I can't use the app after updating from this store. It's kinda trouble me up and annoying.,5.193.0,2022-04-02T18:53:12Z,1
A Google user,minsan ma-hang pero sulit at ok itong app na toh sa lahat ng ginagamit ko.,5.226.0,2022-11-15T04:54:38Z,5
A Google user,Mantap.,,2021-07-07T06:58:34Z,5
A Google user,Simply easy,5.95.1,2020-08-04T00:18:35Z,5
A Google user,Convenient app. Suitable for those go or work outside frequently.,,2019-11-08T09:18:50Z,4
A Google user,we can't cancel the order if the restoran take to long .almost 2 hour we waiting the food & so pity to driver grab too.,5.144.0,2021-04-16T10:45:38Z,5
A Google user,Need to improve the GRAB Driver.,4.44.0,2018-02-04T09:49:16Z,2
A Google user,Cannot add Visa and Mastercard,5.224.0,2022-10-30T14:53:19Z,1
A Google user,driver don't issue change. they tricked me and my friend feel bad,4.42.1,2018-02-10T18:22:34Z,2
A Google user,Please remove the top up with driver banner. It is blocking the map while on travel. Thank you!,5.00.1,2018-07-10T13:31:15Z,3
A Google user,i like this appl.,5.45.1,2019-05-23T04:11:38Z,5
A Google user,"Grab used to be good and when Uber was still on Singapore because they had competition. Grab Food is where the biggest decline has been. Sometimes it takes forever to find a rider and if they can't you don't get notified for almost 30 minutes. The worst though may be if the wrong order is delivered to you. Grab still expects you to pay the delivery fee. Now, why should someone have to pay an expense for something that the Grab rider messed up? It's comical.",5.122.1,2020-11-19T08:52:59Z,1
A Google user,ang bait ni boss driver.. gusto ko sa kanya lang lagi mag pa book..20 stars for boss driver🥰🥰🥰,5.219.0,2022-10-16T09:57:04Z,5
A Google user,Good apps.,,2020-03-10T09:50:17Z,5
A Google user,"I have no interest in moslem anything. Will you be telling us about the Jewish and Christian culture and holidays? Why don't you talk about the Shema? Leviticus 17:11, and other Godly references?",,2019-06-05T02:16:14Z,2
A Google user,Now very expensive and so many grab are lazy and make we waiting for to long,5.155.1,2021-11-26T04:29:47Z,1
A Google user,Now udah mahal dari bluebird Ud 35 to 40% ?????,4.6.2,2016-07-06T05:08:44Z,4
A Google user,Okay thanks,4.20.0,2017-03-09T05:51:26Z,5
A Google user,mushtaqahmad,5.55.1,2019-07-31T10:24:25Z,5
A Google user,Keren bos,5.69.1,2019-11-01T08:34:41Z,5
A Google user,oks naman sya,5.57.0,2019-08-14T04:20:05Z,5
A Google user,when promotion works its great. but often times tfey don't even if un.period mentioned.,5.45.1,2019-05-24T09:05:31Z,4
A Google user,verry helpfull.. especially when u are in hurry.. get 50% discaunt for ur 1st oder using this kod voucher >grab1yxbpdww< Enjoy..,5.52.1,2019-08-12T08:31:50Z,5
A Google user,"Susah di gunakan UX nya jelek banget, Dan Gak jelas untuk promo nya, Dan sekarang saya susah login akun saya kena suspend mulu",5.180.0,2021-12-30T14:40:54Z,1
A Google user,App makes getting around in Jakarta very convienient,5.104.0,2020-07-08T13:46:55Z,5
A Google user,Not my right location,,2020-08-12T07:09:12Z,1
A Google user,I suggest you add paypal option for your mode of payment because It would be easier to pay it no need to cash in in gcash before paying.,5.231.0,2022-12-10T16:33:14Z,1
A Google user,cepat dan mudah,5.32.0,2019-02-28T15:47:53Z,5
A Google user,Super app in Malaysia.. food can more cheaper the best..,5.136.0,2021-02-20T03:39:09Z,5
A Google user,It was good app,4.26.0,2017-05-15T14:19:17Z,5
A Google user,Applikasi sangat berguna Dan senang untuk menuju ke destinasi.,5.134.0,2021-03-02T08:27:35Z,5
A Google user,This app is amazing. Have many promotions. I like it. Thank you!,,2019-07-18T11:41:05Z,5
A Google user,So many times this is happening. I'm very disappointed of this case. There's so many driver around me and they look free and there's no order accepted. But grab said there's no driver? Poor grab.,4.5.0,2016-11-21T01:01:59Z,2
A Google user,"So expensive now , allowes high fare , Please solve it",5.201.0,2022-05-21T00:28:28Z,1
A Google user,affordable and faster,5.36.3,2019-04-23T11:58:05Z,4
A Google user,Terrible service.Cant use pay later,5.172.0,2021-10-30T16:26:44Z,1
A Google user,"This app is difficult to use now....! Dont have car search site, maybe u need to fix this prob dude.",5.199.0,2022-05-08T21:23:02Z,1
A Google user,Very convenient for me,,2023-06-29T01:00:47Z,5
A Google user,Waze,,2016-11-29T15:47:28Z,4
A Google user,drive pemalas tengah urgent xdapat cam haram,4.52.2,2018-07-09T15:33:49Z,1
A Google user,"Fare times make increase so expensive, but overall good",4.34.1,2017-08-26T02:43:21Z,4
A Google user,"They just restricted my account, and even if I reported it. My account still close. Do you know that it is one of the most convenient app for me before? But now, can't even pick up groceries. whatever.",,2021-05-07T06:36:00Z,1
A Google user,Grab app is sucks! Including service.,5.208.0,2022-07-12T01:02:02Z,1
A Google user,The promocode indeed a great deal.,5.49.0,2019-06-19T13:46:06Z,5
A Google user,Kalo kirim pesan susah...jarang terkirim...lemot..padahal kl buka akun ojek online lainnya lancar2 aja...,4.43.1,2018-02-07T09:05:22Z,3
A Google user,After install.can not open. Keep saying overlay setting disable.,4.24.0,2017-03-29T03:42:42Z,1
A Google user,good drive,5.160.0,2021-08-04T05:35:43Z,5
A Google user,"Grab is very bad and expansive service. Try to InDriver service, good and less rates service.",5.195.0,2022-05-26T10:35:13Z,1
A Google user,It just get things done,5.22.1,2018-12-10T10:53:12Z,5
A Google user,Lovely,v2.6.2,2014-12-19T05:24:53Z,5
A Google user,To slow if I'm searching the driver,5.241.0,2023-03-03T10:27:03Z,1
A Google user,I would give it 5 stars if it can make new order while still in transit,4.29.0,2017-06-21T23:35:43Z,4
A Google user,Chỉ lòng vòng từ menu này qua menu khác trong app mà không có chỗ nào để gửi hoàn tiền Grab Pay Credits.,5.16.1,2018-10-31T15:37:58Z,1
A Google user,"Rider semakin malas, oleh kerana bayaran semakin kurang. Servis grab yang teruk. Tunggu shopee food famous time tuh semua org order pakai shopee food dengan food panda sahaja. This is karma bro. Ingat, macam mana kau buat dekat uber dulu. Akhir kata grab teruk",5.166.0,2021-09-12T16:03:08Z,1
A Google user,Good to use,5.10.0,2018-12-05T00:48:25Z,5
A Google user,Selalu jadi andalan,4.15.0,2016-12-06T15:17:38Z,5
A Google user,Easy and convenient,5.150.0,2021-05-29T10:59:53Z,5
A Google user,Too many updates...just be simple,5.110.0,2020-11-19T04:27:36Z,1
A Google user,"Sangat bermanfaat..tapi akan lebih baik kalau untuk layanan grab food drivernya hrs masukin modal meraka ada berapa..jd kalau kita order melebihi modal mereka, ga akan masuk order ke mereka..cape juga beberapa x harus cancel gara2 driver kurang modal..",5.51.0,2019-07-01T11:55:07Z,5
A Google user,They better now.,5.58.1,2019-08-30T16:10:50Z,4
A Google user,"Thank you Grab. sejak ada aplikasi Grab, perjalananku jadi lebih mudah & hemat. Apalagi dg beragam Promo & Reward menarik.🤗 Kebanyakan driver juga ramah & bisa dipercaya. Terimakasih!",5.52.1,2019-07-09T14:45:08Z,5
A Google user,"Bandung udah ada grabike belum??mau order kok ga ada pilihannya,cuma ada taxi aja.thanks",v3.7.2,2016-02-10T07:17:46Z,5
A Google user,Bagus juga,4.1.1,2016-04-28T06:19:20Z,5
A Google user,very easy to order and soooo fast.thank you,5.233.2,2023-01-05T23:50:40Z,5
A Google user,MANTULLLLLL,5.55.1,2019-08-13T08:47:23Z,5
A Google user,your fares are high and the new update is very bad. driver goes to a wrong location,5.39.1,2019-04-20T10:36:15Z,1
A Google user,jgn ikut Waze sangat sometime from customer pun boleh direct jalan jugak.,5.251.1,2023-05-04T04:23:11Z,4
A Google user,I've been ordering from grab for a few weeks. It has been an ok experienxe so far. Order wasnt late. Drivers were courteous. And they didnt have trouble finding my place. 5 stars,5.65.0,2019-10-13T04:25:20Z,5
A Google user,Nice drive that i had,5.164.0,2021-09-01T10:19:05Z,5
A Google user,nonsense with your new features. I'm totally messed up with the selfies! Remove it! nonsense!,5.65.0,2019-10-14T11:20:27Z,1
A Google user,I really loved this grab♥️,5.253.0,2023-05-18T14:53:54Z,5
A Google user,"I was only travelling from welcome rotonda to National University Manila NU is just few blocks away from me and yet no one wants to accomodate my request. 5-7 drivers are available in the area, NO ONE wants to pickup. YOUR DRIVERS (GRABTAXI) ARE EXTREMELY SELECTIVE! NO DIFFERENCE WITH THE OTHER NON-GRAB TAXI'S OUT THERE.",v3.7.3,2016-03-05T02:30:19Z,1
A Google user,sangat memudahkan kalo lagi mager kemana mana,5.53.0,2019-07-15T12:43:53Z,5
A Google user,Good apication,,2021-09-12T23:48:38Z,5
A Google user,Using Grab is the better choice.,4.37.0,2017-11-16T04:32:37Z,5
A Google user,"Funny, didn't even use this app since long time ago and about to install it again for emergency, got suspended by ""fake order"" report, good job for making me laugh",4.45.0,2021-06-30T07:29:52Z,1
A Google user,Goodluck!,4.13.1,2016-11-13T07:33:05Z,5
A Google user,"As a girl, I feel safe going home late bc I have the driver's details and if im at a friend's house, I dont even need to wait long outside for the taxi to show up bc I'll know where he is via gps. Loved this app. Very easy to use and the drivers are awesome! Good job GrabTaxi!",v2.6.2,2014-11-30T18:20:10Z,5
A Google user,He is great driver. He meets tight time to airport without any complaints. I appreciate really.,5.118.0,2020-10-08T11:42:47Z,5
A Google user,I use grab almost everyday official platinum member so far so good!,5.09.1,2018-10-28T18:46:29Z,5
A Google user,"tolong dongg kenapa saya gabisa log in padahal itu pake akun baru. tulisannya ""mungkin anda sudah login di tempat lain"" KNP SIH TOLONG DONG PERBAIKI. SAYA UDHA BERKALI2 COBA GABISA,PAKE AKUN LAMA&BARU SAMA SAJA.",,2018-09-08T12:55:23Z,2
A Google user,Punctual!,5.140.0,2021-03-14T07:42:49Z,5
A Google user,Cannot register,4.35.2,2017-09-19T10:58:45Z,1
A Google user,I switch to Grab. Super cool,5.206.0,2022-08-10T19:36:37Z,5
A Google user,I used the service twice. Found both trip a good driver. Quite in time on appointment.,v2.5.9,2014-08-13T17:17:05Z,4
A Google user,Grab is not a bad app but needs some fine tuning on the location pin. Every once in a while it gets it correct but overall decent app.,5.245.0,2023-03-22T11:13:54Z,3
A Google user,why need atleast 50 ringgit to top up ??????????,5.113.1,2020-09-09T12:59:01Z,1
A Google user,mudah dan senang nak pi mana mana🤩,5.171.0,2021-10-22T12:31:18Z,5
A Google user,Ok banget,5.99.0,2020-06-08T06:18:07Z,5
A Google user,Haven't tried it but looks good,4.45.0,2018-02-22T04:01:26Z,5
A Google user,da best in the market,5.46.1,2019-06-01T05:24:53Z,5
A Google user,"More than 2 weeks customer service ignored my email about grab-pay problem,. Previously, they give me feedback, after that, no reply, and untill now the problem still unsolved. Thanks for your service in the past, but now I dont hesitate to uninstall your apps. I hope other people dont have experience like me.",,2018-05-02T23:51:28Z,1
A Google user,"Edited 10th Oct 22 - Dear Grab Superapp, would appreciate you to look into additional confirmation before each food order. The app is seriously too fast in accepting order with even a simple swipe unintentionally (a immediate cancellation not possible) otherwise all is great though. Thanks cheers)",5.220.0,2022-10-10T13:29:20Z,5
A Google user,Sudah berapa kali di update tapi masih aja gagal Dan akhirnya aku gk bisa pesan taksi sungguh meyedihkan,,2021-09-03T07:17:58Z,1
A Google user,No option for food,5.147.0,2021-05-09T10:16:20Z,1
A Google user,"There were several times I can't contact driver and vise versa, especially when book grab hitch (SG). End up driver cancelled my hitch booking after I waited for 20 min...",5.69.1,2019-11-06T10:39:46Z,4
A Google user,Not receiving sms for sign up,5.60.0,2019-09-15T04:48:20Z,1
A Google user,"no drivers when we need it most, then the fares are getting high so fast even there are currently no drivers.",5.39.1,2019-04-11T21:36:21Z,1
A Google user,Easy to be used :),4.38.3,2017-11-14T11:52:11Z,5
A Google user,Thanks Grab,5.65.0,2019-10-13T12:21:38Z,5
A Google user,"Waiting for grab for almost 20mins and system can show 4mins I don't know what kind service you people are providing Three drivers cancel , reason so far So disappointed",5.111.0,2020-08-28T01:11:59Z,1
A Google user,Kecewa makin banyak grab food fiktif makanan tidak diantar,5.55.1,2019-07-26T16:48:25Z,1
A Google user,I already try many time cannot open. Plz tell me reason,,2019-10-18T04:58:46Z,1
A Google user,so very nice app,5.170.0,2021-10-15T07:45:26Z,5
A Google user,Very good app... Never did I experience having a hard time.,5.146.0,2021-05-06T03:36:31Z,5
A Google user,Must have app,5.68.0,2019-10-30T14:06:23Z,5
VA************AT,Pelayanan buruk,5.95.1,2020-05-11T09:14:51Z,1
A Google user,I can't open the notification in the app,4.18.0,2017-02-08T08:51:40Z,3
A Google user,"What a pile of trash. Wasn't this bad when early, but I guess money change everything. Expensive and poor service is multiple areas",5.177.300,2021-12-06T08:12:23Z,1
A Google user,easy to apply.,5.49.0,2019-06-20T12:27:22Z,5
A Google user,Sangat membantu karena ovo bisa dipake dimana mana,5.76.0,2020-01-16T06:41:25Z,5
A Google user,Cobain kuy..,5.75.0,2020-01-13T04:22:45Z,5
A Google user,"semakin di update semakin lelet,kebanyakan iklan",,2018-12-30T04:16:00Z,1
A Google user,"Make my Life better and easy thanks grab team, more improve and keep growth to make people happy and joyable also",5.106.0,2020-08-23T03:55:16Z,5
A Google user,"This is my first time using grab app and my friends told me that this app is good. But as I was using it, it disappoint me. I have gift voucher but I can't use it and the pin location is different from my real location. I annoys me every time. And also, I can't order food. Why is that? I hope you improve this.",5.192.0,2022-03-09T03:34:51Z,1
A Google user,"Aplikasinya Bermanfaat banget, sangat membantu saat berkunjung ke tempat yg baru aku kunjungin.. Drivernya juga ramah & sopan. Semoga semakin baik kedepannya",,2017-02-18T13:18:06Z,5
RE*****************L.,good,5.76.0,2020-05-11T02:22:09Z,5
A Google user,Nice easy to locate and brig 2ur destintions.safely and smiley face,5.76.0,2019-12-27T02:32:39Z,5
A Google user,Really a great app.,v2.6.3,2015-02-04T15:49:34Z,5
A Google user,The GPS system is still quite inaccurate in most places. When I put the pointer in a specific place it says the name of another place instead. Never see improvement on this.,4.32.0,2017-07-28T07:03:34Z,4
A Google user,not good...ugly aplications.,4.29.0,2017-07-02T00:31:13Z,1
A Google user,booking a ride can be inconvenient when you have no grab pay. some orders in grab food are wrong and some are incomplete but all in all service is satisfactory.,,2021-06-21T08:08:53Z,4
A Google user,"Fitur 2 tujuan sangat membantu, tapi kadang alamat pada titik jemput kurang akurat",4.43.1,2018-02-05T05:08:05Z,5
A Google user,"Aplikasi ribet. Login udah pake msh no hp, fb, msh minta email. Mau pesen makanan aja login nua ribet. Perasaan kemarin login cm pake no hp aja bisa",5.59.0,2019-09-02T14:49:29Z,1
A Google user,"Always fast , be trusted and safe",5.69.1,2019-11-08T15:03:49Z,5
A Google user,Great...,5.60.0,2019-10-19T14:04:55Z,5
A Google user,"Attitude driver2ny buruk, selalu banyak alasan kalau mau jemput (entah mau makan lah, motor mogok, ban pecah, jauh pdhal d map cm beda 2 rumah doang) , beda sama si hijau tetangga sebelah yg lgsg jmpuy ga byk alsn, susah bgt juga contact drivernya, baik lewat chat ataupun telephone.. Setiap pagi pasti ga pernah lgsg dapet.. Hrus driver yg ke 3 or yg k4 bru dy mw jmput.. Heran.. Sebenernya mau kasih bintang 2, tpi bonus 1 krn kdg ad voucher promo yg bkin fare ny jd lbh murah dr tetangga sbelah",5.23.1,2019-02-27T01:15:37Z,3
A Google user,Server Error terus ketika request kode autentikasi,,2019-09-13T10:49:07Z,1
A Google user,okey,5.38.1,2019-07-16T14:50:21Z,5
A Google user,Cant top up sometimes,5.147.0,2021-05-08T12:09:41Z,1
A Google user,"For a high fare and few drivers. cant find a driver , took an hour but no driver available considering im already a Platinum. most especially a very slow response time for the reversal of duplicate charge.",4.17.0,2018-10-09T00:45:22Z,1
A Google user,some features are not availble in my city.,5.113.1,2023-09-18T19:04:40Z,5
A Google user,recommended app,4.43.1,2018-07-02T01:44:15Z,5
A Google user,"Makin lama makin lelet, mau chat driver atau help center aja lama banget",5.209.0,2022-07-15T03:56:00Z,1
b ****ng,Terrible. Keep telling that my email is not correct,,2020-05-09T03:24:49Z,1
A Google user,mantappp,5.29.0,2019-05-21T04:34:16Z,5
A Google user,Fair price to avoid taxi bully,v2.6.3,2015-02-22T02:00:18Z,5
A Google user,I think it'd be better if grab always update the restoran price and menu,5.51.0,2019-07-14T08:05:46Z,4
A Google user,"Although it been improved but there are still many thing for u grab to upgrade it for exemple likr mr must always call the driver ñ tell them where i'm at which corner Or else they will sure go behind my block i just don't understand why infront my block there r the main road ñ yet they will go behind my block and the most angry thing is once they reach they will nvr call u first but just stay there ñ wait for u to turn up but actually me was already downstair waited for him and they will just remand waiting for the time up n cancelled ñ we for nothing and got to pay the penalty and some time even need to argue with us for not telling them where ñ which corner we r standing ñ waiting place at? So over all is not the app or system fault but yet can say is already inproved but then the fault actually came from the driver , so grab driver u guys really need to put more effort on it cos no matter what we r still the customer so i think drivers u should be more alert....",,2017-02-17T12:28:04Z,3
A Google user,great service in Bali,5.217.0,2022-09-09T09:12:48Z,5
A Google user,i can't sign up : ( why?,,2019-07-22T10:22:33Z,2
A Google user,mempermudahkan urusan,5.50.0,2019-06-26T05:10:49Z,5
A Google user,"Good driver, drives straight to destination. Good job.",5.199.0,2022-05-07T05:22:12Z,5
A Google user,driver arrived at the exact time,5.214.0,2022-08-20T04:53:35Z,5
A Google user,I want a ride. Not food!!!,5.197.0,2022-04-20T05:34:04Z,1
A Google user,"Love this app to get a grab driver, order food etc",5.72.0,2019-11-28T01:00:47Z,5
A Google user,The apps are lousy. I can't redeem anything as the grab rewards page is blank.And now I can't even use this grab as keep on.saying no driver in my region.I m in kl only.,5.11.0,2018-09-20T14:15:35Z,1
A Google user,The new update is suck. I prefer the last one. Better u guys fix it.,4.54.0,2018-06-23T03:46:35Z,2
A Google user,Awesome apps,5.157.0,2021-10-26T04:37:44Z,5
A Google user,Susah dapetin driver nya sibuk mulu,,2018-12-08T16:52:15Z,1
A Google user,saya ingin aplikasi grab di ganti saya bosan dengan gaya sperti Itu saya ingin aplikasi Itu di ganti sperti 2 minggu yang lama yang Kita ingin pesan tolong di ganti yang sperti 2 minggu yang lalu,5.47.1,2019-06-05T10:51:23Z,1
A Google user,aplikasi yang sangat memudahkan kebutuhanku,5.51.0,2019-07-01T04:47:57Z,5
A Google user,this is an awesome service but at times difficult to get a driver or takes a lot of time to get one.,5.50.0,2019-06-24T09:30:15Z,4
A Google user,Komplain. Pesanan tidak sesuai. Tidak ada penanganan apapun dari Grab tapi status langsung solved. Apa gunanya komplain? . Driver bisa melayani 2 orderan sekaligus.. Bikin lama pesanan datang.,5.88.0,2020-03-22T01:44:18Z,1
A Google user,"Sometimes instead of setting my own house block as the pickup point, grab will automatically set it to funny locations instead. This caused many inconveniece. I suggest double checking your booking details before proceeding and if you live in a bloody BTO its best to go to the main street in your neighbourhood instead of waiting under your house block.",5.72.0,2019-11-22T09:51:15Z,2
A Google user,very good.seevice,5.45.1,2019-07-15T15:31:14Z,5
A Google user,Still good,5.71.0,2019-12-09T03:03:08Z,5
A Google user,Grab is generally pretty reliable except for the Philippines. Its very hard to find rides in Manila and drivers cancel rides very often.,5.75.0,2019-12-15T13:50:38Z,4
A Google user,This apps good..,,2018-10-26T11:35:29Z,5
A Google user,"I CANT BUY THE SUBSCRIPTION, IT SAYS THAT IM NOT ELIGIBLE. IM USING OVO AS A PAYMENT METHOD",4.36.1,2019-07-21T13:11:27Z,1
A Google user,Star,5.54.2,2019-10-29T04:46:44Z,5
A Google user,"promonya banyak gak bisa d claim, walaupun bayarnya udah pake ovo",4.43.1,2020-05-30T05:01:19Z,1
A Google user,"Please fix, i can't connect to Grab server.",5.22.1,2018-12-09T23:44:58Z,2
A Google user,ok generally,5.12.1,2018-10-03T21:54:48Z,4
A Google user,All-in one for Transpo and Food convinience,5.59.0,2019-09-16T11:05:03Z,5
A Google user,Mudah dan membantu,4.43.1,2018-05-21T03:33:57Z,5
A Google user,I dont know why my pin address always lost.i need to uninstall and install back then the address i saved appear.i cannot save my address everytime because the location not accurate.,5.136.0,2021-02-20T03:27:09Z,2
A Google user,Very amazing.,,2019-03-19T05:38:09Z,5
A Google user,One of the most reliable transport app in Indonesia..,5.71.0,2019-11-21T13:06:39Z,5
A Google user,"Just one thing, pls fix the mapping of our locations",5.139.1,2021-03-10T09:28:43Z,5
A Google user,east to use app but a little bit expensive on the charges especially when there is heavy traffic and high demand,5.71.0,2019-11-22T03:56:14Z,4
A Google user,Very very useful app!!!,,2020-03-13T10:49:30Z,5
A Google user,Great food,5.212.0,2022-08-13T13:19:12Z,5
A Google user,"Tolong grab untuk alamatnya titiknya tolong lebih di benarkan dan lebih akurat lagi, saya sampe nyasar karena titik di map grabnya salah. Akhirnya saya harus bayar dua kali. Mohon di perbaiki lagi",5.144.0,2021-04-20T12:50:42Z,2
A Google user,Gud.,5.29.0,2019-01-26T05:17:15Z,5
A Google user,.good service,5.127.0,2021-03-15T11:00:31Z,5
A Google user,Aplikasi ini sangat membantu,5.27.0,2019-01-14T08:05:18Z,5
A Google user,I used this app when travel overseas and recently found that all my rewards points was given to someone else. The app does not have feedback function either,5.22.1,2018-12-08T16:28:21Z,1
A Google user,Harganya g masuk akal,5.180.0,2022-01-01T07:17:12Z,1
A Google user,Can't create my account cuz it says that my email address doesn't seem right. My email address is definitely correct but it still stuck there. Pls tell me what's wrong.,5.76.0,2020-01-03T03:11:04Z,1
A Google user,"the drivers are good and the cars clean and tidy but your app is diabolically slow and buggy. Ola and Uber can build decent performing app, if you want to compete with them you have to create a faster and better app. Loeer pricing isnt everything",5.55.1,2019-08-07T11:53:22Z,3
A Google user,All photos en video backuos,4.24.1,2017-04-29T20:28:14Z,5
A Google user,very useful app. Great !,5.273.0,2023-10-02T09:57:43Z,4
A Google user,Ok. Good.,5.51.0,2019-10-03T04:39:36Z,5
A Google user,Okojo,5.214.0,2022-09-21T06:27:11Z,5
A Google user,good.i like it! ♡,5.27.0,2019-01-12T00:18:45Z,5
A Google user,Generally ok with some crashing,4.16.1,2016-12-20T10:34:40Z,4
A Google user,Convenience...,5.237.0,2023-01-31T00:37:30Z,5
A Google user,simple,5.52.1,2019-07-12T06:32:59Z,5
A Google user,"Can't install it stupid app. Error after I enter my number upon registration. I think pinkpnda is better, no hastle to order.",5.91.0,2020-04-01T15:29:16Z,1
A Google user,Really nice!,4.45.0,2018-03-13T09:54:39Z,5
A Google user,This is good applications,,2018-07-13T12:52:09Z,5
A Google user,Why can't I open my apps after the new update :(,,2017-07-15T16:21:09Z,1
A Google user,Cant log in,,2018-04-03T14:05:26Z,1
A Google user,"About sa grab food, pagkatapos ng update yung favourite namin na restaurant ay nawala na sa pwede namin i access for order. Pati yung within the city na KFC or other restos sa sm valenzuela ay hindi na din makapag deliver sa area namin. Thinking on uninstalling the app.",5.57.0,2019-08-18T09:08:28Z,1
A Google user,Simply good..,4.16.1,2016-12-26T04:07:30Z,5
A Google user,Useless n dishonest company,5.73.1,2019-12-06T17:29:29Z,1
A Google user,Experience drivers,5.59.0,2019-09-03T01:28:57Z,5
A Google user,keeps updating but won't install.,,2019-05-23T03:46:05Z,1
A Google user,Nice at comfortable,4.36.1,2017-09-25T10:59:10Z,5
A Google user,I give it 1 star because of youtube ads bass boost.... Ver annoying.,,2021-10-30T07:50:46Z,1
A Google user,I like this app. So easy and helpful,4.10.1,2016-09-23T20:48:37Z,5
A Google user,Such a damn stupid apps. It cannot be log in again once I log out! Keep asking me using the same account to log in! But the point is I AM USING SAME ACCOUNT!! Still cannot be log in...FIX please!,4.31.0,2017-07-19T11:55:38Z,1
A Google user,Good service with affordable fare,4.18.0,2017-01-27T12:51:40Z,4
A Google user,Cheap and faster than gojek,5.02.1,2018-07-26T10:35:54Z,5
A Google user,"Grab bisa gak ditambahkan fitur buat penjual di grab food. Saya sudah dua kali pesan makanan dan tidak sesuai dengan pesanan, selalu ada yang kelupaan. Drivernya pasti bilangnya gak tau, karna yang ngasih orderan pihak penjual. Bisa gak saya ngasih bintang satu ke penjual yang lalai seperti itu. MENGECEWAKAN",5.18.2,2018-12-24T12:31:34Z,2
A Google user,kenapa gabisa aktifin ovo di akun grab saya?,,2019-07-21T11:17:30Z,1
A Google user,great service..,5.53.0,2019-07-19T12:23:06Z,5
A Google user,promo tidak bisa dipakai/hilang,5.193.0,2022-03-28T07:00:45Z,1
A Google user,"dulu sih bbrp kali dapat driver keras kepala, tapi sepertinya grab melakukan banyak perbaikan, sekarang saya ga pernah lagi nemuin driver keras kepala.",5.48.1,2019-06-14T09:07:57Z,5
A Google user,"Food delivery order is ok, but the map is very inaccurate.",5.158.0,2021-07-18T04:53:18Z,4
A Google user,make my life easier,4.12.0,2016-10-31T07:45:04Z,5
A Google user,clean and nice car,5.165.0,2021-09-17T23:59:47Z,5
A Google user,"Promonya ga kaya dulu, sekarang mahal dan promonya dikit",5.139.1,2021-05-14T09:19:00Z,3
A Google user,good delivery services,5.209.0,2022-08-21T09:09:35Z,5
A Google user,Lower rates please,4.6.4,2017-01-19T14:27:40Z,5
A Google user,MABAIT SI kuya delivery..mukhang bata pa..heheheh...godbless kuya..,5.180.0,2021-12-28T05:38:21Z,5
A Google user,"Extremely poorly designed app. Lack of a good supply of drivers due to poor incentive program for drivers. Also, waited 40 mins for driver to arrive only to be told driver went home to sleep. You gotta improve on alot of fronts. Sorry but this app gotta be shut down.",,2021-03-07T08:59:03Z,1
A Google user,Great Accommodating!,,2021-10-10T03:04:54Z,5
Be****in,"Good. Thanks for implementing the island wide service. With covid19, can you consider give platinum holders more discounts for islandwide delivery and even self pickup.",5.94.1,2020-04-29T12:42:11Z,5
A Google user,"Bbrp hari lalu saya dan teman2 saya pesan grabcar, sebelum sampai saya bilang pada supir nya untuk berhenti dulu mau menurunkan salah 1 teman, tetapi driver nya hanya diam dan terus menyetir sampai akhir tujuan, akhir nya saya hrs naik angkot lagi. Mungkin driver nya punya masalah pendengaran",v3.7.2,2016-02-11T08:19:29Z,1
A Google user,My ride was awesome. Driver was so helpful.,5.59.0,2019-09-08T12:36:30Z,5
A Google user,Very fast and good service,5.57.0,2019-08-16T13:45:49Z,5
A Google user,Great services,5.82.0,2020-02-04T12:37:15Z,5
A Google user,Why did you increase the minimum limit for card/bank transactions.... Not everyone can order a meal worth 500.,5.199.0,2022-05-28T20:06:11Z,2
A Google user,GRAB!!!,4.6.7,2016-08-09T04:11:27Z,5
A Google user,Hard to get,4.16.1,2016-12-20T13:41:36Z,3
A Google user,"sering driver masi jauh trus gamau jemput tapi gamau cancel juga. Udah ditungguin lama eh tau""nya dicancel juga.",5.35.0,2019-03-18T02:52:40Z,1
A Google user,Ga suka ya sama fitur double pesanan buat grabfood. Bikin makanan yang tadinya panas jadi dingin.,,2020-02-09T04:38:00Z,1
A Google user,Fares are too high. It used to be way lower.,,2022-04-29T02:06:10Z,1
A Google user,GPS bad. Drivers canceling constantly without consequences.,5.274.0,2023-10-07T08:16:21Z,2
A Google user,I do love this transportation!,v2.8.1,2015-08-27T04:39:52Z,5
A Google user,1st time to try to ride a grab. very comfortable and nice driver. thanks grab ^^,v4.0.3,2016-04-01T13:39:58Z,5
A Google user,Impossible to book grab car!,,2022-05-13T08:19:30Z,1
A Google user,Please add more discounts and make sure to train your drivers well! :),5.125.0,2020-12-01T01:07:42Z,1
A Google user,Can't even open it since updatel,5.78.0,2020-02-01T06:45:19Z,1
A Google user,"mangtap, selalu ada diskon",5.206.0,2022-06-19T06:50:18Z,5
A Google user,Superbbb,,2021-07-26T04:29:38Z,5
A Google user,great experience with grab...,5.44.0,2019-07-24T09:15:48Z,5
A Google user,"Grab jiancokkk, order gabisa lihat orderan kita dimana? Drivernya siapa??? Aplikasi telekkk, ga kyak aplikasi sebelah. Lengkap, detail! Grab jancookkkkk!!!",,2021-10-06T13:51:54Z,1
A Google user,First time im using this apps is very good..but now i have a problem with taking a selfie...the position is ok but it cannot detect my face well,5.71.0,2019-11-24T01:08:31Z,3
A Google user,Respectful to the clients,5.76.0,2019-12-24T06:04:29Z,5
A Google user,Super hassle free app,4.34.1,2017-09-06T11:49:22Z,5
A Google user,so far so good. at least this App. are helped me up in every terms I need. four thumbs up (like the stars),5.46.1,2019-06-26T15:50:09Z,4
A Google user,"Ntapp, semakin bagus dengan fitur chat bisa kirim gambar",5.72.0,2019-11-28T07:30:41Z,5
A Google user,It's one of the best taxi app. Very user friendly,v2.5.9,2014-07-26T11:59:49Z,5
A Google user,แอพอัพเดทใหม่ ค้างมากค่ะ ทําอะไรไม่ได้เลยล็อคอินก็ไม่ได้,,2019-12-08T03:08:52Z,1
A Google user,"Thanks grab, gimme more discount yak wkwkwk",4.42.1,2018-01-16T09:35:21Z,5
A Google user,I reported a dispute by June 12 and guess what until now they didn't get me back. I received a wrong order for the amount of 500+ then I immediately message them to pick up the wrong order around 2pm but I didn't receive a reply not until 11pm and offered 300 voucher which is the maximum when I ask.I am requesting to full refund and pick up the wrong order at my chiller but they want it to be dispose instead which I didn't like so I forcefully agree at 300 voucher. Where's my 300voucher now?,5.205.0,2022-06-14T06:35:31Z,1
A Google user,"Babi apa apps kau ni, baru install takde keluar apa. Install 3-4 kali sama je.",5.114.0,2020-09-10T12:23:01Z,1
A Google user,Nice apps very useful,,2018-11-09T23:49:52Z,5
A Google user,mantap aplikasinya,5.49.0,2019-06-19T14:07:06Z,5
A Google user,Great app Like uber,5.82.0,2020-02-07T15:55:56Z,5
A Google user,Akesh,,2018-03-10T16:25:37Z,5
A Google user,Not user friendly. Data don't populate in real time. GPS sucks.,4.24.0,2017-03-25T05:15:05Z,1
A Google user,Mau pesen grabcar susah betul harus selfi ngangguk-ngangguk. Uninstall,5.95.1,2020-08-29T05:27:37Z,1
A Google user,"So far, the app itself is ok .",5.48.1,2019-06-11T12:14:01Z,5
A Google user,Only grab everyday. No more Taxi.......,5.121.0,2020-11-05T10:21:24Z,5
A Google user,low price & good service,5.238.0,2023-02-06T01:40:46Z,5
A Google user,Friendly users app & very helpful,5.135.0,2021-02-15T00:38:42Z,5
A Google user,"Unable to perform cash on delivery payment, only works if payment is via card or grab pay... So I cannot place any order.",,2021-10-29T08:59:16Z,1
A Google user,the page cannot load out after waiting for long time,,2021-11-14T05:43:26Z,1
A Google user,this is Good,5.20.0,2019-04-27T16:28:08Z,5
A Google user,Keep free for ride. :p,v2.7.3,2015-05-22T11:19:36Z,5
A Google user,GrabPay sucks. Stealing money from my Singapore DBS bank. I'm paying my Malaysia's Digi phone bills using GrabPay. Im in Singapore. 2 attempts tried. Digi sent email informing first payment attempt failed and they second succeeded. GrabPay yesterday took both payment in total $160 from my bank account. Sort your stupid grabpay bugs...!!! 🤬🤬🤬🤬.,5.111.0,2020-08-26T22:25:38Z,1
A Google user,I cannot book here in baguio city. The drivers said they can't detect us and there is a problem with your server. Please fix this.,v3.2.3,2015-08-25T08:49:11Z,2
A Google user,best app la ever,5.158.0,2021-07-30T04:20:58Z,5
A Google user,excellent service... Bravo,5.233.2,2023-01-17T14:23:04Z,5
A Google user,very professional..,,2022-10-02T03:17:38Z,5
A Google user,"I have been using Grab Taxi service from the vert first day of my stay in Vietnam and i am glad to choose Grab for my daily commuting aa the service very convenient considering multiple aspects like easy availability, accessibility to any location, deiver's humble and polite attitude and quality / ambience of the vehicles. So a big thumbs up to Grab people..",5.49.0,2019-06-21T06:21:59Z,5
A Google user,Delivery rate price agak murah berbanding apps lain.,5.248.0,2023-04-07T04:14:08Z,5
A Google user,Loved it!,4.45.0,2018-02-28T13:15:12Z,5
A Google user,"I get this screen every time I try to order a driver 'drivers seems to be busy', almost slept at street because of this app.",5.16.1,2018-10-27T06:33:38Z,1
A Google user,"tuyệt vời, nhớ đăng ký Moca để dv hưởng nhiều k.mãi hơn nữa",5.53.0,2019-07-14T04:37:52Z,5
A Google user,Drivers tak hormati masa customer. Dah la cas mahal2 aku pulak kena tunggu sampai 25 minit. Driver tu best la pusing2 satu Kajang cam bapak dia punya tempat. Kalau tak nak ambik cakap la. Pastu aku cancel aku yg kena penalty longer waiting time. Dah cancel dapat driver sama. Amazing. Driver grab ni kena saring betul2 ke atau korang ambil je budak2 yang asal boleh drive?,5.204.0,2022-07-01T14:17:16Z,1
A Google user,User friendly. Keep up the good work.,5.76.0,2020-01-04T01:44:32Z,5
A Google user,Susah di instal..terlalu lama..jangan keseringan update kasih promo jarang,5.82.0,2020-02-10T15:09:58Z,2
A Google user,Baik tak payah buat promo. Mahal 2 kali ganda. Padahal selalu je naik grab. Puasa ramadhan ni terus double ye.,4.24.1,2017-06-06T07:13:38Z,1
A Google user,Very good service...Kuya Ato is very accommodating and nice.,5.215.0,2022-10-14T10:17:30Z,5
A Google user,"Simple, easy to use, cheap",4.15.0,2016-12-14T04:44:04Z,5
A Google user,Great AA service,5.75.0,2019-12-16T06:22:53Z,5
A Google user,dont order from grab food. they just dump the food if they get you,5.133.0,2021-01-23T02:54:30Z,1
A Google user,Sometime system is not correct,5.260.0,2023-07-02T00:22:03Z,4
A Google user,The update is a piece of garbage. The location maps are worthless. Getting in touch with Grab is impossible. If only Uber would improve.,4.53.1,2018-06-20T10:14:16Z,1
A Google user,Safety and make travel easier,5.64.0,2019-09-30T04:02:57Z,5
A Google user,"Food delivery consistently late. Prices rising over the years. Honestly, no way this company goes public any other way than via a SPAC. Like to see how this business model holds up when the vouchers dry up.",5.180.0,2021-12-26T11:18:25Z,1
A Google user,Memudahkan kegiatan sehari-sehari. maju terus grab,5.46.1,2019-05-27T20:54:03Z,5
A Google user,A big help to us commuters,4.32.1,2017-08-09T22:58:32Z,5
A Google user,I can not login,5.05.1,2018-08-14T10:14:36Z,1
A Google user,"Anytime, anywhere to take & fast",,2017-09-30T00:03:04Z,5
A Google user,Use grab for transport is easy to go anywhere,5.20.0,2018-12-10T05:58:23Z,5
A Google user,Nice travel,5.104.0,2020-07-15T02:14:09Z,5
A Google user,To expansive for student,5.11.1,2018-09-26T09:18:40Z,3
A Google user,BEST!!,,2019-07-08T02:36:17Z,5
A Google user,"Tried to order food twice with the priority options and was supposed to receive a voucher ifthe delivery didn't arrive on time. My delivery was cancelled both times and I haven't received any voucher! On top of that contacting their customers support is a nightmare, will never order food from this app again!",5.229.0,2022-12-01T13:30:27Z,1
A Google user,Overall oke,4.20.0,2017-03-30T00:55:31Z,5
A Google user,Very convenience,5.53.0,2019-08-24T01:48:04Z,5
A Google user,helpful driver,5.258.0,2023-07-02T04:54:04Z,5
A Google user,I can't even log in it asks me to verify my account on an email i don't even own,5.206.0,2022-07-03T14:25:56Z,1
A Google user,good n fastest,5.12.1,2018-12-31T00:28:37Z,5
A Google user,aplikasi tolol,5.231.0,2022-12-22T09:13:22Z,1
A Google user,User friendly and reliable apps,4.43.1,2018-01-23T06:29:19Z,5
A Google user,I can't even book anything at my location..,5.128.2,2021-01-03T08:14:01Z,1
A Google user,"Very bad, I can't sign up using phone, email or facebook.",,2018-02-24T09:49:50Z,1
A Google user,Awesome..it is very helpful especially when you are in other south east asian contries,5.104.0,2020-07-07T05:30:25Z,5
A Google user,This would help you in any condition when you need a public transportation,v2.8.1,2015-08-09T07:28:12Z,5
A Google user,Mudah dan sangat membantu,5.29.0,2019-03-15T02:48:58Z,5
A Google user,"Multi user is really helpful for reseler model. Like it so much! Would be great if export report could be added with 'category' field, to review performance of each category :)",5.142.0,2021-04-01T09:13:49Z,5
A Google user,Pilu,,2020-08-19T04:18:08Z,5
A Google user,Nemei,5.99.0,2020-07-04T16:48:45Z,5
A Google user,"95 percent of the grab drivers are polite, honest, and trustworthy.",5.89.0,2020-05-19T15:17:30Z,5
A Google user,mabilis maayos n.dlver,,2022-03-13T12:30:17Z,5
A Google user,excellent for customers,5.39.1,2019-07-17T10:16:08Z,5
A Google user,operater e hiling serupa nazi,5.54.2,2019-08-01T23:58:08Z,1
A Google user,Membantu sekali saat perlu pengantaran. Perkiraan waktu OK,5.75.0,2019-12-31T10:54:54Z,5
A Google user,Fast and reliable. Except high fare during peak hours,5.209.0,2022-08-03T03:00:38Z,5
A Google user,เยี่ยม,,2021-08-17T08:15:34Z,5
A Google user,Can you please take a no cancel on food theres so much crazy people living in this world,,2020-03-30T07:29:56Z,1
A Google user,"the fare at this moment soooo high espcialy when jam..,",5.201.0,2022-07-07T02:19:50Z,2
A Google user,Nakakainis kau. 3 hours puro hang tight. D q alam Kung naghang or sira tlga ung app nyo. D q na gagamitin tong app nyo kabadtrip,5.65.0,2019-12-10T11:55:17Z,1
A Google user,regard,5.55.1,2019-08-09T14:17:45Z,5
A Google user,"Your instructions in your HELP centre is so wrong. I wanted to remove the maybank2u link from my payment list but there's no button to ""UNLINK & DELETE"" like you wrote in your instruction. Called your customer service and she asked me to update the apps. Still nothing changes and nothing can be done to remove the unwanted payment info! Looks like deleting my account is the only way now.",5.110.0,2020-08-12T11:47:02Z,1
A Google user,should maintain price instead of weather,,2019-07-09T05:55:33Z,4
A Google user,Yyees,5.57.0,2019-12-23T13:23:52Z,5
A Google user,"Good services,,,,,",4.42.1,2017-12-29T13:45:55Z,5
A Google user,reliable app,5.230.0,2022-12-19T03:51:27Z,5
A Google user,Tidah dapat melihat jumlah pembeli di resto tertentu,5.116.0,2020-10-16T10:58:26Z,1
A Google user,cant login in to the app or even register. uninstalled.,,2021-05-07T01:21:32Z,1
A Google user,Titik lokasi sering geser2 sendiri bikin ribet,5.204.0,2022-06-17T04:53:17Z,1
A Google user,Enjoy the smooth ride,5.69.1,2019-11-11T18:24:50Z,4
A Google user,Very bad app,4.19.1,2017-02-13T06:04:20Z,1
A Google user,Eaay to use and you saved yourself from dishonest driver. I use this app in Ho chi minh city and found pretty useful.,5.57.0,2019-08-19T15:09:49Z,5
A Google user,Tried to change trip but ended up total fare is $53. From $20. They deduct for my first trip $20 and when change location states new trip coat $33 so after topping up to fit the new bill it keeps says insufficient as the balance i have is below $33 which means they deducting another $33 for the change trip from Alexandra to my home? Wow. That is pure robbery. I shall just walk next time.,5.80.1,2020-01-27T14:13:44Z,1
A Google user,promomu membuatku hidup,5.48.1,2019-06-28T06:45:49Z,5
A Google user,"Sy suka pelayanan grab car, tp tolong agar menjadi perhatian supir nya jangan bau badan..eneg pgn muntah..ampun dj...",v3.8.2,2016-03-06T17:30:28Z,4
A Google user,Best services.,4.16.1,2016-12-14T09:00:44Z,5
A Google user,sometimes the driver Cancelled my Booked without permision,v3.6.8,2016-01-29T17:36:06Z,5
A Google user,Always be my 1st option,4.17.0,2017-01-01T19:58:11Z,5
A Google user,"With lesser competitions now, I need explanations as to why I still have to wait so long for a driver.",5.15.1,2018-10-21T14:45:13Z,1
A Google user,❤️❤️❤️,5.151.0,2021-06-08T14:51:59Z,5
A Google user,สะดวกจนไม่รู้จะสะดวกยังไงแล้ว,5.86.0,2020-03-03T00:10:04Z,5
A Google user,"Grat app, very helpfull, easy to use..love it..!!",4.18.0,2017-02-06T23:55:18Z,5
A Google user,can't log in .WHYYYY!!,4.37.0,2017-10-25T13:23:34Z,1
A Google user,is very helpful,5.214.0,2022-10-10T10:28:03Z,5
A Google user,Lemot... Sering keluar sendiri,5.68.0,2019-10-24T13:19:25Z,1
A Google user,min knp ecash gabisa dipake / dikliiikkkk???,4.44.1,2018-04-30T01:05:07Z,3
A Google user,Bagus nyaman ok,5.149.1,2021-09-29T11:33:14Z,5
A Google user,"Charge me for a ride that I didn't take, and its CS seems don't really read customer feedback and did not give solution. So that's how I'm uninstalling this :)",4.33.2,2017-08-21T12:19:56Z,1
A Google user,Always been happy with Grab,5.137.0,2021-03-02T08:34:20Z,5
A Google user,Very useful and saving money.,v2.6.3,2015-02-24T14:14:37Z,5
A Google user,not worst app,5.237.0,2023-01-20T08:46:09Z,5
A Google user,When u make a great driver everything is great.,v2.7.3,2015-06-30T08:02:57Z,5
A Google user,"After booking a ride today, I cannot relaunch the app anymore. It says it cannot connect to server neither on wifi nor data. I have the latest version and already did the troubleshooting as stated on your website like turning on airplane mode for 5 minutes to no avail. Please fix this.",5.17.1,2018-11-07T02:06:35Z,3
A Google user,Easy go,5.14.1,2018-12-10T09:53:05Z,5
A Google user,Been using this for years. Very helpful and applicable here in the Ph,5.126.0,2020-12-12T02:02:56Z,5
A Google user,Grab mantaappp,5.18.2,2018-11-15T05:19:20Z,5
A Google user,cannot verify my selfie. tried to move my head up and down nothing happen. so annoying right in the middle of urgent matter !,,2019-10-12T08:25:37Z,1
A Google user,Hm k la,5.83.0,2020-07-31T13:48:16Z,2
A Google user,I'm happy with all the updates but I hope my note templates don't get deleted.,5.99.0,2020-06-06T03:37:38Z,4
A Google user,Most of the time my order got cancelled,5.200.0,2022-05-08T03:25:48Z,1
A Google user,Very helpful in commuting around the city..very useful app and friendly drivers.. two thumbs up,4.53.1,2018-06-16T01:56:09Z,5
A Google user,Cannot signon. Error message: App not setup. This app is still in development mode.... etc,,2020-11-18T12:49:02Z,1
A Google user,exelent,5.29.0,2019-01-30T03:38:14Z,5
A Google user,Good drive,5.141.0,2021-03-31T05:24:06Z,5
A Google user,Thank you for your service.,5.60.0,2019-09-19T05:38:58Z,5
A Google user,very efficient,5.273.0,2023-10-10T09:41:43Z,5
A Google user,Map locations are not accurate with current / pickup location,,2017-11-18T08:06:26Z,4
A Google user,Arrival times for drivers en route are terribly unreliable.,4.40.1,2017-11-25T08:09:38Z,1
A Google user,Nice apps!,5.110.0,2020-08-24T10:31:29Z,5
A Google user,"Used to be a good app, but now is completely terrible! Terrible driver service! Can keep trying to book a grab for 1 or 2 hours and won't get! The prices go up and down randomly, regardless of peak hour or not. Fix your booking service! You say priority booking but I can't get a grab after trying for 1 hour plus?? What kind of nonsense is that?",5.50.0,2019-06-27T06:07:36Z,1
A Google user,no driver in my area..,5.54.2,2019-08-01T03:21:56Z,1
A Google user,Great drivers and service and it's worth the administration fee to get a much better driver who is held to account,v2.7.0,2015-03-02T13:10:33Z,5
A Google user,"app installation did not work after several attempts, waste of time.",,2019-07-03T00:01:41Z,1
A Google user,"New update not too good, can not track location when ordering food. It appeared when delivering the food.",5.76.1,2020-01-06T12:25:44Z,2
A Google user,สั่งง่ายคะ,5.188.1,2022-02-15T09:55:11Z,5
A Google user,It's so helping,,2015-05-25T04:48:26Z,5
A Google user,Fast and convenient,5.48.1,2019-06-17T12:04:42Z,5
A Google user,"Like seriously grab car is very Super useful and easy to travel everywhere and it's seriously locating the exact location And also the new games in grab earning points through the rides. And the drivers are very kind some are providing sweets in cars. Very Comfortable but just take note of the some drivers who is using grab for their personal illegal use. Like Kidnapping or Selling drugs and so on which is giving a bad impression for grab. Anyways , Keep bring something new in GRAB",5.03.2,2018-07-28T00:05:05Z,5
A Google user,....,4.14.1,2016-12-07T14:14:33Z,5
A Google user,Everything ok,5.22.1,2018-12-12T03:54:25Z,5
A Google user,Memudahkan..,5.54.2,2019-07-22T04:17:34Z,5
A Google user,First load take more time,4.24.1,2017-05-09T02:08:10Z,5
A Google user,"Bruh,the bloody driver you give us are so God damn far away,are you stupid!?I wait for 1 grab car can see 3 of the bus I could've taken drove by sia cibai",5.254.0,2023-06-03T00:59:45Z,1
A Google user,Great and fast service,5.81.0,2020-01-30T12:20:42Z,5
A Google user,Grab food y no driver during rain,5.212.0,2022-08-13T07:28:42Z,5
A Google user,Navigation can be more simplified.,4.29.0,2017-06-27T07:48:46Z,5
A Google user,"Good apps generally as it offers wide varierty if services, but finding cars nowadays takes time even though I'm living in the city centre. Grab food drivers - mostly lazy to bring your orders to you, most common reason is ""I'm not familiar with this place"", if compared to your food panda/McD/KFC/local restaurants food drivers.",5.42.0,2019-05-04T10:29:23Z,3
A Google user,Great app and u success make travel become easiest,4.17.0,2017-01-15T23:23:29Z,5
A Google user,Excellent app,5.71.0,2019-11-18T17:16:52Z,5
A Google user,It's so waste of time to log in.,5.29.0,2019-02-09T08:57:19Z,1
A Google user,"Wait for 45 minutes for Grab at KLIA2 Cannot contact the driver. If I cancel the order, Grab imposed cancellation fee. If it is because of the driver, why passenger received the penalty?",5.60.0,2019-10-09T15:46:25Z,1
A Google user,"too much ads, but good enough for most cases.",5.233.2,2023-01-09T14:28:27Z,4
A Google user,Very useful app. But some drivers are not polite and very choosy. They should be more choosy of their drivers.,v2.7.1,2015-03-27T00:54:26Z,5
A Google user,verry good,,2018-11-12T17:58:05Z,5
A Google user,Sangat membantu tp skrg ini agak sulit kalau order tengah malam di tengah komplek perumahan,4.2.1,2016-05-06T06:14:06Z,4
A Google user,jco didn't give me my exact flavor order,5.265.0,2023-08-10T05:03:28Z,3
A Google user,nice...,,2019-05-29T07:18:16Z,5
A Google user,Untuk yg terhormat CS grab.. kalau mau pembatalan tolong jangan di lama2in telepon nya.. pulsa kita buat cancel orderan yg kita juga ga tau kondisi nya gimana itu ga murah.. fitur chat kadang bisa kadang ga bisa.. sudah telp pake kode pesan masih aja harus lama terhubung ke cs nya.. ga mutu!!,5.220.0,2022-10-08T09:03:29Z,1
A Google user,Multiple stop is cool,5.35.0,2019-03-24T03:07:31Z,5
A Google user,Terbaik....,,2021-07-26T05:41:28Z,5
A Google user,subscribenya dak worth it,,2019-09-17T11:33:04Z,3
A Google user,Latest updates with inaccurate pin location. Very upsetting.,4.55.2,2018-07-07T10:35:56Z,1
A Google user,Mantap tiap hari naik grab buat pulang pergi. Thank u :'),4.14.1,2021-07-19T07:36:04Z,5
A Google user,"Plenty of bugs in this app, especially with GrabPay and the timing with the GPS.",4.34.1,2017-09-03T09:47:47Z,3
A Google user,Always satisfied,4.37.0,2020-04-14T13:03:12Z,5
A Google user,Grab is great and very helpful to me and I am a senior citizen. keep up the great service Grab Philippines!,5.39.1,2019-05-23T04:32:20Z,5
A Google user,good job all taste,5.176.0,2021-11-22T09:04:20Z,5
A Google user,So good transportation,,2017-12-04T16:27:01Z,5
A Google user,sobrang convenient,5.73.1,2019-11-29T15:18:12Z,5
A Google user,I buy prepaid top up but always failed..why?,5.107.0,2020-08-03T01:23:43Z,1
A Google user,Dah topup tak bole buat payment,,2022-09-15T06:03:46Z,2
A Google user,3 ringgit change to 5 ringgit now Change 10 ringgit ahhh!???? so expensive!!!!??????,5.66.1,2019-10-21T05:26:21Z,1
A Google user,Mag nanakaw na apps hahaha ni link ko lng paymaya card ko dto na may lamang 20k+ muntikan na simutin nligtas ko ung 10k tas kulang 10k nanakaw sakin madedemanda ko kayo pag di na approve ung dispute request ko sa paymaya,5.193.0,2022-03-23T07:20:37Z,1
A Google user,"Superb application, best when u need a ride asap",5.76.0,2020-01-03T04:42:04Z,5
A Google user,very nice apps,5.37.1,2019-07-12T07:09:41Z,5
A Google user,Just recommended..,5.69.1,2019-11-10T03:52:28Z,5
A Google user,Abis di update malah nama jalannya ilang. Gabisa ke detect sama skali,5.11.1,2018-09-26T00:22:37Z,2
A Google user,currently very efficient and convenient ..,5.60.0,2019-09-20T13:11:23Z,4
A Google user,"appnya kdang"" error gk ad koneksi hadeh klo ngupdate yg bner skalian,fix bugnya jg dikit amat tiap update",5.48.1,2019-07-16T18:28:38Z,3
A Google user,usefull app thz,5.200.0,2022-05-13T02:18:39Z,5
A Google user,"No saya di suspend, sempet email dan sudah di tlp dari pihak Grab tapi suara saya hilang jadi Customer Carenya langsung matikan tlp.. Tolong dong di hubungi kembali, terimakasih",5.10.0,2018-09-30T04:46:08Z,3
A Google user,Orders have been delivered well so far :),5.156.0,2021-07-07T04:45:52Z,5
A Google user,paling suka sama diskonannya,,2019-07-30T02:26:02Z,5
A Google user,Good job grab,5.67.0,2019-10-29T00:44:30Z,5
A Google user,mantol,,2021-07-06T02:33:01Z,5
A Google user,Grab sangat membantu aktifitas mobile saya Terimakasih grab Sukses Dan jaya selalu,,2020-11-04T03:24:52Z,5
A Google user,I can't log in the grab,5.109.0,2020-08-14T07:43:28Z,5
A Google user,sangat memudahkan... top selalu Grab!!,5.45.1,2019-05-21T03:31:54Z,5
A Google user,grab pay system must be improved,4.47.1,2018-04-02T23:27:05Z,2
A Google user,ini titik map nya gapernah bisa bener gimanasi,,2019-06-20T03:14:54Z,2
A Google user,Its helpful,5.47.1,2019-09-10T07:38:50Z,4
A Google user,Comfortable and easy,5.64.0,2019-10-13T04:49:31Z,5
A Google user,"really loves grab and ovo, also.",5.48.1,2019-06-11T01:09:41Z,5
A Google user,point rewards tidak bisa dipurchase.,5.34.0,2019-03-21T10:40:27Z,1
A Google user,Supwr love it,5.76.1,2020-01-10T00:27:10Z,5
A Google user,"i couldnt log in because no respond sms password to my mobile phone.had complained to them but still no respond.bad service.i report to call center ,no respond too.",5.37.1,2019-03-29T05:49:28Z,1
A Google user,Grab Food- Restaurants niyo puro closed!!! 🤬🤬🤬,5.151.0,2021-06-04T10:25:25Z,1
A Google user,Thank you grab!,5.60.0,2019-12-16T05:09:43Z,5
A Google user,LAYANAN GRAB FOOD SANGAT BURUK ! SUDAH SERING SAYA KEJADIAN PESAN MAKANAN TETAPI RESTO TUTUP MASIH BISA TERIMA PESANAN DAN CS SANGAT TIDAK MEMBANTU KARNA DI TELFON TIDAK PEENAH DIANGKAT,5.252.0,2023-05-12T14:43:51Z,1
A Google user,Extremely Poor GPS,5.41.0,2021-01-28T14:40:15Z,1
A Google user,overall satisfied,5.49.0,2019-06-22T14:26:24Z,5
A Google user,I cant get into the apps. Registration keep failed. I have an account but no longer able to acces. Sigh. Fix this,4.27.2,2017-05-15T14:05:12Z,1
A Google user,Imagine how annoying when the server gone wrong and put a random place in malaysia,,2021-04-27T10:03:45Z,1
A Google user,too many updates,5.87.0,2020-03-11T03:40:29Z,2
A Google user,masih puas sampai saat ini. Keep up the good work,5.150.0,2021-05-30T14:55:09Z,5
A Google user,Nice app and good service,5.60.0,2019-09-18T07:25:23Z,5
A Google user,help me a lot,5.35.0,2019-03-18T00:53:36Z,5
A Google user,"come on time, friendly driver, recommended",5.189.0,2022-02-17T00:15:56Z,5
A Google user,Helpful app...,v2.5.10,2014-11-28T11:33:11Z,5
A Google user,You fix it. Thanks!,5.52.1,2019-07-09T10:00:08Z,5
A Google user,Been trying to book a 3km ride for the past two hours. Keep up the stupid work.,5.201.0,2022-05-17T12:08:07Z,1
A Google user,I can't avail to thete promos,4.37.0,2017-10-14T13:36:45Z,1
A Google user,ok na ok sa oright,5.150.0,2021-05-27T08:51:26Z,5
A Google user,mudah dan cepat,5.252.0,2023-05-10T04:07:02Z,5
A Google user,Every time i want to use grap it wont start,5.84.1,2020-02-20T09:08:34Z,1
A Google user,"For grab Indonesia, PELANGGAN BERHAK MENDAPAT JAMINAN PRIVASI MENGENAI TUJUAN DAN ALAMAT ASAL BERANGKAT. SAYA KECEWA DENGAN GRAB YANG BISA DENGAN MUDAHNYA MEMBERIKAN PRIVASI TERSEBUT KEPADA ORANG LAIN. SAYA GAAKAN MENGINSTALL GRAB LAGI",5.72.0,2019-11-26T01:25:44Z,4
A Google user,"reliable app. the fares have really gone up with the lack of competition. other ride options available though, and other services provided also proved yo be reliable.",5.49.0,2019-06-18T23:31:51Z,4
A Google user,lemot,5.36.3,2019-04-30T05:43:54Z,3
A Google user,Aplikasi sering lagging & not responding setelah update,5.153.0,2021-06-16T10:19:35Z,3
A Google user,nice concept,5.35.0,2019-03-25T10:02:34Z,5
A Google user,berikan yg terbaik untuk customers,5.55.1,2019-07-27T01:54:41Z,5
A Google user,Driver tq so much for the help me anytime,,2021-05-17T05:27:46Z,5
A Google user,terima kasih oke,,2019-04-02T07:48:48Z,5
A Google user,The automated reply doesn't help at all. Hotline changes and no further information which line to be contacted. Try human Customer Relations because the system sucks...,5.173.0,2021-11-08T05:08:12Z,1
A Google user,Unreliable,,2017-08-23T23:09:03Z,1
A Google user,"Aneh di update malah map nya malah muter"" terus...udah 15 menit itu gbr motor tetep aja disitu...padahal diketerangan lagi otw tujuan...ga paham...",5.75.0,2020-01-06T13:51:45Z,2
A Google user,Really useful during this time of pandemic. I use this app almost everyday,5.113.1,2020-09-08T06:43:26Z,5
A Google user,love your a new whole world cover edit 🤣 creative,5.47.1,2019-06-02T04:49:07Z,5
A Google user,"I usually dont have problem with this app. However, lately, app will refuse to load. Sometimes if i switch to and fro with another app, thia will happen. I had to uninstall and reinstall a few times to solve this. Then it happens again",5.79.0,2020-01-15T06:42:16Z,1
A Google user,"Saya sedang terburu-buru. Ditengah jalan, terik matahari dan keramaian. Dan app meminta Selfie Verification!? Waaww.. sangat memancing perhatian jambret. Tolong Dihapus!!!! Sangat merepotkan.",5.69.1,2019-11-05T05:43:51Z,1
A Google user,"I love this,and very much easy",,2016-11-13T17:46:38Z,5
A Google user,"Praktis, bisa bayar pakai OVO",5.232.0,2022-12-17T04:33:19Z,5
A Google user,very bad because all time give me wrong pick point I am very sad,5.36.3,2019-03-21T14:17:05Z,1
A Google user,telah memberi banyak travel untuk pergi jelajah,5.46.1,2019-06-02T10:00:11Z,5
A Google user,Very slow download this apps,,2020-09-29T05:33:00Z,1
A Google user,User friendly ...,5.64.0,2019-10-05T14:18:17Z,5
A Google user,Best apps forever n ever,5.263.0,2023-08-04T03:08:00Z,5
A Google user,System error for registration,4.31.0,2017-07-27T04:15:11Z,1
A Google user,try to solve the server problem asap so tat the ppl can use this app smoothly.,5.52.1,2019-07-11T14:58:16Z,1
A Google user,"Overall, I am very satisfied. I just wish it has the option to hire a larger vehicles.",5.105.0,2020-07-10T02:28:57Z,4
A Google user,Baguslah,5.78.0,2020-02-11T07:32:38Z,5
A Google user,Entah kenapa app grab sy tidak pernah mendapatkan voucher promo lagi. Alasan mengapa sy uninstall grab bahkan hari ini sy mencoba lg berharap app error tp msh tetep sama. Padahal tahun kemarin masih pernah dpt voucher 50 60% tp itu jg hanya sesekali saja. Berbeda dari app grab teman2 yang sering sekali dpt voucher promo dgn tawaran yg wah. Terima kasih grab. Mungkin app sy sedang ngambek apakah ada teman yg senasib?,5.75.0,2019-12-22T02:55:53Z,2
A Google user,blana,5.205.0,2022-06-19T09:00:23Z,5
A Google user,Easy to find alternative car than taxi,5.67.0,2019-10-21T09:53:13Z,4
A Google user,"Clean, cool and efficient",5.53.0,2019-07-15T07:48:27Z,5
A Google user,Best online transportation so far,5.24.1,2019-02-14T10:14:12Z,5
A Google user,"Sedikit saran, mungkin developer perlu mempertimbangkan untuk menambah fitur memberi tip untuk ojek online nya",5.57.0,2019-11-28T13:53:35Z,3
A Google user,So far have very good experience with grab company. Top class.,5.63.0,2019-09-29T08:23:55Z,5
A Google user,Lokasi di map tiba tiba geser,5.206.0,2022-07-02T01:54:15Z,1
A Google user,♥️♥️♥️♥️♥️,5.177.300,2021-12-11T08:53:19Z,5
A Google user,"Cannot manually pin point exact location on map, my saved place is gone, also cannot entered it manually, its my home addres so its super annoying, it showed as a bank in the map while the bank is actually across the street, Cust service is really bad, hardly reach out Also cannot correct missed order because cannot cancel order for reasonable reason, Perhaps time to switched to the competitor apps",4.49.1,2021-04-02T13:38:25Z,1
A Google user,Grab taxi not workinh,5.139.1,2021-06-04T12:44:59Z,1
A Google user,"Easy. Fast. Hassle free. Great promos! And good drivers, so far. :)",v2.8.1,2015-08-27T06:37:40Z,5
A Google user,"The logic to pick the ""nearest"" driver is getting worse and worse. Often times i can get a closer driver when i cancel and reorder. Grab, please get yourself together",,2019-12-30T07:20:48Z,1
A Google user,"Great app for getting you exactly where you need to be. Usability and loading of the app is great, and overall service is good.",5.66.1,2019-10-16T06:45:26Z,5
A Google user,Polite driver nice to be friend Enjoy talking to him Keep.up a good work,5.64.0,2019-10-02T08:02:10Z,5
A Google user,Very user friendly app..the best..,5.41.0,2019-05-23T00:13:42Z,5
A Google user,Can't even order food while I am on my ride now I got to wait till home then I can order? Its so much better when you separate the 2 app!,5.42.0,2019-05-03T03:04:39Z,1
A Google user,fast and efficient,5.163.0,2021-08-24T22:12:54Z,5
A Google user,Really good app,4.9.0,2016-09-13T18:53:39Z,5
A Google user,good trip and nice driver,5.101.0,2020-06-29T11:03:41Z,5
A Google user,Hassle free for food and travel,5.242.0,2023-03-03T08:28:19Z,5
A Google user,"ive just reported a bug today which has happened 3 times already. what happens is that i try to open the app but error pops up saying ""unfortunately grab has stopped"" and the only option i have is to just ""report"" or ""ok"". this means that i can't even open the app now and use my grabcredits. the only ""solution"" is to uninstall and reinstall the app. this is obviously not a solution.",5.57.0,2019-08-20T14:29:12Z,2
A Google user,"the fare is really high, and the driver always cancel without notification, i wait for 30 menit and the driver just cancel my order.",5.44.0,2019-05-21T04:24:08Z,2
A Google user,"I've took grab quite often but recently there are some issues with the prices with the ""standard taxi"" and I got to pay more than expected. Try calling the support but the number doesn't seems to work at all.",4.24.0,2017-03-31T07:32:54Z,3
A Google user,Kurang kn gune grab pay banyakkan gune cash ..tq,5.14.1,2018-10-18T04:42:40Z,5
A Google user,"I don't like how Grab updates their points policy, increasing the amount of points to 675 just to get a 50 off ride is not a good thing, also removing the 100 off rise option is so disappointing.",5.83.0,2020-02-14T23:15:24Z,1
A Google user,sistem di grab aneh. saya 13 kali di cancel karena driver enggan pick up dengan alasan macet (tolong juga attitude dari driver diberi pelatihan khusus). tapi malah akun saya yang di suspend,5.00.1,2018-07-22T06:55:58Z,1
A Google user,"Friendly app, , good prices, ,",4.17.0,2016-12-29T07:49:41Z,5
A Google user,it was working until the new update. now it can't even open. update with caution on older phones.,v2.7.1,2019-07-10T03:39:47Z,1
A Google user,"ok, ada sikit masalah kalau boleh -: kami oder grabe line x clear di blok B , lokasi ambil tak sama, terus ke blok A jln kaki .klu boleh tolong jawap call panggilan kami tunggu di bus stop blok A.",5.241.0,2023-02-22T10:44:58Z,5
A Google user,"very,good...",5.29.0,2019-03-29T13:50:59Z,4
A Google user,very helpful apps,5.53.0,2019-07-16T23:53:08Z,5
A Google user,Goodddd,5.79.0,2020-01-26T12:07:52Z,5
A Google user,baru donlot kok ada update??,5.45.1,2019-05-26T04:10:16Z,2
A Google user,Useful app.. thank you..,5.152.0,2021-06-09T18:19:18Z,5
A Google user,Since I use this app I didn't see any problem with it. All the drivers so far I met also very friendly and polite. I will continue to use this service app.,4.16.1,2016-12-22T08:33:14Z,5
A Google user,Nice it is,5.57.0,2019-08-19T03:02:03Z,4
A Google user,give me promo code for grab bike please! dikit banget promo nya. mau beli voucher juga kadang ada kadang gak,5.190.0,2022-03-09T23:26:32Z,3
A Google user,Simple & easy App....,5.16.1,2018-11-04T00:08:10Z,5
A Google user,"Nice driver, very friendly",5.219.0,2022-09-24T00:24:19Z,5
A Google user,Sudah mulai bertransformasi Dan berinovasi untuk memudahkan Dan mengerti kebutuhan customer,5.70.0,2019-11-11T14:00:49Z,5
A Google user,"I love the app and it is really good when you are far away when you need a ride and also in ordering food. The only thing that bothers me is that the customers can cancel the orders even when the delivery man already ordered the food. You should add a confirmation button for the delivery man that shows that the order is placed and cannot be cancelled. I feel bad for some delivery man who gets cancelled with a big bulk of orders. Also please add credit cards, we need it. Thanks.",5.39.1,2019-04-12T14:28:11Z,3
A Google user,Tiba2 minta update.. pas lagi butuh..,5.100.0,2020-09-07T16:02:08Z,1
A Google user,sangat mempermudah,5.46.1,2019-06-30T04:55:57Z,5
A Google user,"Good service, but need to screen drivers so we dont get funny characters",4.15.0,2016-12-09T06:07:26Z,5
A Google user,Can not enter,,2021-09-29T03:40:02Z,1
A Google user,Great service!,4.11.0,2016-09-27T03:02:45Z,5
A Google user,great app ever,5.44.0,2019-05-20T04:41:03Z,5
A Google user,"Order yg sedang berlangsung, knpa tdk bisa dilihat progressnya? Hello Grab! You should learn a lot from neighbour apps! Improve that!",5.59.0,2019-09-15T12:29:06Z,5
A Google user,Ngeselin bgt.....njir Ngeleg terooos 4sw,5.210.0,2022-07-14T05:06:32Z,1
A Google user,satisfying,5.45.1,2019-05-24T02:38:44Z,5
A Google user,"Lama ga login akun, tiba tiba pas login akun suspend Padahal ga pernah pakai. Gajelas",5.162.0,2021-08-14T08:44:24Z,1
A Google user,Made our daily life easier,4.15.0,2016-12-05T15:09:34Z,5
A Google user,Your delivery charges are unfair to the customers. They are unjustified!,5.251.1,2023-04-28T03:51:39Z,2
A Google user,sub 2 pewds,5.37.1,2019-04-10T13:13:28Z,5
A Google user,apiah,,2019-05-16T05:51:57Z,5
A Google user,New setting jadikan setiap kali nak book mahal 3 kali ganda as usual.,5.180.0,2021-12-25T01:08:37Z,1
A Google user,Love the app,v4.0.4,2016-04-07T04:45:03Z,5
A Google user,Love it. Used it all over thailand.,4.40.0,2017-11-23T13:14:32Z,5
A Google user,I chose this to order food. But there's no food option. 🤦‍♂️,,2020-10-02T16:39:56Z,1
A Google user,Really good for busy people,5.78.0,2020-01-11T04:28:29Z,5
A Google user,good i love,5.36.3,2019-04-02T06:22:00Z,5
A Google user,"Reinstalling the app via Google, Facebook and number failed. Contacted grab and they are unable to resolve. Disappointment for a platinum user.",,2017-07-12T00:28:41Z,1
A Google user,The best app I hape to cover all countries,5.55.1,2019-07-29T14:35:16Z,5
A Google user,really easy n convenient,5.60.0,2019-09-20T04:00:02Z,5
A Google user,This is nothing but a USELESS SERVICE.. though there are available drivers.. they are choosing clients.. no difference with regular taxi.. your just using APP.. WORST EVER!!,5.03.2,2018-07-30T00:22:03Z,1
A Google user,Jossssssss,5.162.0,2021-08-19T11:39:29Z,5
A Google user,My experience always great with grab ‍♀‍♀,5.180.0,2022-03-31T09:16:34Z,5
A Google user,I dont know why..but then...i can only open this app for only one time ..and after that..i cant open it anymore..,5.88.0,2020-03-16T15:24:26Z,1
A Google user,"for grabshare, the app would choose someone super far to share ride with you. like the driver has to GO back 5 to 10 mins away to pick up someone. i understand its a share ride but if he has to go back to where you have been is not fair",5.42.0,2019-05-07T11:31:27Z,2
A Google user,"Aplikasi sudah bagus, promo menarik dan sebaiknya lebih banyak lagi promo lainnya. Driver juga lebih baik dari sebelumnya. Sudah ada pilihan tips untuk driver, jadi tidak perlu keluarin cash receh. Terima kasih grab.",5.164.0,2021-08-26T05:45:13Z,5
A Google user,Katanya promo kok kena 50 ribu,,2015-09-11T22:54:20Z,3
A Google user,I can't log in to my account,,2018-06-30T04:29:32Z,1
A Google user,Convenient and more importantly you know what you are paying when you get in vehicle,5.74.1,2019-12-10T06:10:08Z,5
A Google user,Very useful for Travelling in Vietnam. Hassle free booking app. Good to have the app.,5.79.0,2020-01-12T05:54:17Z,5
A Google user,I like grab,5.08.0,2018-11-20T07:22:01Z,5
A Google user,Relaxing nice service,4.42.0,2018-02-08T21:51:53Z,5
A Google user,Why i cannot access in any orders??,5.89.0,2020-08-22T12:57:00Z,1
A Google user,good & convinient services..,5.37.1,2019-07-15T08:32:33Z,5
A Google user,Semua favorit app,5.54.2,2019-07-26T20:59:24Z,5
A Google user,thank grap,5.54.0,2019-07-18T15:18:09Z,5
A Google user,Best service i got everyday!,,2016-05-04T05:33:23Z,5
A Google user,"Like uber, but crappier. Also I get notifications on my phone despite having selected not to receive notifications, so now I'm just blocking the thing entirely",5.17.1,2018-11-09T19:43:02Z,1
A Google user,So far it has been a great experience,5.58.1,2019-11-30T15:23:00Z,5
A Google user,Becoming inflated with higher price,,2017-09-10T05:39:19Z,2
A Google user,so far was alwsys good.,5.49.0,2019-06-22T03:54:33Z,4
A Google user,Customer service never reply my problem already one week,5.183.0,2022-01-10T12:12:19Z,1
A Google user,Much better interface. I hope I can ride the special holiday cars,4.16.1,2016-12-22T03:46:13Z,4
A Google user,Very covenient,4.44.1,2018-02-13T08:42:13Z,5
A Google user,Great UI and lots of options for this app. But I don't understand why you are limiting me to cash in my account. Instead of cashless I am force to pay in cash. I missed all the points and rewards too.,4.36.2,2021-10-13T09:35:42Z,2
A Google user,"banyak promo makanannya. kemana"" juga murah",5.49.0,2019-07-04T15:23:21Z,5
A Google user,"Truly the worst app ever. I have a problem regarding payment and I have called them many times just to inform me that the issue will take 3-5 days to get fixed. In fact, this issue happened so many times over the last three months. And in the last two weeks my card works on the app for one day and then stops working for the rest of the week. Keep away from this app and install any other apps.",,2022-03-17T13:18:13Z,1
A Google user,"It is okay but expensive, Another apps are cheaper or affordable such as MAXIM and MYCAR",5.101.0,2020-07-02T19:59:34Z,4
A Google user,"App says I need to update it to the latest patch in order to use my wallet (i want to withdraw my money), but i've already updated it !!. I uninstall and try numerous times but the stupid app keeps telling me to update",5.72.0,2019-11-27T10:42:49Z,1
A Google user,Sangat membantu untuk anak kos dengan promo dan driver yang ramahnyaaa,4.19.1,2017-02-15T11:58:11Z,5
A Google user,Liked,5.53.0,2019-07-18T12:55:03Z,5
A Google user,"There are 6-8 drivers around me and no one respond to my book, wonder why. Is Zombie Apocalypse outbreaking?",4.8.0,2016-08-30T13:22:00Z,4
A Google user,Very nice app,5.177.300,2021-12-14T04:07:14Z,5
A Google user,"good aplication, and going improve",5.90.1,2020-06-04T02:15:17Z,5
A Google user,No advanced booking option,5.00.1,2018-07-12T06:41:25Z,1
A Google user,Location is not accurate and cannot be modified.,4.42.1,2017-12-22T14:32:04Z,1
A Google user,go fak ur girlfreind ass i cant log in it needs a google and i give it tells me u already singed in a social acaunt so i need to verify and the verifivation massage not yet comes idiot grab!!!!!,,2020-02-23T16:16:27Z,5
A Google user,I forgot to rate my driver due to some issues but can't put in my rating afterwards. Maybe should allow a window of say a few days?,4.40.1,2017-11-24T14:22:04Z,5
A Google user,Thilali,5.89.0,2021-01-20T12:22:25Z,5
A Google user,Hard to download..always failed to download,,2018-02-11T13:07:18Z,1
A Google user,"nice apps, easy to use, drivers are good",5.55.1,2019-08-06T03:53:58Z,5
A Google user,Its always hard to find a driver on this app and most of the time the driver or the map doesnt know where to go which causes a lotnof wasted time.... i booked a cab today which was just arrund the area...and it took him more than 15 mins to arrive...,4.49.1,2018-04-25T01:36:25Z,2
A Google user,"So first my order was not delivered for 2 hours and then the order status just changed to ""delivered"". Then, I'm trying to contact Grab and literally wait for 2 hours only. When grab finally replies me, they wait for 1 min and say that I'm not online and close the case. And now the chat option is offline. (I have screenshots proving everything). Terrible customer experience.",5.186.1,2022-02-10T15:08:53Z,1
A Google user,Awesome app transporting,,2020-01-15T03:39:41Z,5
A Google user,"Great app..give a suggest, add more menu for panic button to user..thxs",v4.0.4,2016-04-16T00:59:28Z,5
A Google user,They charged my Credit Card upon booking. This is rediculuous. When i called them they said it's preauthorisation charge. When i registered my credit card Grab had did pre-authorisation. Now i have to double check Credit Card in details every month to ensure no double charge. I experienced driver accepted my trip but then refused to pick up. They asked me to cancel instead. When I complained to Grab - Grab just silent about it. After follow up also no respond. Anyone can recomend other apps?,5.75.0,2019-12-14T11:04:30Z,1
A Google user,Sgt mudah digunakn kmna saja... Duit hg sgt lumayan...,,2020-01-02T04:57:35Z,5
A Google user,So far very good service,5.143.0,2021-04-04T07:20:43Z,5
A Google user,why the driver always late,,2018-10-10T09:59:48Z,3
A Google user,The fares is too much. The location i want to go is very near. Usually just cost me rm5.,,2019-09-06T09:58:59Z,5
A Google user,- kadang message ga bisa dibuka - posisi gps driver sering loncat2 dalam hitungan detik. yang terakhir parah banget drivernya muter berkilo2 meter dan setelah dekat lokasi drop off tiba2 driver menjauh lagi muter2 ga jelas... posisinya juga loncat2 tiba2 di sana.. tiba2 lagi di sini.. tiba2 di mana. - sering tiba2 hang & harus close/refresh. fixit.,5.209.0,2022-07-12T06:30:17Z,4
A Google user,Overall good except the apps sometimes lag,4.36.1,2017-09-25T14:34:23Z,4
A Google user,"Mohon kpd aplikator, agar bersosialisasi ke sekolah2, terutama tingkat menengah pertama dan atas, agar para muridnya yg menggunakan jasa transportasi online roda 2, Ojek Online, supaya mau/bersedia menggunakan helmet/helm. Demi keamanan dan keselamatan bersama. Khususnya para murid perempuan. Ongkos nggak seberapa, tp driver nanggung akibat atas pelanggaran berlalu lintas.",,2020-02-19T15:20:07Z,1
A Google user,"Nawala ang load option, hindi ko na magamit ang remaining balance ko, tried to uninstall and install it again but nothing happened",,2019-04-05T13:23:00Z,2
A Google user,App won't let me finish downloading beyond 66%. I've already tried restarting my phone and wifi connection several times,5.73.1,2020-11-15T04:06:50Z,2
A Google user,It's OK,4.10.1,2016-10-21T10:48:51Z,4
A Google user,Very good driver,5.16.1,2019-10-17T07:17:40Z,5
A Google user,nad experience for grab express.,5.24.1,2019-03-16T06:25:03Z,1
A Google user,responsible driver even i book for wrong destination but he,5.266.0,2023-08-13T04:41:13Z,5
A Google user,"Drivers always ask me to cancel because of so many reasons. At the end of the day, my app gets suspended because i cancel too many drivers. They are the ones who ask to cancel, not me!",5.20.0,2018-11-30T02:04:13Z,1
A Google user,hi hello,5.239.0,2023-08-02T11:54:50Z,5
A Google user,Good stuff,5.59.0,2019-09-14T01:28:19Z,5
A Google user,"It's becoming more and more like the super-app Grab wants it to be, but there are still some bugs and stability issues to be resolved, especially the GrabPay card. But overall, all happy with it and use it regularly.",,2020-01-06T06:05:56Z,4
A Google user,Sangat bagus dan membantu saya sehari2nya.,4.8.0,2016-08-19T15:16:28Z,5
A Google user,Great!❤️,5.238.0,2023-02-14T03:08:08Z,5
A Google user,Best car service app on the planet,5.60.0,2019-09-17T04:10:51Z,5
A Google user,thanks for this app,,2017-03-19T12:37:08Z,4
A Google user,Useful app and easy to use.,5.132.0,2021-01-18T08:14:16Z,4
A Google user,Excellent Service,4.39.1,2017-11-25T02:53:22Z,5
A Google user,cant see my rides history ? why ?,,2019-03-26T11:08:42Z,5
A Google user,Good n fast arrivals,v2.8.1,2015-08-19T16:16:22Z,5
A Google user,enjoy,4.42.0,2017-12-24T05:41:31Z,5
A Google user,"I like this service but the application is too heavy for my phone. is it any way to make this app lighter but still cover the main service such as grabbike, grabcar and grabfood? thank you",5.40.1,2019-07-11T00:35:25Z,3
A Google user,Helpful application,5.110.0,2020-08-25T02:55:33Z,5
A Google user,But u need to keep trying especially during peak hours,v2.8.1,2015-07-24T09:42:03Z,5
A Google user,"Pelayanannya cpt, drivernya sopan, id nya lengkap",v3.6.7,2015-12-25T14:22:35Z,5
A Google user,Letak alamat rumah sekali pergi alamat lain. Tak bole nak dapat alamat rumah sendiri.. patut upgrade system maps tu,,2022-12-30T07:52:22Z,1
A Google user,"Its so wasting time to know and to follow those stupid setting,,,, dont pretend yourself professional and , yis company actually not really care they just want to suck your money when they are taking the over the market monopoly.",5.72.0,2019-11-27T12:08:04Z,1
A Google user,thank you very useful app,5.180.0,2021-12-21T05:21:36Z,5
A Google user,"Make your life easy, simply on the move.!",4.6.4,2016-08-07T02:40:46Z,5
A Google user,the gps isnt very accurate with information on exactly where the incoming driver is! and a description of the passenger as well a picture of the car is extremely helpful for people like me 75% blind! picture and description of passenger should be required!,5.47.1,2019-06-06T05:32:21Z,4
A Google user,Promo nya kadang lbh murah dr harga toko,5.83.0,2020-02-18T14:24:21Z,5
A Google user,please maintain the driver's poverty..,5.44.0,2019-05-20T10:20:32Z,5
A Google user,"Mohon untuk menambahkan keterangan pada saat pengiriman order grab food, apakah ketika driver menerima dobel order grab food ada notifikasi kita sebagai pelanggan berada diurutan pertama atau kedua. Driver terkadang tidak menginformasikan kepada pelanggan apabila dia menerima dober order grabfood",5.70.1,2019-11-14T16:14:40Z,2
A Google user,by,5.52.1,2019-08-13T16:22:24Z,5
A Google user,Is this grab or gcash?,5.150.0,2021-05-29T04:48:31Z,1
A Google user,jangan nyuri ide ya,v3.6.7,2019-10-03T11:00:38Z,1
A Google user,"I only pay CASH but Grab Credit promo automatically comes up onscreen everytime, keeps coming up. More often i have to bring the app several times before I can book successfully, so much time wasted!",5.01.0,2018-07-20T05:38:36Z,3
A Google user,keep up the smooth and nice trip.,5.277.0,2023-10-31T21:34:42Z,4
A Google user,"This apps is absolutely great, comes with minimalist modern design and also colaborated with OVO Payment.",5.71.0,2019-11-25T02:28:41Z,5
A Google user,The cabs are very kind. Grab a taxi helps a lot of people here in cebu.,v2.7.1,2015-03-17T06:33:18Z,5
A Google user,Great for Malaysia,4.40.1,2017-11-27T15:28:08Z,5
A Google user,Service grab sekarang tersangatlah teruk..susah gila nak dapat grab car,5.144.0,2021-04-11T08:53:07Z,1
A Google user,Mantaps,5.161.0,2021-08-07T11:00:04Z,5
A Google user,"Grab selalu memudahkan aktivitas saya sehari-hari, aplikasinya jg tdk ribet. Thanks Grab, sukses selalu",5.64.0,2019-10-06T05:17:31Z,5
A Google user,"Does not remember preferences. If you forgot to specifically press request for cutlery every single time, enjoy being stuck eating steak with your hands.",,2022-01-29T04:43:43Z,1
A Google user,myeah mabrap,5.24.1,2019-04-09T02:58:06Z,5
A Google user,Love it!,v2.8.1,2015-07-21T05:42:16Z,4
A Google user,Tried so many times and no activation code sent! Waste of my data and time.,v2.7.1,2015-03-17T10:15:31Z,1
A Google user,The app asks for verification after I filled up all the information about me gust don't download it,,2019-02-17T07:58:06Z,1
A Google user,Safe,5.115.0,2020-11-09T10:33:36Z,5
A Google user,Brilliant,5.49.0,2019-06-17T02:30:35Z,5
A Google user,Excellent!!!!!,5.150.0,2021-05-23T09:04:21Z,5
A Google user,Terimakasih aplikasi nya bagus dan cepatt,4.16.1,2017-01-24T06:10:57Z,5
A Google user,Convenience.,5.57.0,2019-08-21T12:47:46Z,5
A Google user,Error on reload Grabpay using Maybank Grab Credit card.Until now Grab unable to solve my issue,5.219.0,2022-09-21T06:57:37Z,1
A Google user,My address was switched again. This time I didn't catchit until the driver finished delivering my order to some random dude.,5.170.0,2021-10-18T08:03:38Z,1
A Google user,"Grab got some bugs at the Edit number of dishes screen. When I increase or reduce the numer of dishes, then I clicked Confirm button, can't back to the booking screen. Try to fix it, its not good for the normal bugs.",5.266.0,2023-08-22T14:57:58Z,4
A Google user,bagus sih tapi pernah nih 2 kali saya pesan tapi ga dateng dateng sudah dari pagi sampai malem ga dateng dateng itu gimana ya? ovo saya ga di balikin lagi aduh,5.55.1,2019-07-30T07:55:07Z,2
A Google user,Gfx. T of sad GFC by y,5.186.1,2022-02-16T22:50:28Z,5
A Google user,"Be more careful to use this app to make payment. It is not captured in the app. When you called the Help Centre, be prepared, you won't get any answer.",5.240.0,2023-02-11T17:20:06Z,1
A Google user,The most useful app,5.54.2,2019-12-13T11:51:57Z,5
A Google user,"Nice app, very helpful",5.233.2,2023-01-03T16:48:28Z,5
A Google user,Badd !!!,5.150.0,2021-05-25T10:19:01Z,1
A Google user,never fails,v2.6.3,2015-01-26T15:23:18Z,5
A Google user,Helpfull apps,4.8.0,2016-08-25T10:58:30Z,5
A Google user,"top up error , but other things very good",5.37.1,2019-03-30T00:04:58Z,5
A Google user,Jk,5.52.1,2019-07-08T04:51:19Z,5
A Google user,Top bahadur budha,,2018-11-24T04:25:38Z,5
A Google user,Nice time save,5.57.0,2019-08-21T04:12:39Z,5
A Google user,Nice☺️,5.57.0,2019-08-23T05:50:11Z,5
A Google user,Driver doesnt know how to use the promo codes.,4.9.0,2016-09-19T18:09:35Z,3
A Google user,very inconvenient,5.35.0,2019-03-09T03:26:10Z,5
A Google user,now a days is very bad this grab. high fair Always. and no one accept booking in 5 to 10 mnts aftr 12Am. i will try to use other app..,4.53.1,2018-06-19T16:46:00Z,1
A Google user,I cant find grab food in my application even if it is already updated i also tried to uninstall and install the app still there is no grab foo,5.64.0,2019-10-03T04:52:33Z,1
A Google user,promo nya banyakk..terimaa kasihh,5.45.1,2019-05-25T05:49:28Z,5
A Google user,Love it! I use a couple of time weekly.,5.158.0,2021-07-26T11:01:21Z,5
A Google user,Keeps stopping after reinstalling.,5.55.1,2019-08-10T02:21:18Z,1
A Google user,"Was trying to get a cab from comfort or smrt for 20 mins ang getting 'sorry, no taxi available msg'. Downloaded, registered and got a cab within 2 mins using this app",v2.5.9,2014-08-14T00:25:31Z,5
A Google user,Awesome for ride,5.58.1,2019-09-07T13:44:46Z,5
A Google user,"Would like to start using it, but when I try to add Google Pay as my payment option, it thinks for a bit then goes back to the payment selection menu.",5.21.0,2018-12-06T03:52:49Z,1
A Google user,nice apk,5.55.1,2019-07-30T15:22:01Z,5
A Google user,"There's a bug that kicks out registered/verified credit cards. Then when I try to re-key in, I have to pay the verification $1 fee as again. The amount is small but it's the principle. FIX YOUR SOFTWARE rather than make your customers pay for software sortfalls.",4.48.1,2018-04-15T13:16:40Z,2
A Google user,"Grabe yung tinaas ng fare sa Grabcar, then naeexpire yung points which is very nonsense. napakagreedy na ng grab unlike nung nagumpisa palang siya.",5.53.0,2019-07-11T12:26:10Z,3
A Google user,"On the rainy day, grab give me driver too far away and driver had to make 1 stop first before picking me up, I cancel 3th times, the 4th driver ask me to cancel with the same reason, then grab suspend me for 1 day.. I'm just WOW..",5.78.0,2020-01-14T03:44:47Z,2
A Google user,Sering Promo mantap,5.60.0,2019-09-15T13:36:55Z,5
A Google user,"It takes forever to book a ride now. I have been a loyal customer of Grab for the last 2years. Got my Platinum status since, now for the last 2 weeks I've noticed that no one's taking my booking anymore. Later I realize the last few drivers I had were whindging regarding the cancellation of their incentive. Grab may have been too greedy or not but surely this greatly impacts the commuting public and the partners.",4.53.1,2018-07-02T21:22:05Z,1
A Google user,Failed to add credit card,,2017-07-31T15:28:59Z,1
A Google user,"Re install thousand times, it keeps saying it can't access my location. So annoying",5.15.1,2018-10-26T01:27:44Z,1
A Google user,the app show 10 mins the driver will arrive but I wait more than 20mins,5.217.0,2022-09-08T02:00:21Z,2
A Google user,Good and easy,4.36.2,2017-10-03T12:41:08Z,5
A Google user,Just Nice!,,2023-04-25T01:42:12Z,5
A Google user,"nice apps,, helpful..",5.45.1,2019-05-21T09:30:26Z,5
A Google user,Grab Thailand discriminates against non Thai accounts. It doesn't allow foreigners to use the wallet system with a bank so that means cannot benefit from many promotions and discounts. Bad business,5.79.0,2020-01-15T05:14:12Z,1
A Google user,Nice app.,,2018-10-13T12:32:39Z,5
A Google user,My pick up point is not accurate. T grab driver went to the wrong place,4.26.0,2017-04-30T01:33:51Z,5
A Google user,Never receive a response for the lost item in the car..very bad for grab phillipine response,5.21.0,2018-12-03T01:16:01Z,1
A Google user,Superb n trusted,,2017-07-24T21:05:52Z,5
A Google user,"Aplikasi yang bikin akun gue hampir kena ban, padahal kesalahannya ada di Driver bukan di Customer nya. Kecewa pokoknya mending pake aplikasi yang sebelah lebih terjamin.",,2023-09-04T08:22:22Z,1
A Google user,Helpful to commuters like me especially when pressed for time to reach my destination.,5.68.0,2019-10-28T15:07:57Z,5
A Google user,"So far no probs, always update with new promotions.",4.16.1,2016-12-20T05:27:17Z,5
A Google user,Like This,,2019-10-18T17:41:31Z,5
A Google user,The best transportation app in my country!!!,5.89.0,2020-03-27T13:57:45Z,5
A Google user,"Jika hujan aplikasi ini ngawur, payah....pencarian driver tersekat aering bermasalah",5.238.0,2023-02-03T01:04:33Z,1
A Google user,"Good App, bad system. There was this one time when I was out of town and no one wanted to pick me up (it was quite far and expensive) BUT they also refused to cancel the order from their side, which resulted in a mexican standoff. I had to cancel my orders a number of times for one whole hour (i needed to cancel before i could find another driver) before I switched to my other app. After I got suspended, I have appealed so many times and have even contacted support but still suspended.",5.52.1,2019-07-10T01:31:46Z,1
A Google user,Nothing much,,2021-07-04T14:31:33Z,5
A Google user,❤️❤️❤️❤️,,2020-05-15T00:52:10Z,5
A Google user,Very slow sometimes.,5.34.0,2019-04-08T01:07:14Z,4
A Google user,Yup,5.164.0,2022-02-22T04:12:25Z,5
A Google user,Why would you need the permission to use camera app in cellphones? I don't think you'll need that,4.34.1,2017-09-19T16:43:25Z,1
A Google user,Easy to grab taxi and they come on time.,v2.6.3,2014-12-23T22:27:53Z,5
A Google user,Can't order 2 driver at once in one trip for 2 pp,4.16.1,2016-12-16T04:47:38Z,2
A Google user,grab has a good service,5.12.1,2018-10-01T05:11:04Z,5
A Google user,Prices is double compare to Uber!!!,4.41.0,2017-12-06T04:56:05Z,1
A Google user,Cannot scroll down to Grab Premium option with new update. Please fix bug asap,4.48.0,2018-04-06T11:55:02Z,1
A Google user,Thanks for all the hard work!!!,5.120.0,2020-11-18T06:32:49Z,5
A Google user,"those driver,they cancel our book,and we have to pay them for their fault, complain every time,still the same, nothing change....",5.87.0,2020-03-11T04:37:49Z,2
A Google user,bagus good,5.40.1,2019-06-08T06:07:59Z,5
A Google user,I use Grab eWallet for more purchases than others during this pandemic period. Grab is widely available at most merchants both online and offline. The tiered membership loyalty program is a better option than most other eWallets. Only shortfall in Grab is that it doesn't have a transaction history that can be sent to your email like TnG eWallet and other apps operated by banks. I think Grab should have this feature in future. It's really necessary to track your expenses or where the money goes.,5.171.0,2021-10-23T13:36:36Z,4
A Google user,perfect service,5.233.2,2023-01-05T14:29:11Z,5
A Google user,Great services. Easy to use and very clear in its presentation.,,2021-07-31T04:20:11Z,5
A Google user,Update terozzzz,5.113.1,2021-02-04T07:38:43Z,4
A Google user,I can't install it back on my phone,,2019-09-30T10:38:04Z,1
A Google user,More promo codes and free rides... And higher points system... Thank you...,5.51.0,2019-07-05T07:52:50Z,5
A Google user,Hahahahaha,5.134.0,2021-06-04T11:24:15Z,5
A Google user,"Works usually fine. Biggest issues: 1. Restaurants you already gave bad reviews to keep showing up in the ""order again"" menu. I have ordered horrendous food twice because of that. 2. Their service requires you to monitor their deliveries for them when they go wrong: instead of knowing what their employees are doing and where, they will ask you to find out and provide CCTV footage and all, asking non-sensical questions.",5.262.0,2023-07-21T12:46:47Z,3
A Google user,"All in one app for your daily needs with great reward points as an added bonus. Truly rewarding event challenges where you may gain extra reward points upon completion. IMHO, they could do with stackable vouchers upon check outs or orders.... that would be a great improvement.",5.173.0,2021-11-04T10:02:10Z,5
A Google user,All I get is unknown errors when trying to add payment info.,4.50.1,2018-05-15T09:11:05Z,1
A Google user,"Cannot pay by OVO... my OVO cash suddenly 0, even after I top up my OVO",5.86.0,2020-03-21T15:41:18Z,1
A Google user,works great. good rating and tipping. makes getting around in Jakarta very easy and safe,5.45.1,2019-05-21T03:40:58Z,5
A Google user,Pembayaran memakai cash kebanyakan tidak bisa. Sangat meresahkan,,2022-12-12T08:44:54Z,1
A Google user,why i can't use grab now?,5.28.0,2019-01-19T05:55:41Z,2
A Google user,good service and price,5.50.0,2019-06-28T04:48:37Z,5
A Google user,Driver Too easy to cancel order. Its not good for customers.,4.24.0,2017-03-31T01:50:57Z,3
A Google user,"Too much BUG especially in grab food, slow and constant error on chat, the worst thing is maps not accurate , I'm your loyal customer please fix it immediately for smoother experience, Thanks.",5.219.0,2022-09-20T12:25:10Z,1
A Google user,Good with promotion price,5.14.1,2018-10-13T23:39:27Z,4
A Google user,"Udah bagus fitur rating ditiap food merchants bisa diliat detailnya, trus sekarang malah balik lagi ke semula",5.141.0,2021-03-20T04:33:06Z,3
A Google user,Why is there endless update? Should do a lite version for those who only want to book a car.,,2019-09-26T18:16:28Z,1
A Google user,Thank you so much for helping the commuters..,4.19.1,2017-03-20T06:12:16Z,5
A Google user,"Sometime the app run failed leads to crash app. Also, it makes my cellphone be always heated :(",5.44.0,2019-05-21T04:42:49Z,4
A Google user,"Been twice I get driver whom still have another customer (status make 1 point to go). Please kindly fix the system, this is really frustrating since I need to wait for more. I've canceled them so please don't make me repeat it again.",5.180.0,2022-01-09T23:41:11Z,4
A Google user,thank you for the discount rewards. keep giving us discounts.,5.45.1,2019-05-22T12:19:20Z,5
A Google user,Very easy taxi,4.33.2,2017-09-13T14:03:35Z,5
A Google user,Convenient for me,4.33.1,2017-08-15T02:10:00Z,4
A Google user,LOCATION NOT FOUND. always got trouble on my device after updating. Cannot open properly on my device Lenovo A6000 Lolipop Android.,5.20.0,2019-08-06T12:04:26Z,1
A Google user,Hirap iinstall ng apps nyo hndi ngreresponse,,2018-12-03T04:27:16Z,1
A Google user,Real amazing experience,5.275.1,2023-10-27T03:19:44Z,5
A Google user,So awesome. Easy to use and booking is super fast! !!,v2.6.3,2015-02-19T06:27:24Z,5
A Google user,Fare was so HIGH; WERE TOO LATE Coz 3 passengers...NOT GOOD; NOT COMFORTABLE AND NOT COOL!,5.19.1,2018-11-21T23:01:38Z,3
A Google user,Love this app.. for drive and food.. very helpfull.. n easy to top up.,5.112.0,2020-12-26T10:45:57Z,5
A Google user,effective and fast,v2.6.3,2015-04-29T10:45:23Z,5
A Google user,Good software but must have service support to those who needs it. My issue of payment is still not resolved till now.,4.19.1,2017-02-12T21:46:01Z,5
A Google user,...when it works as expected. The persistence of suggesting GrabSedan when I ask for GrabTaxi (to the point where I am beginning to suspect that the disconnection from GrabTaxi is intentional) is a huge down side however.,4.8.0,2016-08-18T08:21:43Z,4
A Google user,It's very helpful during my outstation,5.270.1,2023-09-10T14:55:48Z,5
A Google user,Saft anytime,5.79.0,2020-03-15T22:38:48Z,4
A Google user,"Shouldn't have let uber sell its business to grab. Was a much better service. Grab app isnt great, and canis difficult to get fares in Manila. You def can't rely on it",5.04.0,2018-08-10T00:43:25Z,3
A Google user,"a fast, an easy and a convenient way to satisfy your hunger and cravings",5.53.0,2019-08-18T00:49:37Z,5
A Google user,Good and helpful app,5.64.0,2019-09-29T06:47:09Z,5
A Google user,Kenapa ya aplikasi grab suka lemot/ error dadakan? :(,5.51.0,2019-07-15T08:08:31Z,3
A Google user,Cool app.,5.231.0,2022-12-11T01:02:44Z,5
A Google user,Nể ông nào document cái app nửa vời này. UX 0 điểm. Không những không user friendly mà còn gây ức chế,5.150.0,2021-06-01T04:02:37Z,1
A Google user,all is good driver and nice car as well. love this grabcar apps,4.9.0,2016-09-02T02:38:07Z,5
A Google user,"sangat lemot, tidak bisa masuk aplikasi sangat mengecewakan",5.60.0,2019-09-28T01:47:25Z,1
A Google user,I'm not a techie person but I was able to use the app with ease. I can monitor the status of my order.,5.140.0,2021-03-16T04:14:35Z,5
A Google user,Heeh,4.19.1,2017-09-20T10:38:19Z,4
A Google user,good service keep it up,5.36.3,2019-03-23T09:27:12Z,5
A Google user,"Grab is much better now. They're keeping it simple rides, food delivery, and fast.",5.137.0,2021-02-26T12:59:03Z,4
A Google user,"NOT for foreigners Grab Food. Almost every menu is in Thai only with the same generic pictures added, making it impossible to order food unless you are fluent in Thai and can read Thai.",5.67.0,2019-10-21T18:02:34Z,1
A Google user,Your help desk is pathetic it takes no action on complaint. Please improve the our service...,5.12.1,2018-10-05T00:12:42Z,3
A Google user,Keep crashing. Uninstalled.,v2.6.2,2014-12-19T06:02:31Z,1
A Google user,terbaik....,5.41.0,2019-04-21T07:40:20Z,5
A Google user,"Driver sering minta cancel, terus sering dapet ancaman kalo bukan saya yg cancel, maka disuruh nunggu lama sementara driver gak dateng2 buat pick up. Bye grab. Saatnya uninstall.",5.121.0,2021-05-04T10:38:29Z,1
A Google user,Never once manage to book a cab in the morning. Give up.,5.16.1,2018-11-02T00:46:50Z,2
A Google user,Good to use. Wide variety of food to choose from,,2021-09-08T09:56:27Z,5
A Google user,Banyakin promo. Hehe,4.24.1,2017-04-06T06:30:10Z,5
A Google user,"Let grab driver have more benefit such like car maintenance allowance, insurance and fuel allowance when more than certain millage so that more will joint.",4.42.1,2018-01-11T11:37:14Z,5
A Google user,"Masaya ako dahil may grab, feeling ko lagi aking safe tuwing aalis at uuwi sa bahay. Pero sana dito sa pampanga may choices din kami kung ilang seater ang gusto naming sakyan. Saka diba Pampanga probinsya? Mga sahod ng tao dito provincial rate pero ang taas ng minimum rate nyo. Sa manila 80pesos lang pero dito sa pampanga 120 pesos? Bakit? Dahil ba maraming foreigners dito? Eh paano naman kaming mga pinoy? * Ang tagal bago makapag book ng grab dito sa pampanga minsan inaabot ng 20 to 30mins",5.41.0,2019-05-01T11:57:23Z,4
A Google user,Needed apps if u r in metro city like manila,v3.5.0,2015-11-24T19:55:05Z,5
A Google user,"Please allow us to see driver position on map when we order grabfood even its still in progress state (before driver delivering food). We cant exactly know the driver position and we dont know where driver heading to, sometimes its take longer than 40 minutes until driver pick up the food and change the status to delivering the food, lol",5.230.0,2022-12-03T11:47:36Z,1
A Google user,Complicated apps to be.,5.59.0,2019-10-10T11:10:43Z,1
A Google user,"WHY ARE YOU CHARGING MY CARD FOR FAILED BOOKINGS?! IT DOESN'T HELP THAT I NEVER GOT TO BOOK AT ALL AFTER HOURS OF WAITING, YOU HAVE THE AUDACITY TO CHARGE ME?! YOU ARE THIEVES!!! YOU SHOULD BE CHARGED CRIMINALLY!!! I DARE YOU TO DELETE THIS REVIEW AND I'LL PERSONALLY FILE A CASE!!!",5.180.0,2021-12-20T23:46:44Z,1
A Google user,superb apps!,5.137.0,2021-03-22T04:43:52Z,5
A Google user,Card not accepting. I have four cards!,4.17.0,2017-01-10T17:38:55Z,1
A Google user,Drivernya harus didanai internet / offline maps. Masa Driver Grab matiin data pas nerima order terus ga liat map nyasar dan minta cancel. Tolonglah ini sudah sering terjadi pada saya 3x lebih. Terlambat Sekolah terus gara-gara hal ini.,5.54.2,2019-12-09T11:21:08Z,4
A Google user,so convenient..and fast delivery too..just avoid peak hour orders and you'll be a smiling hungry ghost!!,5.58.1,2019-09-22T09:15:09Z,5
A Google user,Sering minta update,5.114.0,2020-12-10T06:38:57Z,4
A Google user,Takes forever to update to.the super app,5.203.0,2022-06-07T05:41:26Z,1
A Google user,"sepertinya grab memang ga mau ada cs untuk tangani keluhan. layanan pelanggan tidak ada, tidak bisa via chat atau apapun ke pihak grab, driver hanya bisa dihub via telp, merchant ga bs dihubungi sama sekali. saya kecewa sekali",5.209.0,2022-07-31T08:21:49Z,1
A Google user,Grabpay frequently deactivated causing inconvenience,5.54.2,2019-07-22T21:29:48Z,1
A Google user,RIDICULOUS PRICE during rush hour. Taxis much cheaper. Same location.,5.66.1,2019-12-15T13:10:21Z,1
A Google user,So far so good..,5.132.0,2021-01-23T13:48:06Z,3
A Google user,Iok,5.90.1,2020-03-28T17:17:28Z,4
A Google user,booking time too long and the fare increases after not being able to find rides,4.42.1,2017-12-31T09:52:38Z,1
A Google user,Please verify my account,5.198.0,2022-04-28T06:12:01Z,1
A Google user,It's very convenient.,4.43.1,2018-05-19T02:36:46Z,5
A Google user,It's very helpful and effort able,,2018-08-24T03:52:11Z,5
A Google user,Always force stop,5.01.0,2018-07-14T08:40:14Z,1
A Google user,No issue,,2019-03-14T13:27:34Z,5
A Google user,"Proses verify muka tidak bekerja, mohon diperbaiki karena sangat menghambat",5.147.0,2021-05-11T02:37:29Z,3
A Google user,its very good...,5.54.2,2019-07-22T03:18:05Z,5
A Google user,"I believe about 70% of your users are foreigners, wish it was compatible to recharge the e-wallet in more flexible ways. Like the 7-11 option then.",5.142.0,2021-04-02T00:58:15Z,1
A Google user,banyak banget promonya yg bikin anak pelajar ga kalang kabut sama argonya,4.8.0,2016-09-11T12:58:24Z,5
A Google user,"Pake selfie segala, wtf",5.133.0,2021-01-31T23:22:48Z,1
A Google user,"Makin ok, banyak promonya",,2019-06-26T03:24:09Z,5
A Google user,This app is very convenient. I just hope soon they'll close COD payments so that Grab riders won't be suffer from prank orders.,5.146.0,2021-04-26T06:28:06Z,5
A Google user,"its an good app and very helpful, but sometimes the drivers didn't know how to read the google maps, they always ask to where the passengers at even tho we're already put the RIGHT PICKED UP address! its so annoying",5.53.0,2019-07-12T20:29:14Z,4
A Google user,Satisfaction,4.26.0,2017-05-07T03:37:49Z,5
A Google user,good trasportation,5.34.0,2019-03-01T21:54:50Z,5
A Google user,no cash delivery,5.250.1,2023-04-23T01:18:34Z,4
A Google user,elizabeth ann,,2016-12-07T09:52:05Z,3
A Google user,"After upgrade, always finding driver :(",4.26.0,2017-04-27T09:21:10Z,2
A Google user,Top full,5.65.0,2020-03-24T11:27:39Z,5
A Google user,delete the app fired ur app developer lot of issue cant rigesterd cant sign in,4.49.1,2018-04-28T12:33:05Z,1
A Google user,Too many promo notifications and no option to disable them. Spams my notification shade,4.51.1,2018-05-20T03:05:45Z,2
A Google user,2 thumbs up!,v2.8.1,2015-07-23T11:57:16Z,5
A Google user,Aplikasinya susah digunakan harganya tidak terjangkau dan drivernya tidak ramah sampai saya di sms diblacklist dibawa keranah hukum pakai nomor yg tidak terdaftar!! Dan driver cancel tanpa konfirmasi padahal sudah ditunggu 20 menitan!!! Tidak efisian aplikasi online terburuk!,4.12.0,2016-10-21T03:31:52Z,1
A Google user,"Babi niih aplikasi, anjing aborsi,ngentot kagak kaya gojek selalu on time, ngentot kontol",,2015-09-05T07:09:08Z,1
A Google user,because because because because because,,2023-09-02T21:00:29Z,5
A Google user,Jelek,4.27.1,2017-05-11T14:22:44Z,1
A Google user,Very convinient! Me and my husband like it. Whoever made this app deserves a big thumbs up Can we use Grab out of the country?,5.44.0,2019-06-06T09:34:31Z,5
A Google user,Grab is the WORST SERVICE I have ever used. When attempting to book rides it charges my card even before the driver accepted my booking,5.16.1,2018-10-31T01:01:32Z,1
A Google user,Stop bugging me to review your app.,5.64.0,2019-09-30T08:28:27Z,4
A Google user,30 seconds code is dumb . By the time the code is received the time is already over .,,2022-08-09T18:45:24Z,1
A Google user,Literally saves my family from hunger,5.170.0,2021-10-19T00:02:56Z,5
A Google user,High recomendation apps,5.223.2,2022-10-19T04:19:56Z,5
A Google user,very hard to find food delivery drivers now a day,5.241.0,2023-02-23T17:12:52Z,3
A Google user,Sibv,5.59.0,2019-11-14T11:27:23Z,2
A Google user,"The app is so laggy and buggy, so unresponsive. The old version is so much better than the current one. I hope they fixed it soon bcz it's extremely annoying",,2022-06-15T08:57:12Z,1
A Google user,constantly getting orders wrong. I know its restaurants fault but grab should be held responsible as well.,5.115.0,2020-09-25T06:19:25Z,1
A Google user,Best app out there,5.70.1,2019-11-14T08:23:42Z,5
A Google user,more helpfully,5.44.0,2019-05-18T02:49:57Z,5
A Google user,Akun saya disuspend..padahal awal udah kasih bintang 5..karena akun saya disuspend..saya turunin..saya juga sudah mengajukan surat banding..klo sudah dpat klarifikasi yg memuaskan akan sya ubah lagi bintangnya..,4.46.6,2018-08-26T03:46:51Z,5
A Google user,Masa akunku di blokir...Padahal drivernya yang curang ga jemput malah selesaikan transaksi.Fix Un Install ... Emang saya berbuat curang...justru pengemudi anda itu yang banyak berbuat licik dan tidak sopan.Dengan di blokirnya akun saya emang saya ga bisa bepergian.Saya masih bisa naik ojek online lain kok!!!!Sangat tidak profesional!!!Mengecewakan!!!Padahal setiap hari saya pakai ANDA!!Anda malah BLOKIR saya!!!!,5.37.1,2019-03-31T13:39:04Z,1
A Google user,i cant change phone number. should have alternative phone number when we are at overseas.,5.43.0,2019-05-03T04:59:21Z,1
A Google user,This company keeps on suspending my account even though I did not violate anything under it's T&C's. Now I'm already fed up and I just want to escalate this issue. This is not how to treat legit customers! Well I no longer want to use this stupid app but I need them to refund my GrabPay credits and delete all my credit card details in my account. I think I'll start with BSP as I have funds in my GrabPay account that I'm no longer able to use since Grab suspended my account.,5.134.0,2021-03-08T21:54:55Z,1
A Google user,Nice.,,2017-05-28T03:31:54Z,4
A Google user,So fast delivery,5.220.0,2022-09-30T06:48:20Z,5
A Google user,so far smooth transaction with the used of app,5.258.0,2023-06-22T10:32:45Z,4
A Google user,"I am staying at condo and having problem because i have enter my full address each time i order grab food. Please allow a user to save full address in the app, not just the condo name. itls very troublesome.",,2019-06-12T08:50:56Z,3
A Google user,I love using grab when i got a nice driver,4.21.1,2017-03-13T09:20:49Z,5
A Google user,Dispute process for GrabFood is way too long to close plus it's really hard to get in touch with their customer service,5.147.0,2021-05-11T13:11:52Z,3
A Google user,"I was unable to login. The app automatically tries to create a new account and tells me there's an account with my email already but there isn't an option to login without creating a new account. I ended up using a new phone number to make a new account. But with the new account, I can't add my credit card or PayPal. This app is completely useless!",5.231.0,2022-12-14T14:45:04Z,1
A Google user,"no straw, I ordered buko pie which also stated on the receipt but they give us mango pie instead.",5.214.0,2022-08-18T05:15:39Z,5
A Google user,a lot of subsidy after i use Grab Pay.,5.52.1,2019-07-10T04:22:39Z,5
A Google user,its great service,4.13.1,2016-10-31T01:22:44Z,5
A Google user,"kalau mau d jemput, harus ke titik hijau, padahal agak jauh dr titik hijau. tulisannya sih d jemput tp harus ketitik sama aja dong. saya mau dijemput d dalam gang aja ga bisa",5.55.1,2019-08-02T00:56:12Z,1
A Google user,Definitely makes my life easier! Love it!!!,4.18.0,2017-01-31T05:32:03Z,5
A Google user,Ul,,2017-04-07T09:43:20Z,5
A Google user,fast driver app,v3.6.7,2018-01-20T15:56:58Z,5
A Google user,The easy one you can get..,v3.6.8,2016-03-16T12:02:06Z,4
A Google user,A very good service.. Keep it up,4.45.0,2018-02-23T08:56:01Z,5
A Google user,Fungsinya OVO di grab food apa? Pliss dong bisa pake buat grab food,4.53.1,2018-06-24T04:23:46Z,3
A Google user,Pointer on map always deviates from the point customer posit.,4.37.0,2017-10-29T05:18:33Z,3
A Google user,guud,5.44.0,2019-05-24T06:46:16Z,5
A Google user,You must try it,v3.6.7,2015-12-27T14:01:23Z,5
A Google user,I ade order grab food...but the driver x baca my detailed address and instruction and he send to wrong address...sebelum ni I order to different person sampai saja the order to my house...today was my worst day....I call the help centre also they cant do anything about this...and ask me to go fetch my food at the wrong house myself...what the heck weh! Apa guna function delivery kalau aku nak kena ambil dekat rumah yang ko salah hantar tu? X berguna la apps ni...help centre pun x membantu...,,2020-07-27T05:07:31Z,1
A Google user,Grab Taxi okeh bgt dh..,v2.7.3,2015-06-23T12:31:40Z,5
A Google user,Mahal banget. Ga bisa pake credit card error mulu.,5.44.0,2019-05-19T14:32:08Z,5
A Google user,Get more drivers in malaysia in the morning ffs,5.20.0,2018-11-24T23:51:49Z,1
A Google user,Simple and fast respon,4.32.1,2017-08-10T02:17:46Z,5
A Google user,Hebat,,2018-03-01T12:33:55Z,5
A Google user,Hardworking,5.107.0,2020-08-01T15:04:54Z,5
A Google user,"easy to order,good drivers.",5.177.300,2021-12-10T05:04:17Z,5
A Google user,"The ui/ux is not great. Always causing people to press something. Like redeeming points, no confirmation, just immediately redeem. The cs also takes a long time to get back to you or the final reply also can't help you due to terms and conditions.",5.128.2,2021-01-04T15:49:31Z,3
A Google user,"Good Job, very helpful. Nice!",v2.8.1,2015-08-01T00:55:00Z,5
A Google user,really good,5.52.1,2019-07-12T03:09:17Z,5
A Google user,gk jelas. mesan grab bike. yg muncul grab car,5.143.0,2021-07-09T10:06:51Z,4
A Google user,thân thiện nhiệt tình,5.208.0,2022-07-02T09:54:38Z,5
A Google user,so much helpfull for me thax so much grab,5.44.0,2019-05-25T07:43:57Z,5
A Google user,open,5.75.0,2019-12-23T10:40:17Z,5
A Google user,"Kenape asik sever down pastu slow n xbole detect location, application lain ok je...sgt mengecewakan..pasni beramai2 la tukar yg lain",4.51.1,2018-09-22T12:05:46Z,1
A Google user,love this app.. tapi jgn err mulu dong...,5.46.1,2019-05-27T07:15:36Z,5
A Google user,"Good app, best promo. but somehow, i ordering grabfood with wrong delivering location.",5.41.0,2019-04-21T03:20:59Z,2
A Google user,Josss,4.9.0,2016-09-15T10:49:31Z,5
A Google user,"App grab senang jer nak review vendor, nak rating rider la bila berlaku silap.. siap customer pun boleh rating bila ada cust dr neraka... Tapi x pernah lagi grab nie bagi rating untuk app tu sendiri.. Nak judge orang kemain lg.. tapi diri sendiri tak nak kena rating.. nah ak bagi ko Dh la location asyik ralat salah drpd app sendiri... Nak guna habis semua permision kena bg mcm nak hack tel pun ada..",,2022-12-11T08:52:58Z,1
A Google user,Grab bila buat tunggu punya lama2 tup2 driver cancel pernah 2kali driver cancel waktu malam 1/2jam menunggu Dr service hantar brang ok..,5.172.0,2021-12-28T06:32:26Z,3
A Google user,Good app helpful and more user-friendly.,4.35.1,2017-09-12T15:07:43Z,5
A Google user,best of the best app,,2019-10-07T14:43:56Z,5
A Google user,"This app has a chicken and the egg problem, I recently landed in Singapore and used the temporary SIM from Singtel, when I activated and tried using the new number it does not allow me to edit the second factor gmail or fb I'd. Looks like somebody before me used the same number and associated gmail and fb with it and now I can't do much and can't use grab.",,2018-10-20T04:42:30Z,2
A Google user,x blh nak log in . asyk slh kod je . hanat .,,2018-04-03T12:54:10Z,1
A Google user,Good for foreigners,5.59.0,2019-09-10T04:10:13Z,5
A Google user,"slow customer support, so many app bugs, driver-centric",5.24.1,2019-02-08T10:30:29Z,1
A Google user,Good excellent,5.03.1,2018-12-01T11:36:06Z,5
A Google user,Great great app,5.141.0,2021-03-31T04:35:50Z,5
A Google user,Good apps. Easy to use,5.86.0,2020-02-29T15:23:58Z,5
A Google user,"Force to top up very large amount for minimum amount, the gps is very bad. Couldn't even find mybhouse address. For food delivery foodpanda is way better. I seem to not be able to pay by online banking. If someone making small orders and doesn't have cash in hand. There will ne big problem. Food panda is better for food delivery",5.134.0,2021-03-02T05:46:59Z,1
A Google user,the best..!,5.52.1,2019-07-13T05:14:52Z,5
A Google user,Lousy,v3.3.1,2015-11-05T19:38:02Z,1
A Google user,"First time login, stuck in the page with Facebook linked and verify through email....",,2020-01-31T13:52:57Z,1
A Google user,Bantu lah saya,,2021-11-09T09:55:45Z,5
A Google user,"haritu aku dh cancel plan tu, ttibe dia gi active balik phtu tolak balance card aku mcm pape la",,2023-08-08T17:44:36Z,1
A Google user,Grab car is dead hindi na maka pg book... Walang tumanggap na driver almost 3hrs nako trying pero wala parin,5.199.0,2022-04-29T07:49:42Z,1
A Google user,LAGGY ASF,5.232.0,2022-12-19T21:04:05Z,1
A Google user,Been using this app for 2 years mostly for Grabcar & Grabfood. So far I haven't encountered any problems while using it. User friendly and does what it should.,5.65.0,2019-10-11T08:40:59Z,5
A Google user,Gooddd,5.80.1,2020-06-03T11:12:41Z,5
A Google user,Convenient & economical. Very useful & practical. Helps not only the passengers but drivers as well,v2.7.1,2015-04-19T05:13:30Z,5
A Google user,outstanding,4.46.6,2019-07-01T09:08:13Z,5
A Google user,This app helps me so much to go anywhere I wanted to. Thanks,5.104.0,2020-07-10T05:53:38Z,5
A Google user,"Grab is like a minor upgrade from the infamous disastrous taxi services we have here in KL. Unlike Uber, its can be very challenging to find a driver during peak hours or odd hours of the day, leaving you stranded and staring at your with ""unable to find you a driver"" printed across your screen.",5.40.1,2019-04-17T07:28:08Z,1
A Google user,couldn't receive verification code,5.57.0,2019-08-16T20:15:33Z,1
A Google user,ន ប បច្ចេកវិទ្យាអេក្រង់និងប្រពន្ធ័បញ្ជាមេកានិច កប៉ូឧកទិចអុិនត្រយ,,2019-05-11T04:52:04Z,5
A Google user,Doesn't let me register with my phone number. An error has occurred.,5.189.0,2022-02-22T21:41:07Z,1
A Google user,"This app is too difficult to rate drivers. The driver suddenly cancelled by message. She didn't cancel by app. I want to rate her, but it is too difficult to send mesaage to support.",5.07.1,2018-09-01T05:02:43Z,1
A Google user,Sangat membantu di saat butuh waktu cepat..,5.67.0,2019-10-23T13:44:43Z,5
A Google user,Soo good,4.6.2,2016-06-30T12:08:20Z,5
A Google user,grab akhir2 ini susah promo bike nya :(,5.57.0,2019-08-18T08:52:03Z,4
A Google user,Driver should be active their number phone,,2017-04-10T23:38:49Z,3
A Google user,i bought food for rm27 and got item with only rm12++ they give wrong items n no refund when i already report it . such a scam,5.206.0,2022-06-23T07:35:26Z,1
A Google user,It is very convenient especially if you're in a hurry and have lots of stuffs to carry. I also loved that you always have great promo deals for us usual commuters.,4.14.1,2016-12-08T10:57:01Z,5
A Google user,good job !!,,2019-09-03T05:11:01Z,5
A Google user,Grab l like,,2020-11-12T04:40:22Z,5
A Google user,Suke,4.43.1,2018-02-04T18:06:19Z,5
A Google user,really really helpfull,5.36.3,2019-03-29T09:33:06Z,5
A Google user,"Cannot download new update, why? Asked to download to proceed but not honouring integrity ?",4.19.1,2017-02-27T08:57:15Z,3
A Google user,"Kalo log out, kartu kredit yg udah di daftarin suka ilang terus. Jadi harus masukin. Bisa ga di perbaiki?",4.45.0,2018-02-23T01:25:03Z,3
A Google user,"Couldn't find my exact address. And couldn't even type manually. The thing is. One trick I found out to get my saved add is to uninstall and reinstall the app. But once I close the app. Still cannot detect add. I have to reinstall over and over if I wanna get my address right. Always detect my neighbour's add only. Yes, it's very inconvenient.",5.156.0,2021-07-06T05:53:37Z,1
A Google user,"Tolong perbaiki grabfoodnya, sering error di hp saya makasih:)",4.50.1,2018-05-14T11:03:31Z,3
A Google user,Great app. Quick. Easy. Good prices.,5.67.0,2019-10-24T07:50:49Z,5
A Google user,Gudjob ging,,2019-10-12T07:21:15Z,5
A Google user,The latest platform is super slow and horrible at locating my destinations.,5.18.2,2018-11-16T05:16:53Z,1
A Google user,very good servis...,5.57.0,2019-08-20T02:20:25Z,5
A Google user,Easy to use and provide a good variety of services,5.84.1,2020-02-18T06:31:03Z,4
A Google user,Why your rider never reach location and put arrival then simply slow down the car or pretending not to find the passenger and charge the late charges.why this tricky things to earn our money..,,2022-08-28T17:06:06Z,1
A Google user,Quite informative,5.54.2,2019-09-29T03:02:08Z,3
A Google user,"Mantab... Sering pakai grab food, sering ada discount",5.136.0,2021-02-22T13:10:34Z,5
A Google user,"không đánh ghi chú cho lái xe được, lỗi hay gì?",4.37.0,2019-08-08T08:32:48Z,1
A Google user,sometimes I don't find the food that I want on your Grab Food menu,5.54.2,2019-07-28T05:32:32Z,4
A Google user,"Great app, you really need it when traveling to Indonesia and I recommend using it.",5.208.0,2022-07-08T15:51:26Z,4
A Google user,Tidak bisa di huawei p40pro,5.103.0,2020-07-01T10:25:50Z,1
A Google user,Grab app is ok until i open grabfood. Pictures not download. I have no issues with my internet also i already updated with latest version. Please help!!!,5.117.0,2020-10-07T02:09:05Z,1
A Google user,Convenient and very good app,5.152.0,2021-06-10T03:32:59Z,5
A Google user,Too expensive now .. ripping people out !,5.202.0,2022-05-25T09:52:15Z,1
A Google user,In time as per requirement.,5.59.0,2020-01-23T17:56:55Z,5
A Google user,"grab very easy to use,but sometime the pay grab double price not same price if dont have driver the price will double pay..",5.74.1,2019-12-09T01:26:01Z,2
A Google user,"Very good customer service and driver, well done Grab...love to ride be Grab my first choice",4.17.0,2016-12-29T01:59:15Z,5
A Google user,The bug is making me poor,4.45.1,2018-02-28T11:28:16Z,1
A Google user,This apps is very helpful,,2017-05-16T01:02:09Z,5
A Google user,stupid..too hard for register.. verify by email..then stuck..stupid apss,5.46.1,2019-06-03T06:02:57Z,1
A Google user,May i know how to cancel the booking? thanks!,v3.2.4,2015-09-25T09:14:19Z,5
A Google user,enjoy with this apps..,5.45.1,2019-08-09T02:54:16Z,5
A Google user,Best app to get taxi for sure,v2.7.1,2015-04-16T02:21:23Z,5
A Google user,"Great app, very helpful.",4.25.0,2017-04-15T20:02:02Z,4
A Google user,Very fast pickup and drop off at the same time price very cheap and best,5.88.0,2020-03-24T16:54:47Z,5
A Google user,very good apps & service,4.18.0,2017-01-31T07:01:49Z,5
A Google user,"Gps accuracy needs to be fixed, as it occurs oftentimes",5.59.0,2019-09-09T04:59:03Z,4
A Google user,"Update là đã được hỗ trợ nhận lại tiền trong credit, hỗ trợ nhanh. Có điều tính năng nên để trong mục đăng ký mocha để sử dụng được liền",5.16.1,2018-10-26T06:40:53Z,4
A Google user,good and excellent,5.115.0,2020-09-23T13:49:14Z,5
A Google user,Best ever than other....!!,,2016-09-27T09:39:55Z,5
A Google user,gud service,5.65.0,2019-10-09T12:32:24Z,5
A Google user,Kenapa susah untuk buat akun ?? Dan saat mulai aplikasi yg terjadi hnya keluar dgn sendirinya dari aplikasi.,5.08.0,2018-09-08T04:15:06Z,2
A Google user,Dapet doble order 2 kali dan harus nunggu 1 jam lebih Buat nasi padang yang notabene 5 menit beres... 1 lagi. Jam buat ayam goreng yang paling persiapannya 15 menit...,5.86.0,2020-03-03T04:41:00Z,1
A Google user,Buy film tickey and check moca not available,5.231.0,2022-12-14T13:09:32Z,1
A Google user,Tak pasti ini apply,,2019-10-07T14:57:28Z,5
A Google user,I'm in Thailand but the app show my location in Indonesia,v3.3.0,2015-10-17T01:15:16Z,2
A Google user,fff,5.12.1,2019-02-21T04:15:02Z,5
A Google user,thanx u,5.263.0,2023-08-01T14:59:01Z,5
A Google user,"when I add my adress, correct place, but it displays wrong address name of my house and wrong address.",5.176.0,2021-11-27T07:24:38Z,2
A Google user,nice company.,5.07.1,2019-03-20T01:22:13Z,3
A Google user,grab is now the user-friendliest of them all. thank u for staying true.,5.133.0,2021-01-30T11:55:41Z,5
A Google user,"grab is getting more worse nowadays hard to get cars, waited too long, alot more expensive",5.68.0,2019-10-27T04:38:27Z,1
A Google user,Cepet bgt ordernya,4.36.2,2018-01-27T12:04:55Z,5
A Google user,Good good good,5.63.0,2019-09-25T11:30:22Z,5
A Google user,Very fast and efficient.Order was delivered fast.Driver was courteous.,5.65.0,2019-10-17T12:32:55Z,5
A Google user,Expensive and app always error.,4.32.1,2018-11-28T02:02:35Z,1
A Google user,Always use this app when I travel in the world,5.69.1,2019-11-16T10:06:32Z,5
A Google user,no feature to add stop or change destination. Uber was much better.,4.51.1,2018-05-13T15:44:09Z,2
A Google user,This app doesn't run on BlackBerry Z3 please do something I want to enjoy your ride!!!! !!! !!,4.33.2,2017-08-18T04:55:11Z,4
A Google user,line,5.164.0,2021-09-04T09:28:41Z,5
A Google user,"good driver, and kind to have shared his internet connection with me",5.232.0,2023-01-03T02:18:31Z,5
A Google user,I like this appalication,4.34.1,2017-08-26T12:14:25Z,5
A Google user,Problem with grabfood..failed to located my address..when i write down my address it says no service(food) available..,5.88.0,2020-03-17T08:15:36Z,2
A Google user,bagus aplikasinya. lebih bagus lagi diuninstall tapi. server down terus,,2018-12-29T10:59:04Z,1
A Google user,thank you for making my life easier! you help me save more money for food :DD,5.52.1,2019-07-10T08:46:56Z,5
A Google user,I've been trying to book for the past hour now. This sucks.,v3.2.3,2015-08-29T20:14:01Z,1
A Google user,On time and helpful.,,2023-08-09T23:31:47Z,5
A Google user,Changed my rating to 5 stars due to their prompt resolution to problems with their drivers,5.55.1,2019-08-10T04:36:07Z,5
A Google user,Great service most of the time by Grab drivers.,5.57.0,2019-08-15T01:33:51Z,5
A Google user,fast response,4.6.4,2016-08-06T02:02:17Z,5
A Google user,Banyak promo jd tiap hari pake grab,5.74.1,2019-12-10T23:51:07Z,5
A Google user,awesome...,5.43.0,2019-05-17T05:30:54Z,5
A Google user,"We platinum always get driver who can't drive us to our destination because their vehicle had a ""problem"". So we, customers, have to be the one who cancel the booking. Now after 1 cancel, we can't even book another ride saying ""the drivers are busy"". Everytime that happened, I have to use GO-JEK, and so will your another thousands of customers.",5.13.3,2018-10-14T08:26:35Z,1
A Google user,the good transporrtation ever,5.39.1,2019-04-10T03:33:46Z,5
A Google user,Very difficult to use application ask me to selfie but the caption camera cannot used,5.58.1,2019-10-30T07:09:38Z,1
A Google user,After June 30 I no longer receive promo notifications and this is so frustrating because I am a regular user of Grab,4.55.2,2018-07-06T01:40:17Z,4
A Google user,bagi je la balik minimum topup rm20 tu tanpa perlu link kan online banking. dah satu hal nak keluarkan kad bank pulak kalau nak topup rm20. bukan semua orang mampu nak topup rm50 sekaligus. bukan hari hari pun guna apps awak ni.,5.110.0,2020-09-11T06:28:07Z,1
A Google user,"I have update the apps and still have balance of rm36.50 for my grabpay, but unable to order for food, don't know why the app keep close by itself.. I want to uninstall it but thinking my grabpay balance",5.126.0,2020-12-12T09:15:13Z,1
A Google user,Tidak bisa log in,4.48.1,2018-04-08T03:21:09Z,5
A Google user,Where is the customer service?? Where do I have to go with to write complain when I want to do it privately? Not all of user can write complain when basically the user is forced to give five star rate right at the moment the driver is still there. I thought could send an email only found out it was rejected.,5.12.1,2018-10-07T12:14:24Z,1
A Google user,"Poor location matching. Inaccurate waiting time. TERRIBLE CONTACT FUNCTION. Calls cannot be made, msges cannot be sent through for clarification on top of poor location matching. How are we supposed to find each other?!",5.76.0,2020-03-31T00:09:34Z,4
A Google user,good n polite,5.47.1,2019-06-20T02:50:00Z,5
A Google user,"Bali, canguu, driver called asked how many people, then tried over the phone to get us to pay 4 times the rate on the app. Support from on the apps does not work. I am now using gojek, the local app",5.12.1,2018-10-05T09:57:03Z,1
A Google user,"The location finder is clunky, and worst of all it stays stuck looking for a taxi indefinitely.",,2014-12-13T19:53:31Z,1
A Google user,"this is one of feature which i dislike. For SAFETY concerns, please DO NOT disclose our phone no. to drivers.",v2.5.10,2014-09-27T23:40:59Z,2
A Google user,faster but sometimes yung mga driver ng cancelled nakakainia,,2019-03-21T07:39:10Z,5
A Google user,good aps,5.64.0,2019-10-03T01:38:02Z,5
A Google user,ok la...,5.49.0,2019-06-18T14:00:32Z,5
A Google user,easy to be used,5.33.0,2019-03-09T21:15:08Z,4
A Google user,My visa card that i saved before keep disappearing after logout and login. If any cost is deduct for activating it. Pls refund me.,4.42.1,2017-12-24T19:01:22Z,2
A Google user,I think is the app is good for me to get fast tranportation.,,2018-08-18T06:43:39Z,5
A Google user,Not bad just a lit bit problem only,5.03.2,2018-07-28T09:01:59Z,5
A Google user,Bit expensive for a short ride. From mplace condo just in front of camelot hotel going to eton centris will cost you P100 it is just 1km ride. Also how come they dont let you see what is the route how they come up with the rate? I mean there are roads that will shorten the travel time. If you can tell how you come up with the rate i will rate this as 5 star.,v2.8.1,2015-07-29T11:42:32Z,3
A Google user,What is the point of Grab having a complaints section if all they're going to do is send an automated email... This email then asks you if you want to complain. I would think that reporting a driver going the wrong way down a 1-way street would warrant an automatic escallation.,5.150.0,2021-05-30T15:53:57Z,1
A Google user,Download this app to my new device but cannot activate the apps,5.57.0,2019-08-20T04:55:26Z,5
A Google user,This is the app I use absolutely everyday.,,2019-06-11T13:08:05Z,5
A Google user,The app lags and gets stucked a lot messes with my bookings,5.211.0,2022-07-27T00:07:08Z,2
A Google user,"Apps paling bodoh yg pernah aq jumpa.. Vendor, rider semua kau cekik.. Yg naya, pengguna.. Babi",,2021-09-15T15:17:25Z,1
A Google user,Cebu codes please :(,v2.8.1,2015-07-16T18:46:48Z,5
A Google user,Nice apps helpful.,5.268.0,2023-09-10T11:24:44Z,5
A Google user,The apps is easy to use and every o travel with the grab i feel safe as alway....,4.55.2,2018-07-04T05:58:20Z,5
A Google user,Sangat membantu bila diperlukan,5.237.0,2023-01-28T04:55:42Z,5
A Google user,Smaison,,2016-10-10T15:26:58Z,4
A Google user,Automaticaly book for grab even i didn't open the app..grab driver call me out of knowhere..it already second time,,2018-07-21T05:56:47Z,1
A Google user,Save time and money.,5.52.1,2019-07-17T21:23:43Z,4
A Google user,Grabnya bagus,5.44.0,2019-05-20T10:27:05Z,5
A Google user,Very useful app but spoiled by a useless Help Centre. Would be better if you could permit the occasional quirky email question for topics not covered by your proforma question suggestions.,5.243.0,2023-03-10T07:03:12Z,3
A Google user,"I'm enjoying so much, even I have faced some technical problem but after I send email to them they fixed it and I'm enjoying the service so much.",4.12.0,2016-10-21T09:21:59Z,5
A Google user,Loved ot,4.11.1,2016-10-10T05:32:07Z,5
A Google user,"hard to book, high fare rate",5.54.2,2019-08-05T04:20:07Z,3
A Google user,thsveswaran,,2019-06-30T13:20:12Z,5
A Google user,cannot open my notifications !! been update still has the same problem.. has to go to email to check wats on promo not in the apps.. plz fix it! ty,4.10.1,2016-12-13T18:12:34Z,2
A Google user,very bad servicee,5.12.1,2018-10-05T10:47:36Z,1
A Google user,Terbaiq..,5.63.0,2019-10-21T01:12:38Z,5
A Google user,Improve more,5.14.1,2018-10-13T04:52:02Z,5
A Google user,Very convenient especially during this pandemic time.,5.135.0,2021-02-10T04:29:41Z,5
A Google user,mantap dan asyik,5.36.3,2019-03-24T02:12:10Z,5
A Google user,Sobrang cool saka malalaman mo kung magkano yung babayaran mo.,,2019-07-06T19:59:46Z,5
A Google user,excellent ride,5.53.0,2019-07-18T15:17:52Z,5
A Google user,Can't set up the app because the camera for ID is not working.,5.104.0,2020-07-16T01:59:17Z,1
A Google user,Very worst. I booked a grab and waited 15-30 minutes then the grab call me to cancel. But i see his route was running so far then inform,5.49.0,2019-06-18T13:49:33Z,5
A Google user,Maybe can add more optional for payment method. Such as touch n go e wallet,5.151.0,2021-06-02T06:25:32Z,5
A Google user,"I do not like the priority grab driver program in Indonesia. When i make reservation, many drivers are close to my area but the driver who gets my order is always very far away from my location. This is a waste of time just to wait the driver arrive at my location",4.46.6,2018-03-08T16:55:31Z,3
A Google user,Hard to use due to cash in .. cashless.. we are afraid to click something and waste money if wrong,,2021-09-13T18:37:24Z,5
A Google user,Suka banget deh sama aplikasi ini..,,2017-01-25T16:43:22Z,5
A Google user,Grab is great and very accessable,4.29.0,2017-11-11T02:26:52Z,5
A Google user,very good app and good service thinks Grab,5.39.1,2019-04-07T03:03:57Z,5
A Google user,very good service came so fast than we expected as always,5.208.0,2022-07-06T14:14:19Z,5
A Google user,"Friendly driver, safe journey",5.43.0,2019-05-06T21:33:40Z,4
A Google user,Big help to us. Lalo na ngaun may pandemic. Di na namin kailangan lumabas pa. Salamat,5.101.0,2020-08-12T02:19:33Z,5
A Google user,re-edit well grab now improved they services glad for that,5.45.1,2019-05-18T09:24:34Z,5
A Google user,I love u grab,5.190.0,2022-06-20T10:16:44Z,5
A Google user,Thing,,2018-04-18T01:08:22Z,5
A Google user,Great app for rides and food delivery. The rewards and promotions are very attractive to keep users active.,5.58.1,2019-08-30T06:54:40Z,5
A Google user,rs,5.208.0,2022-10-18T11:15:21Z,5
A Google user,Good one,5.96.0,2020-06-11T10:13:57Z,5
A Google user,such helpful and efficient service!! amazing!!,5.226.0,2022-11-09T14:44:09Z,5
A Google user,I had a driver who was very unprofessional and inconsiderate. He let me wait for half an hour because he was waiting for another rider. In the end i had no ride as he cancelled. Please don't allow drivers to let the passengers wait for a long time. Don't allow them to chooae who to accept and don't allow them to cancel. Please refer to my complaint. I submitted it through your app in support portion.,4.19.1,2017-04-03T19:41:55Z,1
A Google user,"habis update, aplikasi loading doang pas dibuka.",5.99.0,2021-02-09T11:47:07Z,3
A Google user,cukup,5.51.0,2019-07-11T11:33:13Z,4
A Google user,good service and fast..more promo must be better,5.123.1,2020-11-22T14:48:38Z,5
A Google user,why do i need to have a authentication before to cash in before its easy to cash in now i need to verify the 6 dig codes before i cash in..,5.211.0,2022-10-21T04:31:31Z,2
A Google user,Very helpfuly,,2021-01-05T13:21:23Z,5
A Google user,"I can't use promo anymore, although it noticed me that I had the promo",4.31.0,2017-07-18T13:35:08Z,4
A Google user,I love this game.,,2018-05-10T14:51:18Z,5
A Google user,Failed to update.tried to uninstall but now totally vannot install. No issue install other app,,2021-06-15T02:56:48Z,2
A Google user,"Can't open application even it has been reinstalled, updated",5.111.0,2020-08-27T13:35:42Z,1
A Google user,Sangat membantu untuk pergi ke mana mana.,4.45.1,2018-03-01T23:42:22Z,3
A Google user,Cool..,,2017-03-29T05:28:20Z,5
A Google user,"Just close your services, it's so bad! All your drivers are very choosy. Useless app!",5.201.0,2022-05-14T09:54:42Z,1
A Google user,Randomly started denying my card. Works fine on lineman and foodpanda,,2023-10-11T04:22:28Z,1
A Google user,can't login,,2018-04-07T10:30:30Z,1
A Google user,"Suka aplikasi nya, tapi driver nya udah 2x ga respon tunggu lama trus malah menjauh dari titik jemput. Aplikasi udh baik tp tinggal drivernya aja yg perlu lebih baik lg.",5.65.0,2019-10-10T10:14:12Z,5
A Google user,"sangat membantu baik waktu, biaya dan kecepatan pelayanan",5.42.0,2019-05-18T06:46:45Z,5
A Google user,Cheapest then normal texi,,2016-05-05T03:49:22Z,5
A Google user,Dapat ibalik ang option to call the rider thru cellphone dahil minsan may delays kapag data ang ginagamit,5.153.0,2021-06-19T13:27:22Z,1
A Google user,So expensive,5.75.0,2019-12-14T12:51:27Z,2
A Google user,ứng dụng tốt,5.45.1,2019-08-08T13:42:44Z,5
A Google user,The best app and drivers..,5.75.0,2019-12-31T10:34:31Z,5
A Google user,membantu sekali.tp beberapa kali chat error.,5.42.0,2019-05-02T04:34:01Z,4
A Google user,It's good..it's good... It's gggooooooooddd,5.107.0,2020-09-19T09:56:06Z,5
A Google user,"In my area, I can't pay grabfood with ovo. Pls add these methode payment to my area",5.18.2,2018-11-28T04:48:52Z,4
A Google user,"Mình vừa xóa app. Mình lỡ tay đặt nhầm món ăn. App không cho mình hủy đơn với lý do là quán yêu thích (công nhận thích ghê ^^), gọi lên tổng đài thì bấm nhầm vào kênh di chuyển nên không giải quyết được. Gọi lại thì không được. Bye Grab. Phí thì mắc hơn các app mà dịch vụ như này thì... Đặt giao hàng 4h, 6h sau tài xế vẫn chưa giao, phải tự gọi lên tổng đài hủy đơn. Tổng đài chỉ xin lỗi rất tiếc, chăm sóc khác hàng quá tệ, phí thì lại mắc nhất. Xóa app! Xài app khác thôi cho đỡ bực mình.",5.209.0,2022-07-16T10:26:41Z,1
A Google user,oke lah.............,5.84.1,2020-02-19T00:07:24Z,5
FL*************AN,"app is not working . unable to sign up got error message, first impression lasts...",,2020-04-30T00:00:01Z,1
A Google user,hassle free,5.186.1,2022-02-13T15:02:10Z,5
A Google user,Nice even sometime the rate is slightly higher but promo given is really helpful,5.80.0,2020-03-03T03:04:00Z,5
A Google user,kembaliin fitur lacak lokasi driver sebelum sampai restoran. waktu saya terbuang cuma nunggu driver gak respon chat dan mau cancel sendiri setelah saya bilang mau lapor. bukan masalah drivernya tapi sistemnya gak ngizinin cust buat cancel dan driver dikurangin poinnya kalo cancel order. kembaliin fitur atau ubah sistem poin driver.,5.180.0,2021-12-29T05:13:32Z,1
A Google user,too expensive deal,,2020-10-30T13:05:37Z,1
A Google user,Best super app,5.163.0,2021-08-23T08:01:19Z,5
A Google user,Very shocked that grab drivers are asking us to pay no show fees. Please take note I and my mum showed up on both occasions but they have no change when we asked them. We wanted to be sure but why do we still have to pay when it is no fault of ours. This is absurb,5.55.1,2019-08-19T05:28:50Z,2
A Google user,I think it's so good,,2018-11-10T11:56:05Z,5
A Google user,سهل ولا صعب,5.108.1,2020-08-04T07:39:07Z,5
A Google user,wow nice work,5.39.1,2019-05-30T05:25:50Z,5
A Google user,Sangat membantu utk aktivitas harian. Baik transportasi maupun order makanan. Banyakin reward transportasi yaaa :) Thank you Grab,5.59.0,2019-11-13T08:51:01Z,5
A Google user,"Akun saya disalahgunakan oleh org yg tidak dikenal, setelah lapor ke CS grab, solusinya kurang memuaskan",5.49.0,2019-06-22T09:36:32Z,4
A Google user,I like Grab,4.26.2,2017-06-14T10:17:39Z,5
A Google user,It's a really good app!!☺☺,4.15.0,2016-12-12T07:13:46Z,5
A Google user,Please state details about the promo amount.,v2.7.1,2015-03-11T10:05:20Z,3
A Google user,Grab Food needs much more improvement.Disappointed about the delays.Just tell us upfront that certain restaurants are busier so we can choose other restaurants than forcing us to hungrily wait for more than an hour (if we can't cancel the order). Hope you guys can fix this.,5.177.300,2021-12-07T13:10:30Z,3
A Google user,"ada yg x sama colour kreta ngan yg aku order , kata ungu pastu dtg warna lain??? dh lah order malam , kat bndr bnyak kreta lain , pening bos .",5.44.0,2019-06-03T13:00:39Z,1
A Google user,Ini kenapa ya? Setelah di update malah lemot sekali masuk nya. Hanya tampilan gambar grab aja gak masuk2 ke menu.. malah memeburuk sih,4.46.3,2018-03-06T01:01:09Z,2
A Google user,Please add language to choose,4.43.1,2018-02-07T10:02:22Z,4
A Google user,"Please paki extend yung delivery hnd ako maka order sa mismong bayan namin. PulongGubat, Balagtas ako nakatira sa balagtas bayan namin plaridel pa ako maka order my same store naman sa balagtas. Please fix this.",5.229.0,2022-11-29T16:05:00Z,3
A Google user,Error terus!!!,4.34.1,2017-08-26T09:32:48Z,1
A Google user,Promonya bagus,5.59.0,2019-09-08T07:05:43Z,5
A Google user,I cant login,4.1.1,2018-09-02T14:24:22Z,1
A Google user,"Harga di aplikasi & harga di resto beda jauh bgt. Lalu masih ada tambahan biaya macam2 lg jg, service charge lah, take away charge lah. Totalnya bisa nambah 20-25% dr harga yg tertera di aplikasi.",5.160.0,2021-08-08T04:49:06Z,2
A Google user,Easy to use and provide very good delivery service with so much variety to choose with.,5.247.0,2023-04-03T05:13:23Z,5
A Google user,"Please help, already 3 days i cant use the app. Always crash when open the menu",5.117.0,2020-10-06T10:08:48Z,4
A Google user,"Map laggy, map not accurate, cant change address, cant see time to location, cant stop notifications, cant cancel (then still make you pay). No wonder they need a monopoly market in SG to stay in business.",4.50.1,2018-05-17T08:01:15Z,1
A Google user,Grab = steal,5.172.0,2021-10-30T12:02:59Z,1
A Google user,It's an easy & helpful apps,5.53.0,2019-09-21T09:14:10Z,5
A Google user,slow,5.163.0,2021-08-25T11:56:19Z,1
A Google user,Mantab lae,4.19.1,2017-05-27T18:10:06Z,5
A Google user,The app ever,5.80.0,2020-03-09T04:57:06Z,5
A Google user,tolong di tambah restorannya untuk Grabfood yang buka 24jam... karena sedikit sekali restoran yg 24jam... overall kerennn,5.51.0,2019-07-12T01:56:40Z,4
A Google user,i cannot boook a driver and top up myself especially globe telecom users,5.204.0,2022-06-07T11:34:21Z,1
A Google user,Mantul,5.41.0,2019-07-28T08:48:12Z,5
A Google user,Tepat,,2020-08-25T06:59:32Z,5
A Google user,Par excellent service...!!!,5.18.2,2018-11-12T06:40:20Z,5
A Google user,"Pusat bantuan ribet dan lelet, mending bubarin aja dah. Gak guna.",5.265.0,2023-08-12T11:06:17Z,1
A Google user,Grab tdk pernah tau nasib driver bagaimana dijalan dan diberi perilaku apa oleh penumpang. Sudah banyak dirugikan atas kenakalan konsumen melalui pengaduan sepihak hingga driver di suspend permanen. PERUSAHAAN GATAU DIRI ORIENTASINYA CUMA DUIT!!!,,2018-01-17T13:18:29Z,1
A Google user,JANGAN PASANG LAYANAN PIHAK KETIGA KALAU TIDAK BISA MELAKUKAN HUBUNGAN KOMUNIKASI TERKAIT KENDALA ANTAR CLIENT DAN PIHAK KETIGA...,5.241.0,2023-02-26T07:16:43Z,1
A Google user,Horrible UX decision to ask for location permission just to launch the app. What if i just wanted to check past transaction? F U,5.52.1,2019-07-12T13:11:26Z,1
A Google user,Very good & polite,5.45.1,2019-05-23T09:20:11Z,5
A Google user,So far it has been an awesome experienced with you guys. Thank for the good service.,5.75.0,2019-12-18T14:41:11Z,5
A Google user,Perfect timing and clean car polite drivers,5.73.1,2019-12-08T14:53:43Z,5
A Google user,nice believe,5.49.0,2019-06-18T01:57:18Z,5
A Google user,Memudahkan pergerakan,5.111.0,2020-08-25T13:52:19Z,5
A Google user,"Saya sedikit kurang nyaman akhir2 ini naik grab. Karna sudah beberapa kali driver nya menghubungi saya setelah mengantar saya. Awalnya saya fikir salah kirim, ternyata ko berkali kali.. isi sms nya seperti ini ""Met bobo, night.. Met pagi, lagi apa kamu? Dsb"".. untuk pihak grab, mohon diberi peraturan kepada drivernya yaa untuk tidak menghubungi customer diluar ""pekerjaan"" mereka..",v3.8.2,2016-04-20T16:10:17Z,3
A Google user,nice and good apps,5.171.0,2021-10-24T14:02:39Z,5
A Google user,Feel safe with the emergency button..,,2018-08-15T22:44:53Z,5
A Google user,I think this good for me,,2018-01-01T14:09:41Z,5
A Google user,Good price and good service,,2020-01-18T21:56:39Z,5
A Google user,Nganung mamili man mug asa ihatud ang customer? Bwesit nnyo ug service oy!! Asa man na inyung pagka efficient?! Dili magpasakay inyung nga taxi driver! Naabtan na meg 2 ka oras!!,v2.6.2,2014-12-19T10:22:05Z,1
A Google user,Why can't I login using my phone number?,,2021-01-15T04:44:56Z,2
A Google user,"Traveling around town using this is really quick and easy. However, sometimes when I need to go long distances, no drivers accepted my request.",v3.2.3,2015-08-27T15:10:19Z,5
A Google user,super,5.34.0,2019-03-26T12:27:29Z,1
A Google user,Cant open this app... Why?,5.112.0,2021-01-07T04:32:07Z,1
A Google user,Great app for getting around. Makes me feel safe as a solo female traveler.,5.54.2,2019-07-21T05:14:32Z,5
A Google user,Prefer to hv 1 code for the disc. Thx,v2.7.1,2015-04-21T06:36:31Z,4
A Google user,Always a very good trip for me.,5.50.0,2019-06-26T12:45:05Z,5
A Google user,very convenient and good service,5.48.1,2019-06-13T12:49:57Z,5
A Google user,nice app.. need more stop over points,5.48.1,2019-06-14T02:14:02Z,5
A Google user,Impossible to contact the help center.,5.158.0,2021-07-21T01:56:36Z,1
A Google user,penghantaran cepat,5.219.0,2022-11-05T13:02:11Z,5
A Google user,Thank you! As always you never fail,5.150.0,2021-05-28T10:52:25Z,5
A Google user,"At first i was a fan of grab because i know i could always rely on it if i have a hard time finding a ride. But then lately, it would take more than an hour just to book a ride because drivers kept cancelling. Much worse is the fact that if your booking do get accepted, after waiting for almost an hour, drivers would cancel at the last minute, making you waste precious minutes of your time.",4.44.1,2018-03-16T11:15:37Z,1
A Google user,great experience,5.69.1,2019-11-05T05:16:54Z,5
A Google user,When can we use GCredit on this App?,5.265.0,2023-08-07T12:19:28Z,4
A Google user,Don't have grab calculation,5.64.0,2019-10-04T03:52:29Z,1
A Google user,"Love it, many Things awesome",,2021-08-21T14:30:30Z,5
A Google user,Why I can't buy top up via grab wallet??,,2020-08-03T07:12:05Z,2
A Google user,Fast travel,5.75.0,2020-11-08T06:36:05Z,5
A Google user,cute,5.167.0,2021-09-24T07:44:30Z,5
A Google user,The app asked me to update my address but now its not even in the list. Tried the nearest addresses but its not working and I can assure you my GPS was on. Im probably just gonna use a different delivery app until this is fixed?,5.52.1,2021-07-25T07:11:59Z,1
A Google user,Hard to book sometime,5.14.1,2018-11-10T07:48:44Z,5
A Google user,"Need to be able to rate drivers, one said it would be 5 min and took 30 min. This affected my meetings and had to find alternate transport.",v2.5.3,2014-05-22T01:03:42Z,3
A Google user,Typing my destination address on the map took me to a different place. Can't exactly select my home location it jumps about 20 meter from the exact location.,,2019-11-04T10:41:12Z,4
A Google user,aman mudah sangat membantu pokoknya,5.55.1,2019-08-05T16:29:55Z,5
A Google user,good.. really help,5.36.3,2019-03-30T14:55:28Z,5
A Google user,CANT LOG IN AND I DONT KNOW WHY!,,2020-04-08T16:06:11Z,1
A Google user,"Mohon maaf, akun saya di suspend tanpa ada alasan yang diberikan. Membuat saya kesusahan untuk log in kembali. Mohon bantuannya, trimakasih.",5.184.0,2022-01-15T12:03:50Z,2
A Google user,"Grab app cancels booking even after accepted. Very frustrating to both drivers and customer using this service. Sometimes wrong location shown despite the correct location and GPS turned on. Edit: App no longer causes problems most of the time, but... Now I can't use grab credit. Also display ""unavailability in region"". Problematic. Still lot of credit left.",5.12.1,2018-09-30T23:54:07Z,1
A Google user,"so many promos, terbaiklah",5.47.1,2019-06-08T11:53:46Z,5
A Google user,สะดวก ส่วนลดดี ชอบมากค่ะ,5.41.0,2019-05-29T04:27:38Z,5
A Google user,"Enjoy using it, it's a useful apps. However, there is an issue I face where the apps unable to load when connected to wifi. Payment, ewallets not reflecting and the apps appear continuously loading and failed to connect. I only able to get it working when I switch to data. It seems the latest apps patching causing the apps unstable when connected to wifi. I don't seem to have any issue with every other apps except grab.",5.177.300,2021-12-07T16:03:56Z,3
A Google user,After update.. i can not see my notification.. only white blank...Please fix bugs..,4.17.0,2017-01-14T02:19:50Z,1
A Google user,Excellent overall but the promo codes for mine is a little wonky,4.23.1,2017-03-21T23:51:45Z,4
A Google user,"So not stable for d new version. Need to uninstall & reinstall again & again. Cannot type d desired originated location, but not updated as per gps, not friendly for travelers between cities.Why must follow gps area, can't user just types d general accepted location. Some more, app not functioning after reinstalled.",5.11.1,2018-10-01T00:07:02Z,1
A Google user,Can't even Google search my location in jb,,2018-08-17T12:51:24Z,2
A Google user,Always need to update everytime tu use it,5.107.0,2020-10-20T23:44:41Z,1
A Google user,I cannot update the app so i removed it...now i cant install..what to do next?,5.245.0,2023-08-05T06:34:04Z,5
A Google user,Cheaper than competitors Better service,5.184.0,2022-01-19T14:23:16Z,4
A Google user,No longer wish to order food from grab. Keep delaying until cancelled the foods order,5.199.0,2022-05-07T07:35:35Z,1
A Google user,update promonya ga bisa di kota tempat kita berkunjung. sudah 6 hari di berlibur tp tetap dapat promo dari kota asal,5.21.0,2019-06-28T05:14:31Z,3
A Google user,Tolong odd even policynya diperhatikan lagi yaa,5.272.0,2023-10-27T08:58:44Z,4
A Google user,pokoknya ok,5.50.0,2019-06-28T05:02:09Z,5
A Google user,"Useless app, never works. The one time I manage to get a driver on grab food. Suddenly the order says ""completed"" and all contact with the driver is cut off, when no food has been sent. Unreliable. Also the menus language cannot be changed which also complicates things ALOT.",5.55.1,2019-08-12T13:25:41Z,1
A Google user,not sure,5.58.1,2019-08-23T22:30:42Z,3
A Google user,"Bagian positifnya: 1. Diskonan makanannyq lumayan, tapi makin kecil tiap tahunnya Negatifnya: 1. Gps is bad. Jadi gerbang di rumahku ditutup, jadi makanan yang cuman .3km harus muter dulu jadi sekitar 2km an. Tapi biaya distancenya tetep .3km, jadi para driver pada gak mau buat ngambil atau muter... 2. Drivernya foodnya limited dibandingkan aplikasi sebelah, jadinya kadang"" gak bakal dapat driverfood 3. Sortingnya jelek. Gak ada sorting by delivery price 4. Gak bisa blacklist resto ama driver",5.127.0,2020-12-30T23:06:53Z,3
A Google user,"app fails to work on Galaxy S10, so it's back to taxis",5.45.1,2019-05-22T13:10:51Z,1
A Google user,Ngày càng bắt chẹt người dùng,5.209.0,2022-07-16T08:40:44Z,1
A Google user,Very fast solution,5.74.1,2019-12-09T03:53:34Z,5
A Google user,Fast food good delicious and safe delivery,5.118.0,2021-03-30T11:18:17Z,5
A Google user,Is good,,2017-11-26T10:08:42Z,5
A Google user,"Great app so far, good interface and easy to use",5.164.0,2021-09-02T12:45:47Z,5
A Google user,great services,5.22.1,2018-12-31T00:38:43Z,5
A Google user,life changing apps.,5.47.1,2019-06-06T04:55:20Z,5
A Google user,Thank you Grab,4.42.1,2018-01-12T10:26:39Z,5
A Google user,Friendly apps,5.137.0,2021-02-27T15:12:12Z,5
A Google user,User friendly app,4.32.1,2017-08-14T05:04:10Z,5
A Google user,After moving over to Grab app platform Grabfood does not allow me to create a new order UNTIL the previous order is delivered. Please fix this.,5.49.0,2019-06-11T11:19:38Z,1
A Google user,I've tried using this for almost 3 weeks and have not been successful in getting a cab,v2.0,2014-02-21T07:49:25Z,3
A Google user,"For gods sake, how hard is it to get English on the food app? you're missing out SO many customers.f",5.36.3,2019-04-02T16:03:07Z,1
A Google user,"Ordered food. Half an hour later, told me that the order was delayed. Delay was extended after another half an hour. An hour and a half later, order gets cancelled by Grab.",5.230.0,2022-12-11T10:33:09Z,1
A Google user,amazingly convinience,5.55.1,2019-08-07T11:23:17Z,5
A Google user,Grab for business is terrible!,5.177.300,2021-12-03T08:23:05Z,1
A Google user,Convenient and fast,5.79.0,2020-01-20T07:28:39Z,5
A Google user,vff,5.176.0,2021-11-26T05:05:52Z,3
A Google user,This kind of app. Is so helpful to us.,v2.7.3,2015-05-13T00:57:28Z,5
A Google user,says Sun a,5.41.0,2019-06-09T12:17:54Z,5
A Google user,Grab the best :))),,2019-06-19T11:24:56Z,5
A Google user,"Jeremy is a super person, excellent driving skills.",5.266.0,2023-08-22T10:57:28Z,5
A Google user,PUAS,4.14.1,2016-11-17T07:30:51Z,5
A Google user,An excellent transport... A great help to us who dnt drive. Tnx,4.42.1,2018-01-24T11:50:16Z,5
A Google user,Goooddd......,5.23.1,2018-12-17T00:09:07Z,5
A Google user,"good,app lots of diskon",5.50.0,2019-08-10T05:44:26Z,5
A Google user,Males banget pas laper malah error cuma putih doang pdhal net di semua app lain kalah hadeh,5.196.0,2022-04-09T00:14:56Z,3
A Google user,good ap,5.46.1,2019-05-30T09:26:49Z,5
A Google user,excellent software,5.49.0,2019-06-24T11:57:08Z,5
A Google user,"You took my 2500 php and refuse to return it back. It has been a month now and we are just going around in circles. Mind you, I may be just one user but I will make sure that all my family and friends is aware of what you are doing. You will lose more customers in the future.",5.233.2,2022-12-23T12:10:22Z,1
A Google user,Nice and comportable,,2019-10-27T20:10:15Z,5
A Google user,Where do I find the transfer tile to transfer my money to bank account??,5.103.0,2020-07-01T08:30:12Z,3
A Google user,its important,4.24.1,2017-05-04T02:48:43Z,5
A Google user,"I am usually able to get a car within 6-7 minutes. Drivers are careful, professional and usually fairly familiar with the roads.",4.6.2,2016-06-29T08:55:47Z,5
A Google user,Good and helpful!,5.69.1,2019-11-11T12:06:20Z,5
A Google user,"Dear grab , please help me to delete my account. I have deleted my old email address and it seems i can't log in or sign in a new account due to my phone number being link to my old email. Can you please help me to settle this problem or delete my account ?",5.163.0,2021-08-28T07:50:28Z,1
A Google user,Wala wenta,5.180.0,2021-12-29T12:41:01Z,1
A Google user,very reliable and accurate,5.57.0,2019-08-12T08:05:29Z,5
A Google user,good and improving,5.46.1,2019-05-30T08:00:27Z,4
A Google user,like no,,2018-11-03T16:12:38Z,5
A Google user,Too much time wasting for my order to be accepted and in the end it was cancelled 3x,5.274.0,2023-10-06T11:05:44Z,1
A Google user,good service. price become high at ERP and peak time.,5.48.1,2019-06-13T05:32:51Z,5
A Google user,Sever's error,,2020-01-25T02:43:51Z,1
A Google user,"Ever since this latest update, it crashes like mad on my phone. And i've been using grab for YEARS before and this phone is only. A year and a half old so don't try to tell me that my phone is the problem.",5.01.0,2018-07-24T06:26:47Z,2
A Google user,"Great app bad customer service.. Drivers asked me to cancel my request but I got ban instead. Asked for appeal via online form then got automatic message about me ""breaching"" T & C. The customer service is none existent and they treat their customers like garbage. EDIT : apparently the FRAUD TEAM accused of me fraud meanwhile I only used the app for a couple of times only. I hope your team do a better investigation and lastly I hope this company fail miserably in the near future.",5.14.1,2018-11-06T01:34:44Z,1
A Google user,Oh,,2017-09-15T11:53:44Z,3
A Google user,so bad,,2019-05-17T03:04:42Z,1
A Google user,Unique packing. Tasty spaghetti.,5.247.0,2023-04-05T11:08:42Z,5
A Google user,It would be better if the users can contact the merchant for special requests such as Official Receipt reques and such. As the chat can only be initiated if the merchant started the conversation.,5.241.0,2023-02-23T15:38:51Z,2
A Google user,Why cant I change my phone number in my profile?,5.21.0,2018-12-03T08:47:09Z,3
A Google user,Glad that grab makes people's life convenient. Kudos!,5.151.0,2021-06-02T03:21:20Z,5
A Google user,Disruptive technology that can change the face of the taxi business,v2.5.10,2014-10-03T15:05:11Z,5
A Google user,bulok ang SERVICE WALA KWENTA KUNG MERON LANG IBA NA PWEDE APP D ako matiyaga dito BASURA!!!!!,5.34.0,2019-03-09T05:21:26Z,1
A Google user,app. is working but where is the scheduler ...,5.100.0,2020-06-14T07:19:46Z,3
A Google user,promos... discounts... and many more... thx a lot,5.165.0,2021-09-12T08:27:25Z,5
A Google user,Gk pelit diskon sama voucher keren bgt,5.237.0,2023-04-01T03:17:53Z,5
A Google user,My location is not correctly with map...,5.51.0,2019-07-29T12:20:14Z,4
A Google user,"Time to time rides are expensive, but glad they give options to make rides more affordable for passengers such as grab share and hitch! Great app with good drivers, feel safe everytime!",5.60.0,2019-09-20T15:43:11Z,4
A Google user,System always got error,4.20.0,2017-03-12T14:52:40Z,3
A Google user,best apps,5.47.1,2019-06-08T06:06:53Z,5
A Google user,It is agood app,,2019-04-22T01:40:17Z,5
A Google user,so far so gud,5.71.0,2019-12-09T08:31:21Z,3
A Google user,Daftar aja belum udh di suspend_- klo udh bisa masuk aku kasih bintang 5.,5.55.1,2019-07-30T22:03:41Z,1
A Google user,"if the discount coupon able auto show up when make payment, more convenient for customer",5.167.0,2021-09-25T11:52:15Z,3
A Google user,"one word, convenient",5.48.1,2019-06-15T08:53:37Z,5
A Google user,"Akun di blok gara2 driver ga mau jemput dan cancel booking. Seharusnya Grab cek dulu dong, jangan main blok gitu.",5.49.0,2019-06-21T12:41:21Z,5
A Google user,Very helpful app especially in rush hours. GOOD JOB!,v3.2.5,2015-10-07T05:56:12Z,5
A Google user,Why I can't sign in tu the grab?????,5.06.0,2018-08-21T07:56:12Z,1
A Google user,"The app is mature and is user friendly. In term of service, the drivers are well-mannered. Fave!",v2.7.3,2015-06-16T07:26:55Z,5
A Google user,Makasih,5.74.1,2019-12-11T07:18:21Z,5
A Google user,Terrible grab driver !! 1. Speeding when exiting highway and nearly hit the car from the side lane. 2. Passenger car seat torn. 3. Windshield got cockroach walking up n down 4. Car got 1 kind of smell,5.76.0,2019-12-25T15:13:07Z,1
A Google user,It's a good app,v2.5.5,2014-06-30T08:06:07Z,5
A Google user,WHY I CANT DOWNLOAD THIS :((,,2021-09-10T03:13:05Z,5
A Google user,Why is my account suspended urgh!i need a taxi urgently but my account is suspended THANK U VERY MUCH,,2016-07-17T00:27:11Z,1
A Google user,I did top-up my money in grab and it doesn't appear the total amount that I top-up AND I DID TWICE AND NOW I LOST MY RM40 IT'S SCAM ME!!!,,2023-07-18T05:52:22Z,1
A Google user,clean n quiet,5.253.0,2023-05-22T06:20:59Z,5
A Google user,Good for my trip,4.6.4,2016-12-29T12:19:23Z,5
A Google user,Very convenient and easy to use.,,2021-03-19T01:41:05Z,5
A Google user,Thumbs up,5.111.0,2020-08-29T15:48:29Z,5
A Google user,I cannot download this app.. so many times i try its same happen..,,2021-05-27T22:20:00Z,1
A Google user,Maps need to be properly updated. Cannot input the destination that I want to go to even though it's showing on the map and I've been to that place many times before. They removed that place. Happens all the time.,5.141.0,2021-03-29T01:18:01Z,1
A Google user,GGWP,5.14.1,2018-12-04T13:02:19Z,5
A Google user,loved it,,2016-05-05T04:09:29Z,5
A Google user,thanks grab..i love this app,5.49.0,2019-06-16T10:51:57Z,5
A Google user,"So, you book A taxi and he vanishes. Then system goes blank. Cannot even complain. Still some teething issues in what usually works...apart from tonight. Quite frustrating to see drive go by and then lose his number.",v2.0,2014-03-04T15:16:46Z,1
A Google user,Can't logged in using existing account. The only way to logged in after reinstalling is by registering as new user,4.24.0,2017-03-30T05:41:48Z,2
A Google user,You should give us RM150 e-pemula THROUGH YOUR GRAB PAY NOT GIVING US FREAKING USELESS VOUCHERS. Nak guna tapi kena keluarkan duit sendiri that's so nonsense. That's our money and it's up to us to spend how much that we want.,5.190.0,2022-04-11T14:20:18Z,1
A Google user,most partner drivers are courteous,5.132.0,2021-01-20T11:21:42Z,5
A Google user,Good service .,,2019-09-09T11:07:38Z,5
A Google user,No dark mode. So fail.,5.161.0,2021-08-10T16:45:05Z,1
A Google user,service good n respone faster,5.180.0,2022-02-25T01:24:35Z,5
A Google user,R?AWAZŔŔA5Ra,,2023-03-08T02:51:03Z,4
A Google user,not users friendly difficult to find location,5.46.1,2019-05-30T14:32:53Z,1
A Google user,Ada beberapa yg mengecewakan.. tapi banyak yg baik dari sisi service. Saya banyak mengandalkan layanan dari grab. Keep improve ya,5.160.0,2021-08-04T07:07:16Z,5
A Google user,Good and husyle free,,2020-09-05T02:53:19Z,4
A Google user,Legit nad trusted,5.73.1,2020-06-09T12:29:25Z,5
A Google user,Pls dont eat my RM12 paying for what??? You deduct it from my bank without any info since last week youve been eat my 12 ringgit,,2019-04-25T07:50:27Z,1
A Google user,"This app has served me more reliably than Uber while I've been in the Philippines. Really too bad I won't have it in the US. Great rates and driver accountability, I strongly suggest this app for your ride-hailing needs while in South East Asia.",4.43.1,2018-01-27T22:43:03Z,5
A Google user,There are some driver who is not given their photos on their account. Please advice them to put their exact photos. Thanks.,4.23.1,2017-03-24T01:54:20Z,5
A Google user,"anyone Indonesian?? kenapa saya asik kena suspend y? saya jarang2 pakai karena di luar kota, klo ke medan atau luar negeri br saya pakai, pas mo buka kena suspend truz.. tolong di bantu",5.27.0,2019-01-14T14:28:21Z,1
A Google user,mabilis ang delivery ❣️❣️❣️,5.250.1,2023-04-26T04:58:28Z,5
A Google user,Hassle free,5.149.1,2021-05-20T15:18:36Z,5
A Google user,To late respond and no immediate action.,5.217.0,2022-09-23T04:45:16Z,1
A Google user,Cannot be download,5.57.0,2019-09-07T10:25:04Z,1
A Google user,Perfect timing,5.60.0,2019-09-21T09:57:57Z,5
A Google user,Sensational!,5.59.0,2019-10-05T13:52:51Z,5
A Google user,"Everytimes when i open the apps it will take 1minutes to loading, sometimes it will make my whole phone freeze and error! Never in once i can open the apps smoothly without problem!",,2019-03-22T04:48:34Z,1
A Google user,pop,,2019-11-08T02:24:32Z,5
A Google user,Be honest all the time,,2022-10-21T16:14:23Z,5
A Google user,Semoga sering2 promo biar sering pakai,5.03.2,2019-08-14T02:35:23Z,5
A Google user,"Why this new updated version unable to book car for delivery?just offering me with a cycle.i am using this app almost everyday to send my parcel and sometime until twice and more i am ordering the runner a day..thank god i am just detect the problem while checking the rate, not the time where i really need a runner on the spot",5.140.0,2021-03-15T10:51:48Z,1
A Google user,"enable multi order feature , sometimes it got useful when we order for family friend and etc.",,2019-09-13T20:49:59Z,4
A Google user,The price when there's rain is crazyyyyyy.,5.45.1,2019-06-03T07:02:49Z,2
A Google user,"An Ad will show in the main screen everytime you open the app. After viewing, it will close the entire app and will require you to reopen the app. THIS IS SUPER ANNOYING!",5.01.0,2018-07-21T11:42:03Z,1
A Google user,grabhitch is share or personal? first time i book hitch was i one person. second time book driver say only can take one person? and is like totally waste of time. and now i cant book for grab. such a useless app waste time.,4.29.0,2017-06-23T16:32:12Z,1
A Google user,Piye iki,5.36.3,2019-04-16T02:44:40Z,5
A Google user,allgoods❤,5.189.0,2022-02-21T19:09:20Z,5
A Google user,Kadang peta memakai rute memutar,5.71.0,2019-11-21T09:14:24Z,4
A Google user,Satisfied cx,5.154.0,2021-08-10T03:01:46Z,5
A Google user,This app is insane. Have to literally update daily.,5.120.0,2020-10-30T03:04:21Z,1
